-- phpMyAdmin SQL Dump
-- version 4.0.10deb1
-- http://www.phpmyadmin.net
--
-- Host: localhost
-- Generation Time: May 08, 2015 at 12:59 PM
-- Server version: 5.5.43-0ubuntu0.14.04.1
-- PHP Version: 5.5.9-1ubuntu4.9

SET SQL_MODE = "NO_AUTO_VALUE_ON_ZERO";
SET time_zone = "+00:00";


/*!40101 SET @OLD_CHARACTER_SET_CLIENT=@@CHARACTER_SET_CLIENT */;
/*!40101 SET @OLD_CHARACTER_SET_RESULTS=@@CHARACTER_SET_RESULTS */;
/*!40101 SET @OLD_COLLATION_CONNECTION=@@COLLATION_CONNECTION */;
/*!40101 SET NAMES utf8 */;

--
-- Database: `bd_fatec`
--

-- --------------------------------------------------------

--
-- Table structure for table `alunos`
--

CREATE TABLE IF NOT EXISTS `alunos` (
  `id_aluno` int(10) unsigned NOT NULL AUTO_INCREMENT,
  `matricula` int(11) NOT NULL,
  `nome_aluno` varchar(150) NOT NULL,
  `tag_aluno` varchar(30) DEFAULT NULL,
  `email` varchar(60) NOT NULL,
  `login` varchar(60) NOT NULL,
  `senha` varchar(100) NOT NULL,
  `cpf` int(11) NOT NULL,
  PRIMARY KEY (`id_aluno`,`matricula`),
  UNIQUE KEY `nome_aluno` (`nome_aluno`),
  UNIQUE KEY `matricula` (`matricula`)
) ENGINE=InnoDB   AUTO_INCREMENT=97 ;

--
-- Dumping data for table `alunos`
--

INSERT INTO `alunos` (`id_aluno`, `matricula`, `nome_aluno`, `tag_aluno`, `email`, `login`, `senha`, `cpf`) VALUES
(1, 15726, 'ABNER BORDA FONSECA', NULL, '', '', '', 0),
(2, 15722, 'ADRIAN RUBILAR LEMES CAETANO', NULL, '', '', '', 0),
(3, 20569, 'ALEXANDRE GABIATTI VIEIRA', NULL, '', '', '', 0),
(4, 16049, 'ALEXSANDRO GIOVANNI DA SILVA DIAS', NULL, '', '', '', 0),
(5, 20628, 'ANA CARLA MESSIAS DE MOURA', NULL, '', '', '', 0),
(6, 20531, 'ANGELO VICTOR ISRAEL MUNIZ', NULL, '', '', '', 0),
(7, 20579, 'BRUNO DA SILVA BRIXIUS', NULL, '', '', '', 0),
(8, 17486, 'CRISTIANO DE MOURA', NULL, '', '', '', 0),
(9, 20624, 'DANIEL OLIVEIRA RODRIGUES', NULL, '', '', '', 0),
(10, 15717, 'DIONATA LEONEL MACHADO FERRAZ', NULL, '', '', '', 0),
(11, 14186, 'DOUGLAS COSTA DA ROCHA', NULL, '', '', '', 0),
(12, 17509, 'FABIANO BORBA VIANA FEIJÓ', NULL, '', '', '', 0),
(13, 19024, 'FELIPE DA SILVA PACHECO', NULL, '', '', '', 0),
(14, 19026, 'FERNANDO LEITE SZEZECINSKI', NULL, '', '', '', 0),
(15, 15639, 'GUILHERME PEREIRA SILVEIRA', NULL, '', '', '', 0),
(16, 19020, 'LEONARDO GOMES MONTEIRO MIGUEIS CERQUEIRA', NULL, '', '', '', 0),
(17, 8059, 'LOGAN OLIVEIRA LOUREIRO', NULL, '', '', '', 0),
(18, 15701, 'NÍKOLAS MARTINS VARGAS', NULL, '', '', '', 0),
(19, 15719, 'PEDRO LUIZ SROCZYNSKI', NULL, '', '', '', 0),
(20, 13886, 'RAFAEL LOPES SANTOS', NULL, '', '', '', 0),
(21, 17513, 'RENAN AGUIAR OLIVEIRA', NULL, '', '', '', 0),
(22, 15737, 'STEFANI SILVA DE LIMA', NULL, '', '', '', 0),
(23, 20619, 'VITHOR SAMPAIO MARQUES', NULL, '', '', '', 0),
(24, 20580, 'VITOR DA SILVA BRIXIUS', NULL, '', '', '', 0),
(25, 16102, 'WELLYNTON LOPES TOZON', NULL, '', '', '', 0),
(26, 20537, 'WILLIAN FERREIRA PEIXOTO', NULL, '', '', '', 0),
(29, 20525, 'ALAN PINHEIRO DOS SANTOS', NULL, '', '', '', 0),
(32, 20565, 'ANDERSON GUIMARAES MACHADO', NULL, '', '', '', 0),
(34, 20635, 'ARTHUR HENRIQUE MENDES BERTE', NULL, '', '', '', 0),
(35, 20532, 'CASSIO LANGLOIS MACHADO', NULL, '', '', '', 0),
(37, 20562, 'DEIVIDI OLIVEIRA DA SILVA', NULL, '', '', '', 0),
(41, 20529, 'FRANCISCO PEDRO FERNANDES ALMEIDA', NULL, '', '', '', 0),
(42, 5901, 'GABRIEL GONÇALVES STANOSKI', NULL, '', '', '', 0),
(43, 20566, 'GUILHERME DOS SANTOS SILVA', NULL, '', '', '', 0),
(45, 20522, 'JHONATAS DAVI DE SOUZA', NULL, '', '', '', 0),
(47, 20570, 'LEONARDO NUNES', NULL, '', '', '', 0),
(49, 20519, 'LUCIANO GAMA MEDEIROS', NULL, '', '', '', 0),
(50, 20512, 'LUIZ CARLOS TORRES DE CASTILHOS', NULL, '', '', '', 0),
(53, 20505, 'RAFAEL CAMMARANO GUGLIELMI', NULL, '', '', '', 0),
(55, 21365, 'BEATRICE VICTORIA FERNANDES', NULL, '', '', '', 0),
(56, 21367, 'BRUNO PRATES BOFF', NULL, '', '', '', 0),
(57, 258, 'FAGNER DAVID NUNES', NULL, '', '', '', 0),
(58, 21391, 'FELIPE AMANCIO VIEIRA', NULL, '', '', '', 0),
(59, 21364, 'GREGORY PITTOL BORIN', NULL, '', '', '', 0),
(60, 21393, 'GUILHERME NEUMANN', NULL, '', '', '', 0),
(61, 23090, 'JULIANO ANTÔNIO DA ROSA SOARES', NULL, '', '', '', 0),
(64, 14216, 'ROBSON LUIS RAMOS', NULL, '', '', '', 0),
(65, 23301, 'NATANIEL LEONAM  DA COSTA GOMES', NULL, '', '', '', 0),
(96, 22967, '0', NULL, '', '', '', 0);

-- --------------------------------------------------------

--
-- Table structure for table `alunos_turmas`
--

CREATE TABLE IF NOT EXISTS `alunos_turmas` (
  `Alunos_id_aluno` int(10) unsigned NOT NULL,
  `Turmas_id_turma` int(10) unsigned NOT NULL,
  `Alunos_matricula` int(11) NOT NULL,
  `status_aluno` varchar(30) DEFAULT NULL,
  PRIMARY KEY (`Alunos_id_aluno`,`Turmas_id_turma`,`Alunos_matricula`),
  KEY `Alunos_has_Turmas_FKIndex1` (`Alunos_id_aluno`,`Alunos_matricula`),
  KEY `Alunos_has_Turmas_FKIndex2` (`Turmas_id_turma`),
  KEY `Alunos_matricula` (`Alunos_matricula`)
) ENGINE=InnoDB ;

--
-- Dumping data for table `alunos_turmas`
--

INSERT INTO `alunos_turmas` (`Alunos_id_aluno`, `Turmas_id_turma`, `Alunos_matricula`, `status_aluno`) VALUES
(1, 1, 15726, 'cancelado'),
(1, 2, 15726, NULL),
(1, 7, 15726, 'cancelado'),
(2, 1, 15722, NULL),
(2, 2, 15722, NULL),
(3, 1, 20569, NULL),
(3, 2, 20569, NULL),
(3, 3, 20569, NULL),
(3, 5, 20569, NULL),
(3, 7, 20569, NULL),
(4, 1, 16049, NULL),
(5, 1, 20628, NULL),
(5, 2, 20628, NULL),
(5, 7, 20628, NULL),
(6, 1, 20531, NULL),
(6, 2, 20531, NULL),
(6, 5, 20531, NULL),
(6, 7, 20531, NULL),
(7, 1, 20579, NULL),
(8, 1, 17486, NULL),
(9, 1, 20624, 'cancelado'),
(9, 2, 20624, NULL),
(9, 7, 20624, 'cancelado'),
(10, 1, 15717, NULL),
(10, 2, 15717, NULL),
(10, 7, 15717, NULL),
(11, 1, 14186, NULL),
(11, 2, 14186, NULL),
(11, 5, 14186, 'cancelado'),
(12, 1, 17509, 'cancelado'),
(13, 1, 19024, 'cancelado'),
(14, 1, 19026, NULL),
(14, 2, 19026, NULL),
(14, 7, 19026, NULL),
(15, 1, 15639, NULL),
(15, 2, 15639, NULL),
(15, 5, 15639, NULL),
(16, 1, 19020, NULL),
(16, 2, 19020, NULL),
(16, 3, 19020, NULL),
(16, 7, 19020, NULL),
(17, 1, 8059, NULL),
(17, 2, 8059, NULL),
(18, 1, 15701, NULL),
(18, 2, 15701, NULL),
(18, 5, 15701, NULL),
(18, 7, 15701, NULL),
(19, 1, 15719, NULL),
(19, 2, 15719, NULL),
(19, 5, 15719, NULL),
(19, 7, 15719, NULL),
(20, 1, 13886, NULL),
(20, 3, 13886, NULL),
(21, 1, 17513, NULL),
(22, 1, 15737, NULL),
(22, 2, 15737, NULL),
(22, 5, 15737, NULL),
(22, 7, 15737, NULL),
(23, 1, 20619, NULL),
(24, 1, 20580, NULL),
(25, 1, 16102, NULL),
(25, 2, 16102, NULL),
(25, 5, 16102, NULL),
(25, 7, 16102, NULL),
(26, 1, 20537, NULL),
(26, 2, 20537, NULL),
(26, 5, 20537, NULL),
(29, 2, 20525, 'cancelado'),
(32, 2, 20565, NULL),
(34, 2, 20635, NULL),
(35, 2, 20532, 'cancelado'),
(37, 2, 20562, 'cancelado'),
(41, 2, 20529, 'cancelado'),
(42, 2, 5901, 'cancelado'),
(43, 2, 20566, 'cancelado'),
(45, 2, 20522, 'cancelado'),
(47, 2, 20570, 'cancelado'),
(49, 2, 20519, 'cancelado'),
(50, 2, 20512, 'cancelado'),
(53, 2, 20505, NULL),
(55, 3, 21365, NULL),
(56, 3, 21367, 'cancelado'),
(57, 3, 258, NULL),
(58, 3, 21391, NULL),
(58, 6, 21391, NULL),
(59, 3, 21364, NULL),
(59, 6, 21364, NULL),
(60, 3, 21393, NULL),
(60, 6, 21393, 'cancelado'),
(61, 3, 23090, NULL),
(64, 3, 14216, NULL),
(65, 3, 23301, NULL);

-- --------------------------------------------------------

--
-- Table structure for table `aulas_conteudos`
--

CREATE TABLE IF NOT EXISTS `aulas_conteudos` (
  `id_aula` int(10) unsigned NOT NULL AUTO_INCREMENT,
  `Data_aula_data_aula` date NOT NULL,
  `Data_aula_id_data` int(10) unsigned NOT NULL,
  `Turmas_id_turma` int(10) unsigned NOT NULL,
  `conteudo_atividade_aula` varchar(600) DEFAULT NULL,
  `ensino_a_distancia` tinyint(1) DEFAULT NULL,
  `obs` varchar(600) DEFAULT NULL,
  `status_aula` tinyint(1) DEFAULT NULL,
  PRIMARY KEY (`id_aula`),
  KEY `Aulas_conteudos_FKIndex1` (`Turmas_id_turma`),
  KEY `Aulas_conteudos_FKIndex2` (`Data_aula_id_data`,`Data_aula_data_aula`)
) ENGINE=InnoDB   AUTO_INCREMENT=142 ;

--
-- Dumping data for table `aulas_conteudos`
--

INSERT INTO `aulas_conteudos` (`id_aula`, `Data_aula_data_aula`, `Data_aula_id_data`, `Turmas_id_turma`, `conteudo_atividade_aula`, `ensino_a_distancia`, `obs`, `status_aula`) VALUES
(1, '2014-08-05', 1, 1, 'Introdução a disciplina. Plano de ensino. Situação do tema banco de dados dentro da computação. Arquivos convencionais, problemas; conceitos de banco de dados (BD) e SGBD: noções gerais de um sistema de BD; arquitetura de SGBD; gerência de bancos funções básicas de SGBD; usuários de BD;', 0, '', 0),
(2, '2014-08-12', 2, 1, 'Abstração de dados.  Modelo conceitual; modelo lógico; modelo físico. Introdução a modelagem conceitual.  modelo de dados entidade relacionamento (ER)', 0, '', 0),
(3, '2014-08-19', 3, 1, 'Modelagem conceitual: objetivos; propriedades de um modelo conceitual; notações. Estudo de caso.', NULL, NULL, NULL),
(4, '2014-08-26', 4, 1, 'modelagem conceitual (mecanismos de abstração; classificação/instanciação; generalização/especialização;). Exercícios de fixação. Descrição do trabalho G1.', NULL, NULL, NULL),
(5, '2014-09-02', 5, 1, 'Modelagem conceitual (restrições de integridade, construtores, notação diagramática, semelhanças e diferenças entre modelos conceituais).', NULL, NULL, NULL),
(6, '2014-09-09', 6, 1, 'Projeto de banco de dados (transformação de diagramas  conceituais para modelos de banco de dados I ). Exercícios práticos.', NULL, NULL, NULL),
(7, '2014-09-16', 7, 1, 'Projeto de banco de dados (transformação de diagramas conceituais para modelos de bancos de dados II). Exercícios práticos.', NULL, NULL, NULL),
(8, '2014-09-23', 8, 1, 'Apresentação dos trabalhos. Revisão do conteúdo para a avaliação. Exercícios práticos.', NULL, NULL, NULL),
(9, '2014-09-30', 9, 1, 'Avaliação teórica/prática grau 1.', NULL, NULL, NULL),
(10, '2014-10-07', 10, 1, 'Entrega das notas e correção da prova. Descrição do trabalho.Introdução à normalização de modelos.', NULL, NULL, NULL),
(11, '2014-10-14', 11, 1, 'Estudo de caso da normalização de modelos. Linguagem de definição de dados (DDL). Linguagem de modelagem de banco de dados.  Exercícios práticos.', NULL, NULL, NULL),
(12, '2014-10-21', 12, 1, 'Manipulação de dados (DML). Andamento do trabalho.', NULL, NULL, NULL),
(13, '2014-10-28', 13, 1, 'Restrições de integridade. Exercícios práticos.', NULL, NULL, NULL),
(14, '2014-11-04', 14, 1, '', NULL, NULL, NULL),
(15, '2014-11-11', 15, 1, '', NULL, NULL, NULL),
(16, '2014-11-18', 16, 1, '', NULL, NULL, NULL),
(17, '2014-11-25', 17, 1, '', NULL, NULL, NULL),
(18, '2014-12-02', 18, 1, '', NULL, NULL, NULL),
(19, '2014-12-09', 19, 1, '', NULL, NULL, NULL),
(20, '2014-12-16', 20, 1, '', NULL, NULL, NULL),
(21, '2014-02-20', 21, 2, 'Introdução aos SO''s: Apresentação da disciplina: conteúdo, metodologia de ensino, critérios de avaliação, cronograma, material apoio (livros).', NULL, NULL, NULL),
(22, '2014-02-27', 22, 2, 'Introdução aos Sistemas Operacionais: Estudo das definições de sistema operacional (SO), objetivos, visões.', NULL, NULL, NULL),
(23, '2014-03-06', 23, 2, 'Gerência de entrada e Saída: controle e gerenciamento realizado pelo sistema operacional: Multiprogramação.', NULL, NULL, NULL),
(24, '2014-03-13', 24, 2, 'Estudo dos tipos de sistemas operacionais: monoprogramáveis, multiprogramaveis e sistemas com múltiplos processadores.', NULL, NULL, NULL),
(25, '2014-03-20', 25, 2, 'Conceitos de Deadlock, prevenção e tratamento em Sistemas Operacionais.', NULL, NULL, NULL),
(26, '2014-03-27', 26, 2, 'Estudo das estruturas de um sistema operacional: sistemas monolíticos, sistemas em camadas e cliente/servidor.', NULL, NULL, NULL),
(27, '2014-04-03', 27, 2, 'Estudo dos sistemas multiprogramáveis: definição, conceitos, gerência de filas, tipos (cooperativa e preemptiva), proteção.', NULL, NULL, NULL),
(28, '2014-04-10', 28, 2, 'Estudo de processos: modelos de processos, estados de um process, mudanças de estados entre processos, subprocessos e threads.', NULL, NULL, NULL),
(29, '2014-04-17', 29, 2, 'Especificação de tarefas e prioridades.', NULL, NULL, NULL),
(30, '2014-04-23', 30, 2, 'Introdução a escalonadores', NULL, NULL, NULL),
(31, '2014-04-24', 31, 2, 'Atividades extraclasse: exercícios e trabalhos individuais.', NULL, NULL, NULL),
(32, '2014-05-08', 32, 2, 'Correção de exercício, revisão de conteúdo.', NULL, NULL, NULL),
(33, '2014-05-15', 33, 2, 'Avaliação de grau 1 (G1).', NULL, NULL, NULL),
(34, '2014-05-22', 34, 2, 'Analisar os resultados da avaliação G1. Gerência de processos: introdução, descritor de processo, controle de processos, processos de sistema, escalonamento de processos', NULL, NULL, NULL),
(35, '2014-05-29', 35, 2, 'Gerência de Memória: introdução, endereços lógicos e fisicos, formas de alicação, swapping.', NULL, NULL, NULL),
(36, '2014-06-05', 36, 2, 'Memória virtual: funcionamento da paginação por demanda, substituição de páginas, algoritmos de substituição de páginas, alocação de quadros, trashing.', NULL, NULL, NULL),
(37, '2014-06-12', 37, 2, 'Programação concorrente: definição, motivação, especificação de paralelismo, problema da seção crítica, semáforos, mensagens, visão geral e comparação, paralisação (deadlock).', NULL, NULL, NULL),
(38, '2014-06-26', 38, 2, 'Elaboração de exercícios e correção.', NULL, NULL, NULL),
(39, '2014-07-03', 39, 2, 'Sistema de Arquivos: Introdução, nomes de arquivos, comandos, árvore de diretórios do SO, discos (particionamento e formatação), acesso a arquivos, atributos, controle e gerenciamento.', NULL, NULL, NULL),
(40, '2014-07-04', 40, 2, 'Apresentação de trabalhos (estudo de caso) de sistemas operacionais.', NULL, NULL, NULL),
(41, '2014-07-10', 41, 2, 'Avaliação Grau 2. Divulgação de resultados parciais, revisão e prova de substituição. ', NULL, NULL, NULL),
(42, '2015-02-20', 42, 3, 'Introdução a disciplina. Plano de ensino. Situação do tema banco de dados dentro da computação. Arquivos convencionais, problemas; conceitos de banco de dados (BD) e SGBD: noções gerais de um sistema de BD; ', NULL, NULL, NULL),
(43, '2015-02-27', 43, 3, 'Arquitetura de SGBD; gerência de bancos funções básicas de SGBD; usuários de BD; Abstração de dados. modelo lógico; modelo físico.  Introdução a modelagem conceitual.  modelo de dados entidade relacionamento (ER). Processo de projeto e Implementação de BD. ', 0, '', 0),
(44, '2015-03-06', 44, 3, 'Modelos de dados; Modelagem conceitual: objetivos; propriedades de um modelo conceitual; notações. Modelo entidade relacionamento (ER); Agregação/Desagregação.  Estudo de caso.', NULL, NULL, NULL),
(45, '2015-03-13', 45, 3, 'Modelo de dados orientado a objetos (OO) , Modelagem conceitual (mecanismos de abstração; classificação/instanciação; generalização/especialização;).  Exercícios de fixação.', NULL, NULL, NULL),
(46, '2015-03-20', 46, 3, 'Restrições de integridade, Construtores, Notação diagramática, Semelhanças e diferenças entre modelos conceituais).', NULL, NULL, NULL),
(47, '2015-03-27', 47, 3, 'Projeto de banco de dados (transformação de diagramas  conceituais para modelos de banco de dados I ). Exercícios práticos.', NULL, NULL, NULL),
(48, '2015-04-10', 48, 3, 'Estudo de caso da normalização de modelos.', 0, '', 0),
(49, '2015-04-17', 49, 3, 'Revisão do conteúdo para a avaliação. Exercícios práticos.', 0, '', 0),
(50, '2015-04-20', 50, 3, 'Atividade Extraclasse:".Exercícios de normalização e revisão para prova"', 0, '', 0),
(51, '2015-04-24', 51, 3, 'Avaliação teórica/prática grau 1.', NULL, NULL, NULL),
(52, '2015-05-08', 52, 3, 'Entrega das notas e correção da prova. Descrição do trabalho. Linguagem de definição de dados (DDL). Linguagem de modelagem de banco de dados.', NULL, NULL, NULL),
(53, '2015-05-15', 53, 3, 'Linguagem de manipulação de dados (DML)  interativa.', NULL, NULL, NULL),
(54, '2015-05-22', 54, 3, 'Restrições de integridade. Exercícios práticos.', NULL, NULL, NULL),
(55, '2015-05-29', 55, 3, 'Linguagem de manipulação de dados embutida, restrições de integridade. Exercícios práticos.', NULL, NULL, NULL),
(56, '2015-06-05', 56, 3, 'Especificação de gatilhos, asserções e procedimentos. Exercícios práticos.', NULL, NULL, NULL),
(57, '2015-06-12', 57, 3, 'Álgebra relacional.', NULL, NULL, NULL),
(58, '2015-06-19', 58, 3, 'Revisão para prova G2.', NULL, NULL, NULL),
(59, '2015-06-26', 59, 3, 'Avaliação teórica/prática grau 2.', NULL, NULL, NULL),
(60, '2015-07-03', 60, 3, 'Entrega das notas e correção da prova.  Revisão para prova de substituição.', NULL, NULL, NULL),
(61, '2015-07-10', 61, 3, 'Prova de substituição. Entrega das notas finais e correção da prova.', NULL, NULL, NULL),
(82, '2015-02-25', 104, 5, 'Apresentação da disciplina. Introdução às técnicas de programação.', NULL, NULL, NULL),
(83, '2015-03-04', 105, 5, 'Orientação para projeto de classes', NULL, NULL, NULL),
(84, '2015-03-11', 106, 5, 'Programação por contratos ? parte 1: especificações de interface precisas e verificáveis dos componentes de desenvolvimento de software. Exercícios práticos.', NULL, NULL, NULL),
(85, '2015-03-18', 107, 5, 'Programação por contratos ? parte 2: especificações de interface precisas e verificáveis dos componentes de desenvolvimento de software. Exercícios práticos.', NULL, NULL, NULL),
(86, '2015-03-25', 108, 5, 'Introdução ao Teste do Software. Exercícios práticos. ', 0, '', 0),
(87, '2015-04-01', 109, 5, 'Teste de software: validação de comportamento e unidades de trabalho. Descrição do  trabalho a ser desenvolvido.', 0, '', 0),
(88, '2015-04-08', 110, 5, 'Ferramentas de apoio ao teste unitário (Junit). Exercícios práticos. ', 0, '', 0),
(89, '2015-04-15', 111, 5, 'Apresentação do trabalho e realização de um simulado referente ao G1.', 0, '', 0),
(90, '2015-04-22', 103, 5, 'Avaliação G1', 0, '', 0),
(91, '2015-04-29', 113, 5, 'Entrega das avaliações G1. Discussão das questões da prova. Programação concorrente: modelagem, threads, sincronização. Exercícios práticos.', NULL, NULL, NULL),
(92, '2015-05-06', 114, 5, 'Aula prática ? programação concorrente.', NULL, NULL, NULL),
(93, '2015-05-13', 115, 5, 'Programação concorrente: vivacidade e métodos protegidos. Descrição do trabalho G2.', NULL, NULL, NULL),
(94, '2015-05-20', 116, 5, 'Programação concorrente: objeto condição e propriedades de concorrência.', NULL, NULL, NULL),
(95, '2015-05-27', 117, 5, 'Arquitetura de Software: componentes do sistema e suas propriedades externas e seus relacionamentos com outros softwares.', NULL, NULL, NULL),
(96, '2015-06-03', 118, 5, 'Modelo de desenvolvimento em camadas: domínios.', NULL, NULL, NULL),
(97, '2015-06-10', 119, 5, 'Modelo de desenvolvimento em camadas: persistência e apresentação.', NULL, NULL, NULL),
(98, '2015-06-17', 120, 5, 'Apresentação do trabalho e revisão para a avaliação  referente ao G2', NULL, NULL, NULL),
(99, '2015-06-24', 121, 5, 'Avaliação G2', NULL, NULL, NULL),
(100, '2015-07-01', 122, 5, 'Entrega das notas G2. Revisão para prova de substituição. ', NULL, NULL, NULL),
(101, '2015-07-08', 123, 5, 'Aplicação da prova de substituição G1 ou G2. Entrega das notas. ', NULL, NULL, NULL),
(102, '2015-02-19', 83, 6, 'Plano de aula. Arquitetura de computadores. Conceitos de hardware e software. Sistemas numéricos de representação de dados e conversões. Exercícios', NULL, NULL, NULL),
(103, '2015-02-26', 84, 6, 'Álgebra booleana. Contextualização do curso de ADS. Disciplinas que compõem a ciência da computação. Exercícios', NULL, NULL, NULL),
(104, '2015-03-05', 85, 6, 'Conceitos e definições dos Sistemas de informação. Tipos de sistemas de informação. Exemplos de sistemas de informação. ', NULL, NULL, NULL),
(105, '2015-03-12', 86, 6, 'Introdução  à Abordagem sistêmica I.', NULL, NULL, NULL),
(106, '2015-03-19', 87, 6, 'Abordagem sistêmica  I - Aula Prática. ', NULL, NULL, NULL),
(107, '2015-03-26', 88, 6, 'Conceitos da Abordagem sistêmica II', NULL, NULL, NULL),
(108, '2015-04-02', 89, 6, 'Conceitos da Abordagem sistêmica II ? Aula Prática', NULL, NULL, NULL),
(109, '2015-04-09', 90, 6, 'Revisão dos conteúdos (Exercícios).', NULL, NULL, NULL),
(110, '2015-04-16', 91, 6, 'Avaliação Teórica ? G1 ? Individual.', NULL, NULL, NULL),
(111, '2015-04-23', 92, 6, 'Correção avaliação e divulgação resultados, definição grupos de trabalho.  Estudo da aplicação da tecnologia da informação nas organizações  do papel da modelagem no desenvolvimento de SI.', NULL, NULL, NULL),
(112, '2015-04-30', 93, 6, 'Sistemas de computação. Estudo de caso. Exercícios', NULL, NULL, NULL),
(113, '2015-05-07', 94, 6, 'Sistema de gerenciamento de transação. ', NULL, NULL, NULL),
(114, '2015-05-14', 95, 6, 'Sistema de gerenciamento de transação -  Aula prática ', NULL, NULL, NULL),
(115, '2015-05-21', 96, 6, 'Sistemas de informação (Planejamento estratégico de TI), aplicação da tecnologia da informação. ', NULL, NULL, NULL),
(116, '2015-05-28', 97, 6, 'Gestão de sistemas de informação', NULL, NULL, NULL),
(117, '2015-06-11', 98, 6, 'Modelagem no desenvolvimento de sistemas de informação. ', NULL, NULL, NULL),
(118, '2015-06-18', 99, 6, 'Seminários de apresentações. Exercícios de revisão', NULL, NULL, NULL),
(119, '2015-06-25', 100, 6, 'Avaliação Teórica / prática ? G2.', NULL, NULL, NULL),
(120, '2015-07-02', 101, 6, 'Revisão do conteúdo para a substituição de grau', NULL, NULL, NULL),
(121, '2015-07-09', 102, 6, 'Divulgação de resultados parciais, substituição de grau e divulgação de resultados finais.  ', NULL, NULL, NULL),
(122, '2014-08-01', 124, 7, 'Descrição do plano de ensino. Introdução à disciplina. Plano de ensino. Introdução a linguagem  SQL', NULL, NULL, NULL),
(123, '2014-08-08', 125, 7, 'Consultas (SQL, linguagem de manipulação de dados). Exercícios de fixação', NULL, NULL, NULL),
(124, '2014-08-15', 126, 7, 'Consultas (SQL, linguagem de definição de dados). Exercícios de fixação ', NULL, NULL, NULL),
(125, '2014-08-22', 127, 7, 'Consultas Avançadas (introdução a subselects).  Exercícios de fixação. Integração do SQL e com o  JAVA.  Exercícios de fixação', NULL, NULL, NULL),
(126, '2014-08-29', 128, 7, 'Consultas Avançadas (subselects, group by).  Exercícios de fixação', NULL, NULL, NULL),
(127, '2014-09-05', 129, 7, 'Triggers e Store. Exercícios de fixação ', NULL, NULL, NULL),
(128, '2014-09-12', 130, 7, 'Procedures. Exercícios de fixação', NULL, NULL, NULL),
(129, '2014-09-19', 131, 7, 'Revisão para prova G1. Simulado', NULL, NULL, NULL),
(130, '2014-09-26', 132, 7, 'Avaliação teórica prática referente ao G1', NULL, NULL, NULL),
(131, '2014-10-03', 133, 7, 'Correção da prova. Cursores', NULL, NULL, NULL),
(132, '2014-10-10', 134, 7, 'Cursores e Introdução a Transações', NULL, NULL, NULL),
(133, '2014-10-17', 135, 7, 'Transação  (Recuperação de falhas, concorrência). Andamento do trabalho. ', NULL, NULL, NULL),
(134, '2014-10-24', 136, 7, 'Arquitetura de  Banco de Dados  Distribuídos; Gerência de Objetos;', NULL, NULL, NULL),
(135, '2014-10-31', 137, 7, 'Semana acadêmica', NULL, NULL, NULL),
(136, '2014-11-07', 138, 7, 'Otimização de Consultas.', NULL, NULL, NULL),
(137, '2014-11-14', 139, 7, 'Introdução a  Data Warehouse  e Bussiness  Intelligence (Aplicações emergentes de banco de dados.)', NULL, NULL, NULL),
(138, '2014-11-21', 140, 7, 'Apresentação do trabalho e revisão para prova G2', NULL, NULL, NULL),
(139, '2014-11-28', 141, 7, 'Prova G2', NULL, NULL, NULL),
(140, '2014-12-05', 142, 7, 'Revisão do conteúdo para substituição', NULL, NULL, NULL),
(141, '2014-12-12', 143, 7, 'Prova de substituição', NULL, NULL, NULL);

-- --------------------------------------------------------

--
-- Table structure for table `cursos`
--

CREATE TABLE IF NOT EXISTS `cursos` (
  `id_curso` int(10) unsigned NOT NULL AUTO_INCREMENT,
  `nome_curso` varchar(150) DEFAULT NULL,
  `sigla` varchar(5) NOT NULL,
  PRIMARY KEY (`id_curso`),
  UNIQUE KEY `nome_curso` (`nome_curso`)
) ENGINE=InnoDB   AUTO_INCREMENT=11 ;

--
-- Dumping data for table `cursos`
--

INSERT INTO `cursos` (`id_curso`, `nome_curso`, `sigla`) VALUES
(6, 'AUTOMAÇÃO INDUSTRIAL', 'AI'),
(7, 'ANÁLISE DESENVOLVIMENTO SISTEMAS', 'ADS'),
(8, 'REDES DE COMPUTADORES', 'RC'),
(9, 'SISTEMAS EMBARCADOS', 'SE'),
(10, 'SISTEMAS DE TELECOMUNICAÇÕES', 'ST');

-- --------------------------------------------------------

--
-- Table structure for table `cursos_alunos`
--

CREATE TABLE IF NOT EXISTS `cursos_alunos` (
  `Cursos_id_curso` int(10) unsigned NOT NULL,
  `Alunos_id_aluno` int(10) unsigned NOT NULL,
  `Alunos_matricula` int(11) NOT NULL,
  PRIMARY KEY (`Cursos_id_curso`,`Alunos_id_aluno`,`Alunos_matricula`),
  KEY `Cursos_has_Alunos_FKIndex1` (`Cursos_id_curso`),
  KEY `Cursos_has_Alunos_FKIndex2` (`Alunos_id_aluno`,`Alunos_matricula`),
  KEY `Alunos_matricula` (`Alunos_matricula`)
) ENGINE=InnoDB ;

--
-- Dumping data for table `cursos_alunos`
--

INSERT INTO `cursos_alunos` (`Cursos_id_curso`, `Alunos_id_aluno`, `Alunos_matricula`) VALUES
(7, 1, 15726),
(7, 2, 15722),
(7, 3, 20569),
(7, 5, 20628),
(7, 6, 20531),
(7, 9, 20624),
(7, 10, 15717),
(7, 11, 14186),
(7, 13, 19024),
(7, 14, 19026),
(7, 15, 15639),
(7, 16, 19020),
(7, 17, 8059),
(7, 18, 15701),
(7, 19, 15719),
(7, 22, 15737),
(7, 25, 16102),
(7, 26, 20537),
(7, 29, 20525),
(7, 32, 20565),
(7, 34, 20635),
(7, 35, 20532),
(7, 37, 20562),
(7, 41, 20529),
(7, 42, 5901),
(7, 43, 20566),
(7, 45, 20522),
(7, 47, 20570),
(7, 49, 20519),
(7, 50, 20512),
(7, 53, 20505),
(7, 55, 21365),
(7, 56, 21367),
(7, 58, 21391),
(7, 59, 21364),
(7, 60, 21393),
(7, 65, 23301),
(7, 96, 22967),
(8, 4, 16049),
(8, 7, 20579),
(8, 12, 17509),
(8, 20, 13886),
(8, 21, 17513),
(8, 23, 20619),
(8, 24, 20580),
(8, 57, 258),
(10, 8, 17486),
(10, 61, 23090),
(10, 64, 14216);

-- --------------------------------------------------------

--
-- Table structure for table `cursos_unidade_curricular`
--

CREATE TABLE IF NOT EXISTS `cursos_unidade_curricular` (
  `Unidade_curricular_id_unidade` int(10) unsigned NOT NULL,
  `Cursos_id_curso` int(10) unsigned NOT NULL,
  PRIMARY KEY (`Unidade_curricular_id_unidade`,`Cursos_id_curso`),
  KEY `Cursos_has_Unidade_curricular_FKIndex1` (`Cursos_id_curso`),
  KEY `Cursos_has_Unidade_curricular_FKIndex2` (`Unidade_curricular_id_unidade`)
) ENGINE=InnoDB ;

--
-- Dumping data for table `cursos_unidade_curricular`
--

INSERT INTO `cursos_unidade_curricular` (`Unidade_curricular_id_unidade`, `Cursos_id_curso`) VALUES
(1, 7),
(2, 7),
(6, 7),
(7, 7),
(8, 7),
(1, 8),
(1, 10);

-- --------------------------------------------------------

--
-- Table structure for table `data_aula`
--

CREATE TABLE IF NOT EXISTS `data_aula` (
  `id_data` int(10) unsigned NOT NULL AUTO_INCREMENT,
  `data_aula` date NOT NULL,
  PRIMARY KEY (`id_data`,`data_aula`),
  UNIQUE KEY `data_aula` (`data_aula`)
) ENGINE=InnoDB   AUTO_INCREMENT=144 ;

--
-- Dumping data for table `data_aula`
--

INSERT INTO `data_aula` (`id_data`, `data_aula`) VALUES
(21, '2014-02-20'),
(22, '2014-02-27'),
(23, '2014-03-06'),
(24, '2014-03-13'),
(25, '2014-03-20'),
(26, '2014-03-27'),
(27, '2014-04-03'),
(28, '2014-04-10'),
(29, '2014-04-17'),
(30, '2014-04-23'),
(31, '2014-04-24'),
(32, '2014-05-08'),
(33, '2014-05-15'),
(34, '2014-05-22'),
(35, '2014-05-29'),
(36, '2014-06-05'),
(37, '2014-06-12'),
(38, '2014-06-26'),
(39, '2014-07-03'),
(40, '2014-07-04'),
(41, '2014-07-10'),
(124, '2014-08-01'),
(1, '2014-08-05'),
(125, '2014-08-08'),
(2, '2014-08-12'),
(126, '2014-08-15'),
(3, '2014-08-19'),
(127, '2014-08-22'),
(4, '2014-08-26'),
(128, '2014-08-29'),
(5, '2014-09-02'),
(129, '2014-09-05'),
(6, '2014-09-09'),
(130, '2014-09-12'),
(7, '2014-09-16'),
(131, '2014-09-19'),
(8, '2014-09-23'),
(132, '2014-09-26'),
(9, '2014-09-30'),
(133, '2014-10-03'),
(10, '2014-10-07'),
(134, '2014-10-10'),
(11, '2014-10-14'),
(135, '2014-10-17'),
(12, '2014-10-21'),
(136, '2014-10-24'),
(13, '2014-10-28'),
(137, '2014-10-31'),
(14, '2014-11-04'),
(138, '2014-11-07'),
(15, '2014-11-11'),
(139, '2014-11-14'),
(16, '2014-11-18'),
(140, '2014-11-21'),
(17, '2014-11-25'),
(141, '2014-11-28'),
(18, '2014-12-02'),
(142, '2014-12-05'),
(19, '2014-12-09'),
(143, '2014-12-12'),
(20, '2014-12-16'),
(83, '2015-02-19'),
(42, '2015-02-20'),
(104, '2015-02-25'),
(84, '2015-02-26'),
(43, '2015-02-27'),
(105, '2015-03-04'),
(85, '2015-03-05'),
(44, '2015-03-06'),
(106, '2015-03-11'),
(86, '2015-03-12'),
(45, '2015-03-13'),
(107, '2015-03-18'),
(87, '2015-03-19'),
(46, '2015-03-20'),
(108, '2015-03-25'),
(88, '2015-03-26'),
(47, '2015-03-27'),
(109, '2015-04-01'),
(89, '2015-04-02'),
(110, '2015-04-08'),
(90, '2015-04-09'),
(48, '2015-04-10'),
(111, '2015-04-15'),
(91, '2015-04-16'),
(49, '2015-04-17'),
(50, '2015-04-20'),
(103, '2015-04-22'),
(92, '2015-04-23'),
(51, '2015-04-24'),
(113, '2015-04-29'),
(93, '2015-04-30'),
(114, '2015-05-06'),
(94, '2015-05-07'),
(52, '2015-05-08'),
(115, '2015-05-13'),
(95, '2015-05-14'),
(53, '2015-05-15'),
(116, '2015-05-20'),
(96, '2015-05-21'),
(54, '2015-05-22'),
(117, '2015-05-27'),
(97, '2015-05-28'),
(55, '2015-05-29'),
(118, '2015-06-03'),
(56, '2015-06-05'),
(119, '2015-06-10'),
(98, '2015-06-11'),
(57, '2015-06-12'),
(120, '2015-06-17'),
(99, '2015-06-18'),
(58, '2015-06-19'),
(121, '2015-06-24'),
(100, '2015-06-25'),
(59, '2015-06-26'),
(122, '2015-07-01'),
(101, '2015-07-02'),
(60, '2015-07-03'),
(123, '2015-07-08'),
(102, '2015-07-09'),
(61, '2015-07-10');

-- --------------------------------------------------------

--
-- Table structure for table `faltas`
--

CREATE TABLE IF NOT EXISTS `faltas` (
  `id_faltas` int(10) unsigned NOT NULL AUTO_INCREMENT,
  `Data_aula_data_aula` date NOT NULL,
  `Data_aula_id_data` int(10) unsigned NOT NULL,
  `Alunos_matricula` int(11) NOT NULL,
  `Alunos_id_aluno` int(10) unsigned NOT NULL,
  `p1` tinyint(1) DEFAULT NULL,
  `p2` tinyint(1) DEFAULT NULL,
  `p3` tinyint(1) DEFAULT NULL,
  `p4` tinyint(1) DEFAULT NULL,
  PRIMARY KEY (`id_faltas`),
  UNIQUE KEY `Alunos_id_aluno` (`Alunos_id_aluno`,`Data_aula_data_aula`),
  KEY `Faltas_FKIndex1` (`Alunos_id_aluno`,`Alunos_matricula`),
  KEY `Data_aula_id_data` (`Data_aula_id_data`,`Data_aula_data_aula`)
) ENGINE=InnoDB   AUTO_INCREMENT=2793 ;

--
-- Dumping data for table `faltas`
--

INSERT INTO `faltas` (`id_faltas`, `Data_aula_data_aula`, `Data_aula_id_data`, `Alunos_matricula`, `Alunos_id_aluno`, `p1`, `p2`, `p3`, `p4`) VALUES
(1, '2014-08-05', 1, 15726, 1, 0, 0, 0, 0),
(2, '2014-08-12', 2, 15726, 1, 1, 1, 1, 1),
(3, '2014-08-19', 3, 15726, 1, NULL, NULL, NULL, NULL),
(4, '2014-08-26', 4, 15726, 1, NULL, NULL, NULL, NULL),
(5, '2014-08-05', 1, 15722, 2, 1, 0, 0, 0),
(6, '2014-08-12', 2, 15722, 2, 1, 1, 1, 1),
(7, '2014-08-19', 3, 15722, 2, 1, 1, 1, 1),
(8, '2014-08-26', 4, 15722, 2, 0, 0, 0, 0),
(9, '2014-08-05', 1, 20569, 3, 1, 0, 0, 0),
(10, '2014-08-12', 2, 20569, 3, 1, 1, 1, 1),
(11, '2014-08-19', 3, 20569, 3, 1, 1, 1, 1),
(12, '2014-08-26', 4, 20569, 3, 1, 1, 1, 1),
(13, '2014-08-05', 1, 16049, 4, 0, 1, 1, 0),
(14, '2014-08-12', 2, 16049, 4, 1, 1, 1, 1),
(15, '2014-08-19', 3, 16049, 4, 1, 1, 1, 1),
(16, '2014-08-26', 4, 16049, 4, 1, 1, 1, 1),
(17, '2014-08-05', 1, 20628, 5, 0, 0, 0, 1),
(18, '2014-08-12', 2, 20628, 5, 1, 1, 1, 1),
(19, '2014-08-19', 3, 20628, 5, 1, 1, 1, 1),
(20, '2014-08-26', 4, 20628, 5, 0, 0, 0, 0),
(21, '2014-08-05', 1, 20531, 6, 0, 0, 0, 0),
(22, '2014-08-12', 2, 20531, 6, 1, 1, 1, 1),
(23, '2014-08-19', 3, 20531, 6, 1, 1, 1, 1),
(24, '2014-08-26', 4, 20531, 6, 1, 1, 1, 1),
(25, '2014-08-05', 1, 20579, 7, 1, 1, 1, 1),
(26, '2014-08-12', 2, 20579, 7, 1, 1, 1, 1),
(27, '2014-08-19', 3, 20579, 7, 0, 0, 0, 0),
(28, '2014-08-26', 4, 20579, 7, 1, 1, 1, 1),
(29, '2014-08-05', 1, 17486, 8, 0, 0, 0, 0),
(30, '2014-08-12', 2, 17486, 8, 1, 1, 1, 1),
(31, '2014-08-19', 3, 17486, 8, 1, 1, 1, 1),
(32, '2014-08-26', 4, 17486, 8, 1, 1, 1, 1),
(33, '2014-08-05', 1, 20624, 9, 0, 0, 0, 0),
(34, '2014-08-12', 2, 20624, 9, 1, 1, 1, 1),
(35, '2014-08-19', 3, 20624, 9, 0, 0, 0, 0),
(36, '2014-08-26', 4, 20624, 9, 1, 1, 1, 1),
(37, '2014-08-05', 1, 15717, 10, 0, 0, 0, 0),
(38, '2014-08-12', 2, 15717, 10, 1, 1, 1, 1),
(39, '2014-08-19', 3, 15717, 10, 1, 1, 1, 1),
(40, '2014-08-26', 4, 15717, 10, 1, 1, 1, 1),
(41, '2014-08-05', 1, 14186, 11, 0, 0, 0, 0),
(42, '2014-08-12', 2, 14186, 11, 1, 1, 1, 1),
(43, '2014-08-19', 3, 14186, 11, 0, 0, 0, 0),
(44, '2014-08-26', 4, 14186, 11, 1, 1, 1, 1),
(45, '2014-08-05', 1, 17509, 12, 0, 0, 0, 0),
(46, '2014-08-12', 2, 17509, 12, 1, 1, 1, 1),
(47, '2014-08-19', 3, 17509, 12, NULL, NULL, NULL, NULL),
(48, '2014-08-26', 4, 17509, 12, NULL, NULL, NULL, NULL),
(49, '2014-08-05', 1, 19024, 13, 0, 0, 0, 0),
(50, '2014-08-12', 2, 19024, 13, 1, 1, 1, 1),
(51, '2014-08-19', 3, 19024, 13, 1, 1, 1, 1),
(52, '2014-08-26', 4, 19024, 13, 1, 1, 1, 1),
(53, '2014-08-05', 1, 19026, 14, 0, 0, 0, 0),
(54, '2014-08-12', 2, 19026, 14, 1, 1, 1, 1),
(55, '2014-08-19', 3, 19026, 14, 1, 1, 1, 1),
(56, '2014-08-26', 4, 19026, 14, 0, 0, 0, 0),
(57, '2014-08-05', 1, 15639, 15, 0, 0, 0, 0),
(58, '2014-08-12', 2, 15639, 15, 1, 1, 1, 1),
(59, '2014-08-19', 3, 15639, 15, 1, 1, 1, 1),
(60, '2014-08-26', 4, 15639, 15, 0, 0, 0, 0),
(61, '2014-08-05', 1, 19020, 16, 0, 0, 0, 0),
(62, '2014-08-12', 2, 19020, 16, 0, 0, 0, 0),
(63, '2014-08-19', 3, 19020, 16, 1, 1, 1, 1),
(64, '2014-08-26', 4, 19020, 16, 0, 0, 0, 0),
(65, '2014-08-05', 1, 8059, 17, 0, 0, 0, 0),
(66, '2014-08-12', 2, 8059, 17, 1, 1, 1, 1),
(67, '2014-08-19', 3, 8059, 17, 0, 0, 0, 0),
(68, '2014-08-26', 4, 8059, 17, 1, 1, 1, 1),
(69, '2014-08-05', 1, 15701, 18, 0, 0, 0, 0),
(70, '2014-08-12', 2, 15701, 18, 1, 1, 1, 1),
(71, '2014-08-19', 3, 15701, 18, 1, 1, 1, 1),
(72, '2014-08-26', 4, 15701, 18, 1, 1, 1, 1),
(73, '2014-08-05', 1, 15719, 19, 0, 0, 0, 0),
(74, '2014-08-12', 2, 15719, 19, 1, 1, 1, 1),
(75, '2014-08-19', 3, 15719, 19, 1, 1, 1, 1),
(76, '2014-08-26', 4, 15719, 19, 1, 1, 1, 1),
(77, '2014-08-05', 1, 13886, 20, 0, 0, 0, 0),
(78, '2014-08-12', 2, 13886, 20, 1, 1, 1, 1),
(79, '2014-08-19', 3, 13886, 20, 1, 1, 1, 1),
(80, '2014-08-26', 4, 13886, 20, 1, 1, 1, 1),
(81, '2014-08-05', 1, 17513, 21, 0, 0, 0, 0),
(82, '2014-08-12', 2, 17513, 21, 1, 1, 1, 1),
(83, '2014-08-19', 3, 17513, 21, 1, 1, 1, 1),
(84, '2014-08-26', 4, 17513, 21, 1, 1, 1, 1),
(85, '2014-08-05', 1, 15737, 22, 0, 0, 0, 0),
(86, '2014-08-12', 2, 15737, 22, 1, 1, 1, 1),
(87, '2014-08-19', 3, 15737, 22, 1, 1, 1, 1),
(88, '2014-08-26', 4, 15737, 22, 1, 1, 1, 1),
(89, '2014-08-05', 1, 20619, 23, 0, 0, 0, 0),
(90, '2014-08-12', 2, 20619, 23, 1, 1, 1, 1),
(91, '2014-08-19', 3, 20619, 23, 1, 1, 1, 1),
(92, '2014-08-26', 4, 20619, 23, 1, 1, 1, 1),
(93, '2014-08-05', 1, 20580, 24, 0, 0, 0, 0),
(94, '2014-08-12', 2, 20580, 24, 1, 1, 1, 1),
(95, '2014-08-19', 3, 20580, 24, 1, 1, 1, 1),
(96, '2014-08-26', 4, 20580, 24, 1, 1, 1, 1),
(97, '2014-08-05', 1, 16102, 25, 0, 0, 0, 0),
(98, '2014-08-12', 2, 16102, 25, 1, 1, 1, 1),
(99, '2014-08-19', 3, 16102, 25, 1, 1, 1, 1),
(100, '2014-08-26', 4, 16102, 25, 1, 1, 1, 1),
(101, '2014-08-05', 1, 20537, 26, 0, 0, 0, 0),
(102, '2014-08-12', 2, 20537, 26, 1, 1, 1, 1),
(103, '2014-08-19', 3, 20537, 26, 1, 1, 1, 1),
(104, '2014-08-26', 4, 20537, 26, 1, 1, 0, 0),
(105, '2014-09-02', 5, 15726, 1, NULL, NULL, NULL, NULL),
(106, '2014-09-09', 6, 15726, 1, NULL, NULL, NULL, NULL),
(107, '2014-09-16', 7, 15726, 1, NULL, NULL, NULL, NULL),
(108, '2014-09-23', 8, 15726, 1, NULL, NULL, NULL, NULL),
(109, '2014-09-30', 9, 15726, 1, NULL, NULL, NULL, NULL),
(110, '2014-09-02', 5, 15722, 2, 1, 1, 1, 1),
(111, '2014-09-09', 6, 15722, 2, 1, 1, 1, 1),
(112, '2014-09-16', 7, 15722, 2, 1, 1, 1, 1),
(113, '2014-09-23', 8, 15722, 2, 1, 1, 1, 1),
(114, '2014-09-30', 9, 15722, 2, 1, 1, 1, 1),
(115, '2014-09-02', 5, 20569, 3, 1, 1, 1, 1),
(116, '2014-09-09', 6, 20569, 3, 1, 1, 1, 1),
(117, '2014-09-16', 7, 20569, 3, 1, 1, 1, 1),
(118, '2014-09-23', 8, 20569, 3, 1, 1, 1, 1),
(119, '2014-09-30', 9, 20569, 3, 1, 1, 1, 1),
(120, '2014-09-02', 5, 16049, 4, 1, 1, 1, 1),
(121, '2014-09-09', 6, 16049, 4, 1, 1, 1, 1),
(122, '2014-09-16', 7, 16049, 4, 1, 1, 1, 1),
(123, '2014-09-23', 8, 16049, 4, 1, 1, 1, 1),
(124, '2014-09-30', 9, 16049, 4, 1, 1, 1, 1),
(125, '2014-09-02', 5, 20628, 5, 1, 1, 1, 1),
(126, '2014-09-09', 6, 20628, 5, 1, 1, 1, 1),
(127, '2014-09-16', 7, 20628, 5, 1, 1, 1, 1),
(128, '2014-09-23', 8, 20628, 5, 1, 1, 1, 1),
(129, '2014-09-30', 9, 20628, 5, 1, 1, 1, 1),
(130, '2014-09-02', 5, 20531, 6, 1, 1, 1, 1),
(131, '2014-09-09', 6, 20531, 6, 1, 1, 1, 1),
(132, '2014-09-16', 7, 20531, 6, 1, 1, 1, 1),
(133, '2014-09-23', 8, 20531, 6, 1, 1, 1, 1),
(134, '2014-09-30', 9, 20531, 6, 1, 1, 1, 1),
(135, '2014-09-02', 5, 20579, 7, 1, 1, 1, 1),
(136, '2014-09-09', 6, 20579, 7, 1, 1, 1, 1),
(137, '2014-09-16', 7, 20579, 7, 1, 1, 1, 1),
(138, '2014-09-23', 8, 20579, 7, 1, 1, 1, 1),
(139, '2014-09-30', 9, 20579, 7, 1, 1, 1, 1),
(140, '2014-09-02', 5, 17486, 8, 1, 1, 1, 1),
(141, '2014-09-09', 6, 17486, 8, 0, 0, 0, 0),
(142, '2014-09-16', 7, 17486, 8, 1, 1, 1, 1),
(143, '2014-09-23', 8, 17486, 8, 1, 1, 1, 1),
(144, '2014-09-30', 9, 17486, 8, 1, 1, 1, 1),
(145, '2014-09-02', 5, 20624, 9, 1, 1, 1, 1),
(146, '2014-09-09', 6, 20624, 9, 0, 0, 0, 0),
(147, '2014-09-16', 7, 20624, 9, 0, 0, 0, 0),
(148, '2014-09-23', 8, 20624, 9, 0, 0, 0, 0),
(149, '2014-09-30', 9, 20624, 9, 1, 1, 1, 1),
(150, '2014-09-02', 5, 15717, 10, 1, 1, 1, 1),
(151, '2014-09-09', 6, 15717, 10, 1, 1, 1, 1),
(152, '2014-09-16', 7, 15717, 10, 1, 1, 1, 1),
(153, '2014-09-23', 8, 15717, 10, 1, 1, 1, 1),
(154, '2014-09-30', 9, 15717, 10, 1, 1, 1, 1),
(155, '2014-09-02', 5, 14186, 11, 1, 1, 1, 1),
(156, '2014-09-09', 6, 14186, 11, 1, 1, 1, 1),
(157, '2014-09-16', 7, 14186, 11, 1, 1, 1, 1),
(158, '2014-09-23', 8, 14186, 11, 1, 1, 1, 1),
(159, '2014-09-30', 9, 14186, 11, 1, 1, 1, 1),
(160, '2014-09-02', 5, 17509, 12, NULL, NULL, NULL, NULL),
(161, '2014-09-09', 6, 17509, 12, NULL, NULL, NULL, NULL),
(162, '2014-09-16', 7, 17509, 12, NULL, NULL, NULL, NULL),
(163, '2014-09-23', 8, 17509, 12, NULL, NULL, NULL, NULL),
(164, '2014-09-30', 9, 17509, 12, NULL, NULL, NULL, NULL),
(165, '2014-09-02', 5, 19024, 13, 0, 0, 0, 0),
(166, '2014-09-09', 6, 19024, 13, 1, 1, 1, 1),
(167, '2014-09-16', 7, 19024, 13, 1, 1, 1, 1),
(168, '2014-09-23', 8, 19024, 13, 0, 0, 0, 0),
(169, '2014-09-30', 9, 19024, 13, 1, 1, 1, 1),
(170, '2014-09-02', 5, 19026, 14, 1, 1, 1, 1),
(171, '2014-09-09', 6, 19026, 14, 1, 1, 1, 1),
(172, '2014-09-16', 7, 19026, 14, 1, 1, 1, 1),
(173, '2014-09-23', 8, 19026, 14, 1, 1, 1, 1),
(174, '2014-09-30', 9, 19026, 14, 1, 1, 1, 1),
(175, '2014-09-02', 5, 15639, 15, 1, 1, 1, 1),
(176, '2014-09-09', 6, 15639, 15, 1, 1, 1, 1),
(177, '2014-09-16', 7, 15639, 15, 1, 1, 1, 1),
(178, '2014-09-23', 8, 15639, 15, 1, 1, 1, 1),
(179, '2014-09-30', 9, 15639, 15, 1, 1, 1, 1),
(180, '2014-09-02', 5, 19020, 16, 1, 1, 1, 1),
(181, '2014-09-09', 6, 19020, 16, 0, 0, 0, 0),
(182, '2014-09-16', 7, 19020, 16, 0, 0, 0, 0),
(183, '2014-09-23', 8, 19020, 16, 0, 0, 0, 0),
(184, '2014-09-30', 9, 19020, 16, 1, 1, 1, 1),
(185, '2014-09-02', 5, 8059, 17, 1, 1, 1, 1),
(186, '2014-09-09', 6, 8059, 17, 0, 0, 0, 0),
(187, '2014-09-16', 7, 8059, 17, 1, 1, 1, 1),
(188, '2014-09-23', 8, 8059, 17, 1, 1, 1, 1),
(189, '2014-09-30', 9, 8059, 17, 1, 1, 1, 1),
(190, '2014-09-02', 5, 15701, 18, 1, 1, 1, 1),
(191, '2014-09-09', 6, 15701, 18, 1, 1, 1, 1),
(192, '2014-09-16', 7, 15701, 18, 1, 1, 1, 1),
(193, '2014-09-23', 8, 15701, 18, 1, 1, 1, 1),
(194, '2014-09-30', 9, 15701, 18, 1, 1, 1, 1),
(195, '2014-09-02', 5, 15719, 19, 1, 1, 1, 1),
(196, '2014-09-09', 6, 15719, 19, 1, 1, 1, 1),
(197, '2014-09-16', 7, 15719, 19, 1, 1, 1, 1),
(198, '2014-09-23', 8, 15719, 19, 1, 1, 1, 1),
(199, '2014-09-30', 9, 15719, 19, 1, 1, 1, 1),
(200, '2014-09-02', 5, 13886, 20, 1, 1, 1, 1),
(201, '2014-09-09', 6, 13886, 20, 0, 0, 0, 0),
(202, '2014-09-16', 7, 13886, 20, 1, 1, 1, 1),
(203, '2014-09-23', 8, 13886, 20, 1, 1, 1, 1),
(204, '2014-09-30', 9, 13886, 20, 1, 1, 1, 1),
(205, '2014-09-02', 5, 17513, 21, 1, 1, 1, 1),
(206, '2014-09-09', 6, 17513, 21, 1, 1, 1, 1),
(207, '2014-09-16', 7, 17513, 21, 1, 1, 1, 1),
(208, '2014-09-23', 8, 17513, 21, 1, 1, 1, 1),
(209, '2014-09-30', 9, 17513, 21, 1, 1, 1, 1),
(210, '2014-09-02', 5, 15737, 22, 1, 1, 1, 1),
(211, '2014-09-09', 6, 15737, 22, 1, 1, 1, 1),
(212, '2014-09-16', 7, 15737, 22, 1, 1, 1, 1),
(213, '2014-09-23', 8, 15737, 22, 1, 1, 1, 1),
(214, '2014-09-30', 9, 15737, 22, 1, 1, 1, 1),
(215, '2014-09-02', 5, 20619, 23, 1, 1, 1, 1),
(216, '2014-09-09', 6, 20619, 23, 1, 1, 1, 1),
(217, '2014-09-16', 7, 20619, 23, 1, 1, 1, 1),
(218, '2014-09-23', 8, 20619, 23, 1, 1, 1, 1),
(219, '2014-09-30', 9, 20619, 23, 1, 1, 1, 1),
(220, '2014-09-02', 5, 20580, 24, 1, 1, 1, 1),
(221, '2014-09-09', 6, 20580, 24, 1, 1, 1, 1),
(222, '2014-09-16', 7, 20580, 24, 1, 1, 1, 1),
(223, '2014-09-23', 8, 20580, 24, 1, 1, 1, 1),
(224, '2014-09-30', 9, 20580, 24, 1, 1, 1, 1),
(225, '2014-09-02', 5, 16102, 25, 1, 1, 1, 1),
(226, '2014-09-09', 6, 16102, 25, 1, 1, 1, 1),
(227, '2014-09-16', 7, 16102, 25, 1, 1, 1, 1),
(228, '2014-09-23', 8, 16102, 25, 1, 1, 1, 1),
(229, '2014-09-30', 9, 16102, 25, 1, 1, 1, 1),
(230, '2014-09-02', 5, 20537, 26, 1, 1, 1, 1),
(231, '2014-09-09', 6, 20537, 26, 1, 1, 1, 1),
(232, '2014-09-16', 7, 20537, 26, 1, 1, 1, 1),
(233, '2014-09-23', 8, 20537, 26, 1, 1, 1, 1),
(234, '2014-09-30', 9, 20537, 26, 1, 1, 1, 1),
(235, '2014-10-07', 10, 15726, 1, NULL, NULL, NULL, NULL),
(236, '2014-10-14', 11, 15726, 1, NULL, NULL, NULL, NULL),
(237, '2014-10-21', 12, 15726, 1, NULL, NULL, NULL, NULL),
(238, '2014-10-28', 13, 15726, 1, NULL, NULL, NULL, NULL),
(239, '2014-10-07', 10, 15722, 2, 1, 1, 1, 1),
(240, '2014-10-14', 11, 15722, 2, 1, 1, 1, 1),
(241, '2014-10-21', 12, 15722, 2, 1, 1, 1, 1),
(242, '2014-10-28', 13, 15722, 2, 1, 1, 1, 1),
(243, '2014-10-07', 10, 20569, 3, 1, 1, 1, 1),
(244, '2014-10-14', 11, 20569, 3, 1, 1, 1, 1),
(245, '2014-10-21', 12, 20569, 3, 1, 1, 1, 1),
(246, '2014-10-28', 13, 20569, 3, 1, 1, 1, 1),
(247, '2014-10-07', 10, 16049, 4, 1, 1, 1, 1),
(248, '2014-10-14', 11, 16049, 4, 1, 1, 1, 1),
(249, '2014-10-21', 12, 16049, 4, 1, 1, 1, 1),
(250, '2014-10-28', 13, 16049, 4, 1, 1, 1, 1),
(251, '2014-10-07', 10, 20628, 5, 0, 0, 0, 0),
(252, '2014-10-14', 11, 20628, 5, 1, 1, 1, 1),
(253, '2014-10-21', 12, 20628, 5, 1, 1, 1, 1),
(254, '2014-10-28', 13, 20628, 5, 1, 1, 1, 1),
(255, '2014-10-07', 10, 20531, 6, 1, 1, 1, 1),
(256, '2014-10-14', 11, 20531, 6, 1, 1, 1, 1),
(257, '2014-10-21', 12, 20531, 6, 1, 1, 1, 1),
(258, '2014-10-28', 13, 20531, 6, 1, 1, 1, 1),
(259, '2014-10-07', 10, 20579, 7, 1, 1, 1, 1),
(260, '2014-10-14', 11, 20579, 7, 1, 1, 1, 1),
(261, '2014-10-21', 12, 20579, 7, 1, 1, 1, 1),
(262, '2014-10-28', 13, 20579, 7, 1, 1, 1, 1),
(263, '2014-10-07', 10, 17486, 8, 0, 0, 0, 0),
(264, '2014-10-14', 11, 17486, 8, 1, 1, 1, 1),
(265, '2014-10-21', 12, 17486, 8, 1, 1, 1, 1),
(266, '2014-10-28', 13, 17486, 8, 1, 1, 1, 1),
(267, '2014-10-07', 10, 20624, 9, NULL, NULL, NULL, NULL),
(268, '2014-10-14', 11, 20624, 9, NULL, NULL, NULL, NULL),
(269, '2014-10-21', 12, 20624, 9, NULL, NULL, NULL, NULL),
(270, '2014-10-28', 13, 20624, 9, NULL, NULL, NULL, NULL),
(271, '2014-10-07', 10, 15717, 10, 1, 1, 1, 1),
(272, '2014-10-14', 11, 15717, 10, 1, 1, 1, 1),
(273, '2014-10-21', 12, 15717, 10, 1, 1, 1, 1),
(274, '2014-10-28', 13, 15717, 10, 1, 1, 1, 1),
(275, '2014-10-07', 10, 14186, 11, 1, 1, 1, 1),
(276, '2014-10-14', 11, 14186, 11, 1, 1, 1, 1),
(277, '2014-10-21', 12, 14186, 11, 1, 1, 1, 1),
(278, '2014-10-28', 13, 14186, 11, 1, 1, 1, 1),
(279, '2014-10-07', 10, 17509, 12, NULL, NULL, NULL, NULL),
(280, '2014-10-14', 11, 17509, 12, NULL, NULL, NULL, NULL),
(281, '2014-10-21', 12, 17509, 12, NULL, NULL, NULL, NULL),
(282, '2014-10-28', 13, 17509, 12, NULL, NULL, NULL, NULL),
(283, '2014-10-07', 10, 19024, 13, NULL, NULL, NULL, NULL),
(284, '2014-10-14', 11, 19024, 13, NULL, NULL, NULL, NULL),
(285, '2014-10-21', 12, 19024, 13, NULL, NULL, NULL, NULL),
(286, '2014-10-28', 13, 19024, 13, NULL, NULL, NULL, NULL),
(287, '2014-10-07', 10, 19026, 14, 1, 1, 1, 1),
(288, '2014-10-14', 11, 19026, 14, 1, 1, 1, 1),
(289, '2014-10-21', 12, 19026, 14, 1, 1, 1, 1),
(290, '2014-10-28', 13, 19026, 14, 1, 1, 1, 1),
(291, '2014-10-07', 10, 15639, 15, 1, 1, 1, 1),
(292, '2014-10-14', 11, 15639, 15, 1, 1, 1, 1),
(293, '2014-10-21', 12, 15639, 15, 1, 1, 1, 1),
(294, '2014-10-28', 13, 15639, 15, 1, 1, 1, 1),
(295, '2014-10-07', 10, 19020, 16, 1, 1, 1, 1),
(296, '2014-10-14', 11, 19020, 16, 1, 1, 1, 1),
(297, '2014-10-21', 12, 19020, 16, 1, 1, 1, 1),
(298, '2014-10-28', 13, 19020, 16, 1, 1, 1, 1),
(299, '2014-10-07', 10, 8059, 17, 1, 1, 1, 1),
(300, '2014-10-14', 11, 8059, 17, 1, 1, 1, 1),
(301, '2014-10-21', 12, 8059, 17, 1, 1, 1, 1),
(302, '2014-10-28', 13, 8059, 17, 1, 1, 1, 1),
(303, '2014-10-07', 10, 15701, 18, 1, 1, 1, 1),
(304, '2014-10-14', 11, 15701, 18, 1, 1, 1, 1),
(305, '2014-10-21', 12, 15701, 18, 1, 1, 1, 1),
(306, '2014-10-28', 13, 15701, 18, 1, 1, 1, 1),
(307, '2014-10-07', 10, 15719, 19, 0, 0, 0, 0),
(308, '2014-10-14', 11, 15719, 19, 1, 1, 1, 1),
(309, '2014-10-21', 12, 15719, 19, 1, 1, 1, 1),
(310, '2014-10-28', 13, 15719, 19, 1, 1, 1, 1),
(311, '2014-10-07', 10, 13886, 20, 1, 1, 1, 1),
(312, '2014-10-14', 11, 13886, 20, 1, 1, 1, 1),
(313, '2014-10-21', 12, 13886, 20, 1, 1, 1, 1),
(314, '2014-10-28', 13, 13886, 20, 1, 1, 1, 1),
(315, '2014-10-07', 10, 17513, 21, 1, 1, 1, 1),
(316, '2014-10-14', 11, 17513, 21, 1, 1, 1, 1),
(317, '2014-10-21', 12, 17513, 21, 0, 0, 0, 0),
(318, '2014-10-28', 13, 17513, 21, 1, 1, 1, 1),
(319, '2014-10-07', 10, 15737, 22, 1, 1, 1, 1),
(320, '2014-10-14', 11, 15737, 22, 1, 1, 1, 1),
(321, '2014-10-21', 12, 15737, 22, 1, 1, 1, 1),
(322, '2014-10-28', 13, 15737, 22, 1, 1, 1, 1),
(323, '2014-10-07', 10, 20619, 23, 1, 1, 1, 1),
(324, '2014-10-14', 11, 20619, 23, 1, 1, 1, 1),
(325, '2014-10-21', 12, 20619, 23, 1, 1, 1, 1),
(326, '2014-10-28', 13, 20619, 23, 1, 1, 1, 1),
(327, '2014-10-07', 10, 20580, 24, 1, 1, 1, 1),
(328, '2014-10-14', 11, 20580, 24, 1, 1, 1, 1),
(329, '2014-10-21', 12, 20580, 24, 1, 1, 1, 1),
(330, '2014-10-28', 13, 20580, 24, 1, 1, 1, 1),
(331, '2014-10-07', 10, 16102, 25, 1, 1, 1, 1),
(332, '2014-10-14', 11, 16102, 25, 1, 1, 1, 1),
(333, '2014-10-21', 12, 16102, 25, 0, 0, 0, 0),
(334, '2014-10-28', 13, 16102, 25, 1, 1, 1, 1),
(335, '2014-10-07', 10, 20537, 26, 1, 1, 1, 1),
(336, '2014-10-14', 11, 20537, 26, 1, 1, 1, 1),
(337, '2014-10-21', 12, 20537, 26, 1, 1, 1, 1),
(338, '2014-10-28', 13, 20537, 26, 1, 1, 1, 1),
(339, '2014-11-04', 14, 15726, 1, NULL, NULL, NULL, NULL),
(340, '2014-11-11', 15, 15726, 1, NULL, NULL, NULL, NULL),
(341, '2014-11-18', 16, 15726, 1, NULL, NULL, NULL, NULL),
(342, '2014-11-25', 17, 15726, 1, NULL, NULL, NULL, NULL),
(343, '2014-11-04', 14, 15722, 2, 1, 1, 1, 1),
(344, '2014-11-11', 15, 15722, 2, 1, 1, 1, 1),
(345, '2014-11-18', 16, 15722, 2, 1, 1, 1, 1),
(346, '2014-11-25', 17, 15722, 2, 1, 1, 1, 1),
(347, '2014-11-04', 14, 20569, 3, 1, 1, 1, 1),
(348, '2014-11-11', 15, 20569, 3, 1, 1, 1, 1),
(349, '2014-11-18', 16, 20569, 3, 1, 1, 1, 1),
(350, '2014-11-25', 17, 20569, 3, 1, 1, 1, 1),
(351, '2014-11-04', 14, 16049, 4, 1, 1, 1, 1),
(352, '2014-11-11', 15, 16049, 4, 1, 1, 1, 1),
(353, '2014-11-18', 16, 16049, 4, 1, 1, 1, 1),
(354, '2014-11-25', 17, 16049, 4, 1, 1, 1, 1),
(355, '2014-11-04', 14, 20628, 5, 1, 1, 1, 1),
(356, '2014-11-11', 15, 20628, 5, 1, 1, 1, 1),
(357, '2014-11-18', 16, 20628, 5, 1, 1, 1, 1),
(358, '2014-11-25', 17, 20628, 5, 1, 1, 1, 1),
(359, '2014-11-04', 14, 20531, 6, 1, 1, 1, 1),
(360, '2014-11-11', 15, 20531, 6, 1, 1, 1, 1),
(361, '2014-11-18', 16, 20531, 6, 1, 1, 1, 1),
(362, '2014-11-25', 17, 20531, 6, 1, 1, 1, 1),
(363, '2014-11-04', 14, 20579, 7, 1, 1, 1, 1),
(364, '2014-11-11', 15, 20579, 7, 1, 1, 1, 1),
(365, '2014-11-18', 16, 20579, 7, 1, 1, 1, 1),
(366, '2014-11-25', 17, 20579, 7, 1, 1, 1, 1),
(367, '2014-11-04', 14, 17486, 8, 1, 1, 1, 1),
(368, '2014-11-11', 15, 17486, 8, 1, 1, 1, 1),
(369, '2014-11-18', 16, 17486, 8, 1, 1, 1, 1),
(370, '2014-11-25', 17, 17486, 8, 1, 1, 1, 1),
(371, '2014-11-04', 14, 20624, 9, NULL, NULL, NULL, NULL),
(372, '2014-11-11', 15, 20624, 9, NULL, NULL, NULL, NULL),
(373, '2014-11-18', 16, 20624, 9, NULL, NULL, NULL, NULL),
(374, '2014-11-25', 17, 20624, 9, NULL, NULL, NULL, NULL),
(375, '2014-11-04', 14, 15717, 10, 1, 1, 1, 1),
(376, '2014-11-11', 15, 15717, 10, 1, 1, 1, 1),
(377, '2014-11-18', 16, 15717, 10, 1, 1, 1, 1),
(378, '2014-11-25', 17, 15717, 10, 1, 1, 1, 1),
(379, '2014-11-04', 14, 14186, 11, 1, 1, 1, 1),
(380, '2014-11-11', 15, 14186, 11, 1, 1, 1, 1),
(381, '2014-11-18', 16, 14186, 11, 1, 1, 1, 1),
(382, '2014-11-25', 17, 14186, 11, 1, 1, 1, 1),
(383, '2014-11-04', 14, 17509, 12, NULL, NULL, NULL, NULL),
(384, '2014-11-11', 15, 17509, 12, NULL, NULL, NULL, NULL),
(385, '2014-11-18', 16, 17509, 12, NULL, NULL, NULL, NULL),
(386, '2014-11-25', 17, 17509, 12, NULL, NULL, NULL, NULL),
(387, '2014-11-04', 14, 19024, 13, NULL, NULL, NULL, NULL),
(388, '2014-11-11', 15, 19024, 13, NULL, NULL, NULL, NULL),
(389, '2014-11-18', 16, 19024, 13, NULL, NULL, NULL, NULL),
(390, '2014-11-25', 17, 19024, 13, NULL, NULL, NULL, NULL),
(391, '2014-11-04', 14, 19026, 14, 1, 1, 1, 1),
(392, '2014-11-11', 15, 19026, 14, 1, 1, 1, 1),
(393, '2014-11-18', 16, 19026, 14, 1, 1, 1, 1),
(394, '2014-11-25', 17, 19026, 14, 1, 1, 1, 1),
(395, '2014-11-04', 14, 15639, 15, 1, 1, 1, 1),
(396, '2014-11-11', 15, 15639, 15, 1, 1, 1, 1),
(397, '2014-11-18', 16, 15639, 15, 1, 1, 1, 1),
(398, '2014-11-25', 17, 15639, 15, 1, 1, 1, 1),
(399, '2014-11-04', 14, 19020, 16, 1, 1, 1, 1),
(400, '2014-11-11', 15, 19020, 16, 1, 1, 1, 1),
(401, '2014-11-18', 16, 19020, 16, 1, 1, 1, 1),
(402, '2014-11-25', 17, 19020, 16, 1, 1, 1, 1),
(403, '2014-11-04', 14, 8059, 17, 1, 1, 1, 1),
(404, '2014-11-11', 15, 8059, 17, 1, 1, 1, 1),
(405, '2014-11-18', 16, 8059, 17, 1, 1, 1, 1),
(406, '2014-11-25', 17, 8059, 17, 1, 1, 1, 1),
(407, '2014-11-04', 14, 15701, 18, 1, 1, 1, 1),
(408, '2014-11-11', 15, 15701, 18, 1, 1, 1, 1),
(409, '2014-11-18', 16, 15701, 18, 1, 1, 1, 1),
(410, '2014-11-25', 17, 15701, 18, 1, 1, 1, 1),
(411, '2014-11-04', 14, 15719, 19, 1, 1, 1, 1),
(412, '2014-11-11', 15, 15719, 19, 1, 1, 1, 1),
(413, '2014-11-18', 16, 15719, 19, 1, 1, 1, 1),
(414, '2014-11-25', 17, 15719, 19, 1, 1, 1, 1),
(415, '2014-11-04', 14, 13886, 20, 1, 1, 1, 1),
(416, '2014-11-11', 15, 13886, 20, 1, 1, 1, 1),
(417, '2014-11-18', 16, 13886, 20, 1, 1, 1, 1),
(418, '2014-11-25', 17, 13886, 20, 1, 1, 1, 1),
(419, '2014-11-04', 14, 17513, 21, 1, 1, 1, 1),
(420, '2014-11-11', 15, 17513, 21, 1, 1, 1, 1),
(421, '2014-11-18', 16, 17513, 21, 1, 1, 1, 1),
(422, '2014-11-25', 17, 17513, 21, 1, 1, 1, 1),
(423, '2014-11-04', 14, 15737, 22, 1, 1, 1, 1),
(424, '2014-11-11', 15, 15737, 22, 1, 1, 1, 1),
(425, '2014-11-18', 16, 15737, 22, 1, 1, 1, 1),
(426, '2014-11-25', 17, 15737, 22, 1, 1, 1, 1),
(427, '2014-11-04', 14, 20619, 23, 1, 1, 1, 1),
(428, '2014-11-11', 15, 20619, 23, 1, 1, 1, 1),
(429, '2014-11-18', 16, 20619, 23, 1, 1, 1, 1),
(430, '2014-11-25', 17, 20619, 23, 1, 1, 1, 1),
(431, '2014-11-04', 14, 20580, 24, 1, 1, 1, 1),
(432, '2014-11-11', 15, 20580, 24, 1, 1, 1, 1),
(433, '2014-11-18', 16, 20580, 24, 1, 1, 1, 1),
(434, '2014-11-25', 17, 20580, 24, 1, 1, 1, 1),
(435, '2014-11-04', 14, 16102, 25, 1, 1, 1, 1),
(436, '2014-11-11', 15, 16102, 25, 1, 1, 1, 1),
(437, '2014-11-18', 16, 16102, 25, 1, 1, 1, 1),
(438, '2014-11-25', 17, 16102, 25, 1, 1, 1, 1),
(439, '2014-11-04', 14, 20537, 26, 1, 1, 1, 1),
(440, '2014-11-11', 15, 20537, 26, 1, 1, 1, 1),
(441, '2014-11-18', 16, 20537, 26, 1, 1, 1, 1),
(442, '2014-11-25', 17, 20537, 26, 1, 1, 1, 1),
(443, '2014-12-02', 18, 15726, 1, NULL, NULL, NULL, NULL),
(444, '2014-12-09', 19, 15726, 1, NULL, NULL, NULL, NULL),
(445, '2014-12-16', 20, 15726, 1, NULL, NULL, NULL, NULL),
(446, '2014-12-02', 18, 15722, 2, 1, 1, 1, 1),
(447, '2014-12-09', 19, 15722, 2, 1, 1, 1, 1),
(448, '2014-12-16', 20, 15722, 2, 1, 1, 1, 1),
(449, '2014-12-02', 18, 20569, 3, 1, 1, 1, 1),
(450, '2014-12-09', 19, 20569, 3, 1, 1, 1, 1),
(451, '2014-12-16', 20, 20569, 3, 1, 1, 1, 1),
(452, '2014-12-02', 18, 16049, 4, 1, 1, 1, 1),
(453, '2014-12-09', 19, 16049, 4, 1, 1, 1, 1),
(454, '2014-12-16', 20, 16049, 4, 1, 1, 1, 1),
(455, '2014-12-02', 18, 20628, 5, 1, 1, 1, 1),
(456, '2014-12-09', 19, 20628, 5, 1, 1, 1, 1),
(457, '2014-12-16', 20, 20628, 5, 1, 1, 1, 1),
(458, '2014-12-02', 18, 20531, 6, 1, 1, 1, 1),
(459, '2014-12-09', 19, 20531, 6, 1, 1, 1, 1),
(460, '2014-12-16', 20, 20531, 6, 1, 1, 1, 1),
(461, '2014-12-02', 18, 20579, 7, 1, 1, 1, 1),
(462, '2014-12-09', 19, 20579, 7, 1, 1, 1, 1),
(463, '2014-12-16', 20, 20579, 7, 1, 1, 1, 1),
(464, '2014-12-02', 18, 17486, 8, 1, 1, 1, 1),
(465, '2014-12-09', 19, 17486, 8, 1, 1, 1, 1),
(466, '2014-12-16', 20, 17486, 8, 1, 1, 1, 1),
(467, '2014-12-02', 18, 20624, 9, NULL, NULL, NULL, NULL),
(468, '2014-12-09', 19, 20624, 9, NULL, NULL, NULL, NULL),
(469, '2014-12-16', 20, 20624, 9, NULL, NULL, NULL, NULL),
(470, '2014-12-02', 18, 15717, 10, 1, 1, 1, 1),
(471, '2014-12-09', 19, 15717, 10, 1, 1, 1, 1),
(472, '2014-12-16', 20, 15717, 10, 1, 1, 1, 1),
(473, '2014-12-02', 18, 14186, 11, 1, 1, 1, 1),
(474, '2014-12-09', 19, 14186, 11, 1, 1, 1, 1),
(475, '2014-12-16', 20, 14186, 11, 1, 1, 1, 1),
(476, '2014-12-02', 18, 17509, 12, NULL, NULL, NULL, NULL),
(477, '2014-12-09', 19, 17509, 12, NULL, NULL, NULL, NULL),
(478, '2014-12-16', 20, 17509, 12, NULL, NULL, NULL, NULL),
(479, '2014-12-02', 18, 19024, 13, NULL, NULL, NULL, NULL),
(480, '2014-12-09', 19, 19024, 13, NULL, NULL, NULL, NULL),
(481, '2014-12-16', 20, 19024, 13, NULL, NULL, NULL, NULL),
(482, '2014-12-02', 18, 19026, 14, 1, 1, 1, 1),
(483, '2014-12-09', 19, 19026, 14, 1, 1, 1, 1),
(484, '2014-12-16', 20, 19026, 14, 1, 1, 1, 1),
(485, '2014-12-02', 18, 15639, 15, 1, 1, 1, 1),
(486, '2014-12-09', 19, 15639, 15, 1, 1, 1, 1),
(487, '2014-12-16', 20, 15639, 15, 1, 1, 1, 1),
(488, '2014-12-02', 18, 19020, 16, 1, 1, 1, 1),
(489, '2014-12-09', 19, 19020, 16, 1, 1, 1, 1),
(490, '2014-12-16', 20, 19020, 16, 1, 1, 1, 1),
(491, '2014-12-02', 18, 8059, 17, 1, 1, 1, 1),
(492, '2014-12-09', 19, 8059, 17, 1, 1, 1, 1),
(493, '2014-12-16', 20, 8059, 17, 1, 1, 1, 1),
(494, '2014-12-02', 18, 15701, 18, 1, 1, 1, 1),
(495, '2014-12-09', 19, 15701, 18, 1, 1, 1, 1),
(496, '2014-12-16', 20, 15701, 18, 1, 1, 1, 1),
(497, '2014-12-02', 18, 15719, 19, 1, 1, 1, 1),
(498, '2014-12-09', 19, 15719, 19, 1, 1, 1, 1),
(499, '2014-12-16', 20, 15719, 19, 1, 1, 1, 1),
(500, '2014-12-02', 18, 13886, 20, 1, 1, 1, 1),
(501, '2014-12-09', 19, 13886, 20, 1, 1, 1, 1),
(502, '2014-12-16', 20, 13886, 20, 1, 1, 1, 1),
(503, '2014-12-02', 18, 17513, 21, 1, 1, 1, 1),
(504, '2014-12-09', 19, 17513, 21, 1, 1, 1, 1),
(505, '2014-12-16', 20, 17513, 21, 1, 1, 1, 1),
(506, '2014-12-02', 18, 15737, 22, 1, 1, 1, 1),
(507, '2014-12-09', 19, 15737, 22, 1, 1, 1, 1),
(508, '2014-12-16', 20, 15737, 22, 1, 1, 1, 1),
(509, '2014-12-02', 18, 20619, 23, 1, 1, 1, 1),
(510, '2014-12-09', 19, 20619, 23, 1, 1, 1, 1),
(511, '2014-12-16', 20, 20619, 23, 1, 1, 1, 1),
(512, '2014-12-02', 18, 20580, 24, 1, 1, 1, 1),
(513, '2014-12-09', 19, 20580, 24, 1, 1, 1, 1),
(514, '2014-12-16', 20, 20580, 24, 1, 1, 1, 1),
(515, '2014-12-02', 18, 16102, 25, 1, 1, 1, 1),
(516, '2014-12-09', 19, 16102, 25, 1, 1, 1, 1),
(517, '2014-12-16', 20, 16102, 25, 1, 1, 1, 1),
(518, '2014-12-02', 18, 20537, 26, 1, 1, 1, 1),
(519, '2014-12-09', 19, 20537, 26, 1, 1, 1, 1),
(520, '2014-12-16', 20, 20537, 26, 1, 1, 1, 1),
(521, '2014-02-20', 21, 15726, 1, 1, 1, 1, 1),
(522, '2014-02-20', 21, 15722, 2, 1, 1, 1, 1),
(523, '2014-02-20', 21, 20525, 29, 1, 1, 1, 1),
(524, '2014-02-20', 21, 20569, 3, 1, 1, 1, 1),
(525, '2014-02-20', 21, 20628, 5, 1, 1, 1, 1),
(526, '2014-02-20', 21, 20565, 32, 1, 1, 1, 1),
(527, '2014-02-20', 21, 20531, 6, 1, 1, 1, 1),
(528, '2014-02-20', 21, 20635, 34, 1, 1, 0, 0),
(529, '2014-02-20', 21, 20532, 35, 1, 1, 1, 0),
(530, '2014-02-20', 21, 20624, 9, 1, 1, 1, 1),
(531, '2014-02-20', 21, 20562, 37, 1, 1, 1, 1),
(532, '2014-02-20', 21, 15717, 10, 1, 1, 1, 1),
(533, '2014-02-20', 21, 14186, 11, 1, 1, 1, 1),
(534, '2014-02-20', 21, 19026, 14, 1, 1, 1, 1),
(535, '2014-02-20', 21, 20529, 41, 1, 1, 1, 1),
(536, '2014-02-20', 21, 5901, 42, 1, 1, 1, 1),
(537, '2014-02-20', 21, 20566, 43, 1, 1, 1, 0),
(538, '2014-02-20', 21, 15639, 15, 1, 1, 1, 1),
(539, '2014-02-20', 21, 20522, 45, NULL, NULL, NULL, NULL),
(540, '2014-02-20', 21, 19020, 16, 0, 0, 0, 0),
(541, '2014-02-20', 21, 20570, 47, 1, 1, 1, 1),
(542, '2014-02-20', 21, 8059, 17, 1, 1, 1, 1),
(543, '2014-02-20', 21, 20519, 49, 1, 1, 1, 1),
(544, '2014-02-20', 21, 20512, 50, 1, 1, 1, 0),
(545, '2014-02-20', 21, 15701, 18, 1, 1, 1, 1),
(546, '2014-02-20', 21, 15719, 19, 1, 1, 1, 1),
(547, '2014-02-20', 21, 20505, 53, 1, 1, 1, 1),
(548, '2014-02-20', 21, 15737, 22, 1, 1, 1, 1),
(549, '2014-02-20', 21, 16102, 25, 1, 1, 1, 1),
(550, '2014-02-20', 21, 20537, 26, 1, 1, 1, 1),
(551, '2014-03-06', 23, 15726, 1, 1, 1, 1, 1),
(552, '2014-03-13', 24, 15726, 1, 1, 1, 1, 1),
(553, '2014-03-20', 25, 15726, 1, 1, 1, 1, 1),
(554, '2014-03-27', 26, 15726, 1, 1, 1, 1, 1),
(555, '2014-03-06', 23, 15722, 2, 1, 1, 1, 1),
(556, '2014-03-13', 24, 15722, 2, 0, 0, 0, 0),
(557, '2014-03-20', 25, 15722, 2, 1, 1, 1, 1),
(558, '2014-03-27', 26, 15722, 2, 1, 1, 1, 1),
(559, '2014-03-06', 23, 20525, 29, 1, 1, 1, 1),
(560, '2014-03-13', 24, 20525, 29, 1, 1, 1, 1),
(561, '2014-03-20', 25, 20525, 29, 1, 1, 1, 1),
(562, '2014-03-27', 26, 20525, 29, 0, 0, 0, 0),
(563, '2014-03-06', 23, 20569, 3, 1, 1, 1, 1),
(564, '2014-03-13', 24, 20569, 3, 1, 1, 1, 1),
(565, '2014-03-20', 25, 20569, 3, 1, 1, 1, 1),
(566, '2014-03-27', 26, 20569, 3, 1, 1, 1, 1),
(567, '2014-03-06', 23, 20628, 5, 0, 1, 1, 1),
(568, '2014-03-13', 24, 20628, 5, 1, 1, 1, 1),
(569, '2014-03-20', 25, 20628, 5, 1, 1, 1, 1),
(570, '2014-03-27', 26, 20628, 5, 1, 1, 1, 1),
(571, '2014-03-06', 23, 20565, 32, 1, 1, 1, 1),
(572, '2014-03-13', 24, 20565, 32, 1, 1, 1, 1),
(573, '2014-03-20', 25, 20565, 32, 1, 1, 1, 1),
(574, '2014-03-27', 26, 20565, 32, 1, 1, 1, 1),
(575, '2014-03-06', 23, 20531, 6, 1, 1, 1, 1),
(576, '2014-03-13', 24, 20531, 6, 1, 1, 1, 1),
(577, '2014-03-20', 25, 20531, 6, 1, 1, 1, 1),
(578, '2014-03-27', 26, 20531, 6, 1, 1, 1, 1),
(579, '2014-03-06', 23, 20635, 34, 0, 0, 0, 0),
(580, '2014-03-13', 24, 20635, 34, 0, 0, 0, 0),
(581, '2014-03-20', 25, 20635, 34, 0, 0, 0, 0),
(582, '2014-03-27', 26, 20635, 34, 0, 0, 0, 0),
(583, '2014-03-06', 23, 20532, 35, 1, 1, 1, 1),
(584, '2014-03-13', 24, 20532, 35, 1, 1, 1, 1),
(585, '2014-03-20', 25, 20532, 35, 1, 1, 1, 1),
(586, '2014-03-27', 26, 20532, 35, 0, 0, 0, 0),
(587, '2014-03-06', 23, 20624, 9, 1, 1, 1, 1),
(588, '2014-03-13', 24, 20624, 9, 0, 1, 1, 1),
(589, '2014-03-20', 25, 20624, 9, 1, 1, 1, 1),
(590, '2014-03-27', 26, 20624, 9, 1, 1, 1, 1),
(591, '2014-03-06', 23, 20562, 37, 1, 1, 1, 1),
(592, '2014-03-13', 24, 20562, 37, 1, 1, 1, 1),
(593, '2014-03-20', 25, 20562, 37, 1, 1, 1, 1),
(594, '2014-03-27', 26, 20562, 37, NULL, NULL, NULL, NULL),
(595, '2014-03-06', 23, 15717, 10, 1, 1, 1, 1),
(596, '2014-03-13', 24, 15717, 10, 1, 1, 1, 1),
(597, '2014-03-20', 25, 15717, 10, 1, 1, 1, 1),
(598, '2014-03-27', 26, 15717, 10, 1, 1, 1, 1),
(599, '2014-03-06', 23, 14186, 11, 1, 1, 1, 1),
(600, '2014-03-13', 24, 14186, 11, 1, 1, 1, 1),
(601, '2014-03-20', 25, 14186, 11, 1, 1, 1, 1),
(602, '2014-03-27', 26, 14186, 11, 1, 1, 1, 1),
(603, '2014-03-06', 23, 19026, 14, 1, 1, 1, 1),
(604, '2014-03-13', 24, 19026, 14, 1, 1, 1, 1),
(605, '2014-03-20', 25, 19026, 14, 0, 0, 0, 0),
(606, '2014-03-27', 26, 19026, 14, 1, 1, 1, 1),
(607, '2014-03-06', 23, 20529, 41, NULL, NULL, NULL, NULL),
(608, '2014-03-13', 24, 20529, 41, NULL, NULL, NULL, NULL),
(609, '2014-03-20', 25, 20529, 41, NULL, NULL, NULL, NULL),
(610, '2014-03-27', 26, 20529, 41, NULL, NULL, NULL, NULL),
(611, '2014-03-06', 23, 5901, 42, 0, 0, 0, 0),
(612, '2014-03-13', 24, 5901, 42, 1, 1, 1, 1),
(613, '2014-03-20', 25, 5901, 42, 1, 1, 1, 1),
(614, '2014-03-27', 26, 5901, 42, 0, 0, 0, 0),
(615, '2014-03-06', 23, 20566, 43, 0, 1, 1, 1),
(616, '2014-03-13', 24, 20566, 43, 1, 1, 1, 1),
(617, '2014-03-20', 25, 20566, 43, NULL, NULL, NULL, NULL),
(618, '2014-03-27', 26, 20566, 43, NULL, NULL, NULL, NULL),
(619, '2014-03-06', 23, 15639, 15, 1, 1, 1, 1),
(620, '2014-03-13', 24, 15639, 15, 1, 1, 0, 0),
(621, '2014-03-20', 25, 15639, 15, 0, 0, 0, 0),
(622, '2014-03-27', 26, 15639, 15, 1, 1, 1, 1),
(623, '2014-03-06', 23, 20522, 45, NULL, NULL, NULL, NULL),
(624, '2014-03-13', 24, 20522, 45, NULL, NULL, NULL, NULL),
(625, '2014-03-20', 25, 20522, 45, NULL, NULL, NULL, NULL),
(626, '2014-03-27', 26, 20522, 45, NULL, NULL, NULL, NULL),
(627, '2014-03-06', 23, 19020, 16, 1, 1, 1, 1),
(628, '2014-03-13', 24, 19020, 16, 1, 1, 1, 1),
(629, '2014-03-20', 25, 19020, 16, 0, 0, 0, 0),
(630, '2014-03-27', 26, 19020, 16, 1, 1, 1, 1),
(631, '2014-03-06', 23, 20570, 47, 1, 1, 1, 1),
(632, '2014-03-13', 24, 20570, 47, 1, 1, 1, 1),
(633, '2014-03-20', 25, 20570, 47, 1, 1, 1, 1),
(634, '2014-03-27', 26, 20570, 47, 1, 1, 1, 1),
(635, '2014-03-06', 23, 8059, 17, 1, 1, 1, 1),
(636, '2014-03-13', 24, 8059, 17, 1, 1, 1, 1),
(637, '2014-03-20', 25, 8059, 17, 1, 1, 1, 1),
(638, '2014-03-27', 26, 8059, 17, 1, 1, 1, 1),
(639, '2014-03-06', 23, 20519, 49, NULL, NULL, NULL, NULL),
(640, '2014-03-13', 24, 20519, 49, NULL, NULL, NULL, NULL),
(641, '2014-03-20', 25, 20519, 49, NULL, NULL, NULL, NULL),
(642, '2014-03-27', 26, 20519, 49, NULL, NULL, NULL, NULL),
(643, '2014-03-06', 23, 20512, 50, 0, 0, 0, 0),
(644, '2014-03-13', 24, 20512, 50, NULL, NULL, NULL, NULL),
(645, '2014-03-20', 25, 20512, 50, NULL, NULL, NULL, NULL),
(646, '2014-03-27', 26, 20512, 50, NULL, NULL, NULL, NULL),
(647, '2014-03-06', 23, 15701, 18, 1, 1, 1, 1),
(648, '2014-03-13', 24, 15701, 18, 1, 1, 1, 1),
(649, '2014-03-20', 25, 15701, 18, 1, 1, 1, 1),
(650, '2014-03-27', 26, 15701, 18, 1, 1, 1, 1),
(651, '2014-03-06', 23, 15719, 19, 1, 1, 1, 1),
(652, '2014-03-13', 24, 15719, 19, 1, 1, 1, 1),
(653, '2014-03-20', 25, 15719, 19, 1, 1, 1, 1),
(654, '2014-03-27', 26, 15719, 19, 1, 1, 1, 1),
(655, '2014-03-06', 23, 20505, 53, 0, 1, 1, 1),
(656, '2014-03-13', 24, 20505, 53, 0, 1, 1, 1),
(657, '2014-03-20', 25, 20505, 53, 0, 0, 1, 1),
(658, '2014-03-27', 26, 20505, 53, 1, 1, 1, 1),
(659, '2014-03-06', 23, 15737, 22, 1, 1, 1, 1),
(660, '2014-03-13', 24, 15737, 22, 1, 1, 1, 1),
(661, '2014-03-20', 25, 15737, 22, 1, 1, 1, 1),
(662, '2014-03-27', 26, 15737, 22, 1, 1, 1, 1),
(663, '2014-03-06', 23, 16102, 25, 1, 1, 1, 1),
(664, '2014-03-13', 24, 16102, 25, 1, 1, 1, 1),
(665, '2014-03-20', 25, 16102, 25, 1, 1, 1, 1),
(666, '2014-03-27', 26, 16102, 25, 1, 1, 1, 1),
(667, '2014-03-06', 23, 20537, 26, 1, 1, 1, 1),
(668, '2014-03-13', 24, 20537, 26, 1, 1, 1, 1),
(669, '2014-03-20', 25, 20537, 26, 1, 1, 1, 1),
(670, '2014-03-27', 26, 20537, 26, 1, 1, 1, 1),
(671, '2014-04-03', 27, 15726, 1, 1, 1, 0, 0),
(672, '2014-04-10', 28, 15726, 1, 1, 1, 1, 1),
(673, '2014-04-17', 29, 15726, 1, 0, 0, 0, 0),
(674, '2014-04-23', 30, 15726, 1, 1, 1, 1, 1),
(675, '2014-04-24', 31, 15726, 1, 1, 1, 1, 1),
(676, '2014-04-03', 27, 15722, 2, 1, 1, 1, 1),
(677, '2014-04-10', 28, 15722, 2, 1, 1, 1, 1),
(678, '2014-04-17', 29, 15722, 2, 1, 1, 1, 1),
(679, '2014-04-23', 30, 15722, 2, 1, 1, 1, 1),
(680, '2014-04-24', 31, 15722, 2, 1, 1, 1, 1),
(681, '2014-04-03', 27, 20525, 29, 1, 1, 0, 0),
(682, '2014-04-10', 28, 20525, 29, 1, 1, 1, 1),
(683, '2014-04-17', 29, 20525, 29, 1, 1, 1, 1),
(684, '2014-04-23', 30, 20525, 29, 1, 1, 1, 1),
(685, '2014-04-24', 31, 20525, 29, 1, 1, 1, 1),
(686, '2014-04-03', 27, 20569, 3, 1, 1, 1, 1),
(687, '2014-04-10', 28, 20569, 3, 1, 1, 1, 1),
(688, '2014-04-17', 29, 20569, 3, 1, 1, 1, 1),
(689, '2014-04-23', 30, 20569, 3, 1, 1, 1, 1),
(690, '2014-04-24', 31, 20569, 3, 1, 1, 1, 1),
(691, '2014-04-03', 27, 20628, 5, 1, 1, 1, 1),
(692, '2014-04-10', 28, 20628, 5, 1, 1, 1, 1),
(693, '2014-04-17', 29, 20628, 5, 1, 1, 1, 1),
(694, '2014-04-23', 30, 20628, 5, 1, 1, 1, 1),
(695, '2014-04-24', 31, 20628, 5, 1, 1, 1, 1),
(696, '2014-04-03', 27, 20565, 32, 1, 1, 1, 1),
(697, '2014-04-10', 28, 20565, 32, 1, 1, 1, 1),
(698, '2014-04-17', 29, 20565, 32, 1, 1, 1, 1),
(699, '2014-04-23', 30, 20565, 32, 1, 1, 1, 1),
(700, '2014-04-24', 31, 20565, 32, 1, 1, 1, 1),
(701, '2014-04-03', 27, 20531, 6, 0, 0, 1, 1),
(702, '2014-04-10', 28, 20531, 6, 1, 1, 1, 1),
(703, '2014-04-17', 29, 20531, 6, 1, 1, 1, 1),
(704, '2014-04-23', 30, 20531, 6, 1, 1, 1, 1),
(705, '2014-04-24', 31, 20531, 6, 1, 1, 1, 1),
(706, '2014-04-03', 27, 20635, 34, 0, 0, 1, 1),
(707, '2014-04-10', 28, 20635, 34, 1, 1, 1, 1),
(708, '2014-04-17', 29, 20635, 34, 0, 0, 0, 0),
(709, '2014-04-23', 30, 20635, 34, 1, 1, 1, 1),
(710, '2014-04-24', 31, 20635, 34, 0, 0, 0, 0),
(711, '2014-04-03', 27, 20532, 35, 0, 0, 1, 1),
(712, '2014-04-10', 28, 20532, 35, 1, 1, 1, 1),
(713, '2014-04-17', 29, 20532, 35, 0, 0, 0, 0),
(714, '2014-04-23', 30, 20532, 35, 1, 1, 1, 1),
(715, '2014-04-24', 31, 20532, 35, 0, 0, 0, 0),
(716, '2014-04-03', 27, 20624, 9, 1, 1, 1, 1),
(717, '2014-04-10', 28, 20624, 9, 1, 1, 1, 1),
(718, '2014-04-17', 29, 20624, 9, 0, 0, 1, 1),
(719, '2014-04-23', 30, 20624, 9, 1, 1, 1, 1),
(720, '2014-04-24', 31, 20624, 9, 1, 1, 1, 1),
(721, '2014-04-03', 27, 20562, 37, NULL, NULL, NULL, NULL),
(722, '2014-04-10', 28, 20562, 37, NULL, NULL, NULL, NULL),
(723, '2014-04-17', 29, 20562, 37, NULL, NULL, NULL, NULL),
(724, '2014-04-23', 30, 20562, 37, NULL, NULL, NULL, NULL),
(725, '2014-04-24', 31, 20562, 37, NULL, NULL, NULL, NULL),
(726, '2014-04-03', 27, 15717, 10, 1, 1, 1, 1),
(727, '2014-04-10', 28, 15717, 10, 1, 1, 1, 1),
(728, '2014-04-17', 29, 15717, 10, 1, 1, 1, 1),
(729, '2014-04-23', 30, 15717, 10, 1, 1, 1, 1),
(730, '2014-04-24', 31, 15717, 10, 1, 1, 1, 1),
(731, '2014-04-03', 27, 14186, 11, 1, 1, 0, 0),
(732, '2014-04-10', 28, 14186, 11, 1, 1, 1, 0),
(733, '2014-04-17', 29, 14186, 11, 0, 0, 0, 1),
(734, '2014-04-23', 30, 14186, 11, 1, 1, 1, 1),
(735, '2014-04-24', 31, 14186, 11, 1, 1, 1, 1),
(736, '2014-04-03', 27, 19026, 14, 1, 1, 1, 1),
(737, '2014-04-10', 28, 19026, 14, 1, 1, 1, 1),
(738, '2014-04-17', 29, 19026, 14, 1, 1, 1, 1),
(739, '2014-04-23', 30, 19026, 14, 1, 1, 1, 1),
(740, '2014-04-24', 31, 19026, 14, 1, 1, 1, 1),
(741, '2014-04-03', 27, 20529, 41, NULL, NULL, NULL, NULL),
(742, '2014-04-10', 28, 20529, 41, NULL, NULL, NULL, NULL),
(743, '2014-04-17', 29, 20529, 41, NULL, NULL, NULL, NULL),
(744, '2014-04-23', 30, 20529, 41, NULL, NULL, NULL, NULL),
(745, '2014-04-24', 31, 20529, 41, NULL, NULL, NULL, NULL),
(746, '2014-04-03', 27, 5901, 42, 1, 1, 0, 0),
(747, '2014-04-10', 28, 5901, 42, 1, 1, 1, 0),
(748, '2014-04-17', 29, 5901, 42, 0, 0, 0, 1),
(749, '2014-04-23', 30, 5901, 42, 1, 1, 1, 1),
(750, '2014-04-24', 31, 5901, 42, 0, 0, 0, 0),
(751, '2014-04-03', 27, 20566, 43, NULL, NULL, NULL, NULL),
(752, '2014-04-10', 28, 20566, 43, NULL, NULL, NULL, NULL),
(753, '2014-04-17', 29, 20566, 43, NULL, NULL, NULL, NULL),
(754, '2014-04-23', 30, 20566, 43, NULL, NULL, NULL, NULL),
(755, '2014-04-24', 31, 20566, 43, NULL, NULL, NULL, NULL),
(756, '2014-04-03', 27, 15639, 15, 1, 1, 1, 1),
(757, '2014-04-10', 28, 15639, 15, 1, 1, 1, 1),
(758, '2014-04-17', 29, 15639, 15, 1, 1, 1, 1),
(759, '2014-04-23', 30, 15639, 15, 1, 1, 1, 1),
(760, '2014-04-24', 31, 15639, 15, 1, 1, 1, 1),
(761, '2014-04-03', 27, 20522, 45, NULL, NULL, NULL, NULL),
(762, '2014-04-10', 28, 20522, 45, NULL, NULL, NULL, NULL),
(763, '2014-04-17', 29, 20522, 45, NULL, NULL, NULL, NULL),
(764, '2014-04-23', 30, 20522, 45, NULL, NULL, NULL, NULL),
(765, '2014-04-24', 31, 20522, 45, NULL, NULL, NULL, NULL),
(766, '2014-04-03', 27, 19020, 16, 1, 1, 1, 1),
(767, '2014-04-10', 28, 19020, 16, 1, 1, 1, 1),
(768, '2014-04-17', 29, 19020, 16, 1, 1, 1, 1),
(769, '2014-04-23', 30, 19020, 16, 1, 1, 1, 1),
(770, '2014-04-24', 31, 19020, 16, 1, 1, 1, 1),
(771, '2014-04-03', 27, 20570, 47, 1, 1, 1, 1),
(772, '2014-04-10', 28, 20570, 47, 0, 0, 0, 0),
(773, '2014-04-17', 29, 20570, 47, 0, 0, 0, 0),
(774, '2014-04-23', 30, 20570, 47, 1, 1, 1, 1),
(775, '2014-04-24', 31, 20570, 47, 0, 0, 0, 0),
(776, '2014-04-03', 27, 8059, 17, 1, 1, 1, 1),
(777, '2014-04-10', 28, 8059, 17, 1, 1, 1, 1),
(778, '2014-04-17', 29, 8059, 17, 1, 1, 1, 1),
(779, '2014-04-23', 30, 8059, 17, 1, 1, 1, 1),
(780, '2014-04-24', 31, 8059, 17, 1, 1, 1, 1),
(781, '2014-04-03', 27, 20519, 49, NULL, NULL, NULL, NULL),
(782, '2014-04-10', 28, 20519, 49, NULL, NULL, NULL, NULL),
(783, '2014-04-17', 29, 20519, 49, NULL, NULL, NULL, NULL),
(784, '2014-04-23', 30, 20519, 49, NULL, NULL, NULL, NULL),
(785, '2014-04-24', 31, 20519, 49, NULL, NULL, NULL, NULL),
(786, '2014-04-03', 27, 20512, 50, NULL, NULL, NULL, NULL),
(787, '2014-04-10', 28, 20512, 50, NULL, NULL, NULL, NULL),
(788, '2014-04-17', 29, 20512, 50, NULL, NULL, NULL, NULL),
(789, '2014-04-23', 30, 20512, 50, NULL, NULL, NULL, NULL),
(790, '2014-04-24', 31, 20512, 50, NULL, NULL, NULL, NULL),
(791, '2014-04-03', 27, 15701, 18, 1, 1, 1, 1),
(792, '2014-04-10', 28, 15701, 18, 1, 1, 1, 1),
(793, '2014-04-17', 29, 15701, 18, 1, 1, 1, 1),
(794, '2014-04-23', 30, 15701, 18, 1, 1, 1, 1),
(795, '2014-04-24', 31, 15701, 18, 1, 1, 1, 1),
(796, '2014-04-03', 27, 15719, 19, 1, 1, 0, 0),
(797, '2014-04-10', 28, 15719, 19, 1, 1, 1, 1),
(798, '2014-04-17', 29, 15719, 19, 1, 1, 1, 1),
(799, '2014-04-23', 30, 15719, 19, 1, 1, 1, 1),
(800, '2014-04-24', 31, 15719, 19, 1, 1, 1, 1),
(801, '2014-04-03', 27, 20505, 53, 1, 1, 0, 0),
(802, '2014-04-10', 28, 20505, 53, 1, 1, 1, 1),
(803, '2014-04-17', 29, 20505, 53, 0, 0, 0, 0),
(804, '2014-04-23', 30, 20505, 53, 1, 1, 1, 1),
(805, '2014-04-24', 31, 20505, 53, 1, 1, 1, 1),
(806, '2014-04-03', 27, 15737, 22, 1, 1, 1, 1),
(807, '2014-04-10', 28, 15737, 22, 1, 1, 1, 1),
(808, '2014-04-17', 29, 15737, 22, 1, 1, 1, 1),
(809, '2014-04-23', 30, 15737, 22, 1, 1, 1, 1),
(810, '2014-04-24', 31, 15737, 22, 1, 1, 1, 1),
(811, '2014-04-03', 27, 16102, 25, 1, 1, 0, 0),
(812, '2014-04-10', 28, 16102, 25, 1, 1, 1, 1),
(813, '2014-04-17', 29, 16102, 25, 0, 0, 0, 0),
(814, '2014-04-23', 30, 16102, 25, 1, 1, 1, 1),
(815, '2014-04-24', 31, 16102, 25, 1, 1, 1, 1),
(816, '2014-04-03', 27, 20537, 26, 1, 1, 1, 1),
(817, '2014-04-10', 28, 20537, 26, 1, 1, 1, 1),
(818, '2014-04-17', 29, 20537, 26, 1, 1, 1, 1),
(819, '2014-04-23', 30, 20537, 26, 1, 1, 1, 1),
(820, '2014-04-24', 31, 20537, 26, 1, 1, 1, 1),
(821, '2014-05-08', 32, 15726, 1, 1, 1, 1, 1),
(822, '2014-05-15', 33, 15726, 1, 1, 1, 1, 1),
(823, '2014-05-22', 34, 15726, 1, 1, 1, 1, 1),
(824, '2014-05-29', 35, 15726, 1, 1, 1, 0, 0),
(825, '2014-05-08', 32, 15722, 2, 1, 1, 1, 1),
(826, '2014-05-15', 33, 15722, 2, 1, 1, 1, 1),
(827, '2014-05-22', 34, 15722, 2, 1, 1, 1, 1),
(828, '2014-05-29', 35, 15722, 2, 1, 1, 1, 1),
(829, '2014-05-08', 32, 20525, 29, 1, 1, 1, 1),
(830, '2014-05-15', 33, 20525, 29, 1, 1, 1, 1),
(831, '2014-05-22', 34, 20525, 29, 0, 0, 0, 0),
(832, '2014-05-29', 35, 20525, 29, 0, 0, 0, 0),
(833, '2014-05-08', 32, 20569, 3, 1, 1, 1, 1),
(834, '2014-05-15', 33, 20569, 3, 1, 1, 1, 1),
(835, '2014-05-22', 34, 20569, 3, 1, 1, 1, 1),
(836, '2014-05-29', 35, 20569, 3, 1, 1, 1, 1),
(837, '2014-05-08', 32, 20628, 5, 1, 1, 1, 1),
(838, '2014-05-15', 33, 20628, 5, 1, 1, 1, 1),
(839, '2014-05-22', 34, 20628, 5, 1, 1, 1, 1),
(840, '2014-05-29', 35, 20628, 5, 1, 1, 1, 1),
(841, '2014-05-08', 32, 20565, 32, 1, 1, 1, 1),
(842, '2014-05-15', 33, 20565, 32, 1, 1, 1, 1),
(843, '2014-05-22', 34, 20565, 32, 1, 1, 1, 1),
(844, '2014-05-29', 35, 20565, 32, 1, 1, 1, 1),
(845, '2014-05-08', 32, 20531, 6, 1, 1, 1, 1),
(846, '2014-05-15', 33, 20531, 6, 1, 1, 1, 1),
(847, '2014-05-22', 34, 20531, 6, 1, 1, 1, 1),
(848, '2014-05-29', 35, 20531, 6, 1, 1, 1, 1),
(849, '2014-05-08', 32, 20635, 34, 1, 1, 1, 1),
(850, '2014-05-15', 33, 20635, 34, 1, 1, 1, 1),
(851, '2014-05-22', 34, 20635, 34, 0, 0, 0, 0),
(852, '2014-05-29', 35, 20635, 34, 0, 0, 0, 0),
(853, '2014-05-08', 32, 20532, 35, 1, 1, 1, 1),
(854, '2014-05-15', 33, 20532, 35, 1, 1, 1, 1),
(855, '2014-05-22', 34, 20532, 35, 0, 0, 0, 0),
(856, '2014-05-29', 35, 20532, 35, 0, 0, 0, 0),
(857, '2014-05-08', 32, 20624, 9, 1, 1, 1, 1),
(858, '2014-05-15', 33, 20624, 9, 1, 1, 1, 1),
(859, '2014-05-22', 34, 20624, 9, 1, 1, 1, 1),
(860, '2014-05-29', 35, 20624, 9, 1, 1, 1, 0),
(861, '2014-05-08', 32, 20562, 37, NULL, NULL, NULL, NULL),
(862, '2014-05-15', 33, 20562, 37, NULL, NULL, NULL, NULL),
(863, '2014-05-22', 34, 20562, 37, NULL, NULL, NULL, NULL),
(864, '2014-05-29', 35, 20562, 37, NULL, NULL, NULL, NULL),
(865, '2014-05-08', 32, 15717, 10, 1, 1, 1, 1),
(866, '2014-05-15', 33, 15717, 10, 1, 1, 1, 1),
(867, '2014-05-22', 34, 15717, 10, 1, 1, 1, 1),
(868, '2014-05-29', 35, 15717, 10, 1, 1, 1, 1),
(869, '2014-05-08', 32, 14186, 11, 1, 1, 1, 1),
(870, '2014-05-15', 33, 14186, 11, 1, 1, 1, 1),
(871, '2014-05-22', 34, 14186, 11, 1, 1, 1, 1),
(872, '2014-05-29', 35, 14186, 11, 0, 0, 0, 0),
(873, '2014-05-08', 32, 19026, 14, 1, 1, 1, 1),
(874, '2014-05-15', 33, 19026, 14, 1, 1, 1, 1),
(875, '2014-05-22', 34, 19026, 14, 1, 1, 1, 1),
(876, '2014-05-29', 35, 19026, 14, 1, 1, 0, 0),
(877, '2014-05-08', 32, 20529, 41, NULL, NULL, NULL, NULL),
(878, '2014-05-15', 33, 20529, 41, NULL, NULL, NULL, NULL),
(879, '2014-05-22', 34, 20529, 41, NULL, NULL, NULL, NULL),
(880, '2014-05-29', 35, 20529, 41, NULL, NULL, NULL, NULL),
(881, '2014-05-08', 32, 5901, 42, NULL, NULL, NULL, NULL),
(882, '2014-05-15', 33, 5901, 42, NULL, NULL, NULL, NULL),
(883, '2014-05-22', 34, 5901, 42, NULL, NULL, NULL, NULL),
(884, '2014-05-29', 35, 5901, 42, NULL, NULL, NULL, NULL),
(885, '2014-05-08', 32, 20566, 43, NULL, NULL, NULL, NULL),
(886, '2014-05-15', 33, 20566, 43, NULL, NULL, NULL, NULL),
(887, '2014-05-22', 34, 20566, 43, NULL, NULL, NULL, NULL),
(888, '2014-05-29', 35, 20566, 43, NULL, NULL, NULL, NULL),
(889, '2014-05-08', 32, 15639, 15, 1, 1, 1, 1),
(890, '2014-05-15', 33, 15639, 15, 1, 1, 1, 1),
(891, '2014-05-22', 34, 15639, 15, 1, 1, 1, 1),
(892, '2014-05-29', 35, 15639, 15, 0, 0, 0, 0),
(893, '2014-05-08', 32, 20522, 45, NULL, NULL, NULL, NULL),
(894, '2014-05-15', 33, 20522, 45, NULL, NULL, NULL, NULL),
(895, '2014-05-22', 34, 20522, 45, NULL, NULL, NULL, NULL),
(896, '2014-05-29', 35, 20522, 45, NULL, NULL, NULL, NULL),
(897, '2014-05-08', 32, 19020, 16, 1, 1, 1, 1),
(898, '2014-05-15', 33, 19020, 16, 1, 1, 1, 1),
(899, '2014-05-22', 34, 19020, 16, 1, 1, 1, 1),
(900, '2014-05-29', 35, 19020, 16, 0, 0, 0, 0),
(901, '2014-05-08', 32, 20570, 47, 1, 1, 1, 1),
(902, '2014-05-15', 33, 20570, 47, 1, 1, 1, 1),
(903, '2014-05-22', 34, 20570, 47, 0, 0, 0, 0),
(904, '2014-05-29', 35, 20570, 47, 0, 0, 0, 0),
(905, '2014-05-08', 32, 8059, 17, 1, 1, 1, 1),
(906, '2014-05-15', 33, 8059, 17, 1, 1, 1, 1),
(907, '2014-05-22', 34, 8059, 17, 1, 1, 1, 1),
(908, '2014-05-29', 35, 8059, 17, 1, 1, 1, 1),
(909, '2014-05-08', 32, 20519, 49, NULL, NULL, NULL, NULL),
(910, '2014-05-15', 33, 20519, 49, NULL, NULL, NULL, NULL),
(911, '2014-05-22', 34, 20519, 49, NULL, NULL, NULL, NULL),
(912, '2014-05-29', 35, 20519, 49, NULL, NULL, NULL, NULL),
(913, '2014-05-08', 32, 20512, 50, NULL, NULL, NULL, NULL),
(914, '2014-05-15', 33, 20512, 50, NULL, NULL, NULL, NULL),
(915, '2014-05-22', 34, 20512, 50, NULL, NULL, NULL, NULL),
(916, '2014-05-29', 35, 20512, 50, NULL, NULL, NULL, NULL),
(917, '2014-05-08', 32, 15701, 18, 1, 1, 1, 1),
(918, '2014-05-15', 33, 15701, 18, 1, 1, 1, 1),
(919, '2014-05-22', 34, 15701, 18, 1, 1, 1, 1),
(920, '2014-05-29', 35, 15701, 18, 0, 0, 0, 0),
(921, '2014-05-08', 32, 15719, 19, 1, 1, 1, 1),
(922, '2014-05-15', 33, 15719, 19, 1, 1, 1, 1),
(923, '2014-05-22', 34, 15719, 19, 1, 1, 1, 1),
(924, '2014-05-29', 35, 15719, 19, 1, 1, 1, 1),
(925, '2014-05-08', 32, 20505, 53, 1, 1, 1, 1),
(926, '2014-05-15', 33, 20505, 53, 1, 1, 1, 1),
(927, '2014-05-22', 34, 20505, 53, 1, 1, 1, 1),
(928, '2014-05-29', 35, 20505, 53, 0, 0, 0, 0),
(929, '2014-05-08', 32, 15737, 22, 1, 1, 1, 1),
(930, '2014-05-15', 33, 15737, 22, 1, 1, 1, 1),
(931, '2014-05-22', 34, 15737, 22, 1, 1, 1, 1),
(932, '2014-05-29', 35, 15737, 22, 1, 1, 1, 1),
(933, '2014-05-08', 32, 16102, 25, 1, 1, 1, 1),
(934, '2014-05-15', 33, 16102, 25, 1, 1, 1, 1),
(935, '2014-05-22', 34, 16102, 25, 1, 1, 1, 1),
(936, '2014-05-29', 35, 16102, 25, 1, 1, 1, 1),
(937, '2014-05-08', 32, 20537, 26, 1, 1, 1, 1),
(938, '2014-05-15', 33, 20537, 26, 1, 1, 1, 1),
(939, '2014-05-22', 34, 20537, 26, 1, 1, 1, 1),
(940, '2014-05-29', 35, 20537, 26, 1, 1, 1, 1),
(941, '2014-06-05', 36, 15726, 1, 1, 1, 1, 1),
(942, '2014-06-12', 37, 15726, 1, 1, 1, 1, 1),
(943, '2014-06-26', 38, 15726, 1, 1, 1, 1, 1),
(944, '2014-06-05', 36, 15722, 2, 1, 1, 1, 1),
(945, '2014-06-12', 37, 15722, 2, 1, 1, 1, 1),
(946, '2014-06-26', 38, 15722, 2, 1, 1, 1, 1),
(947, '2014-06-05', 36, 20525, 29, 1, 1, 1, 1),
(948, '2014-06-12', 37, 20525, 29, 0, 0, 0, 0),
(949, '2014-06-26', 38, 20525, 29, 0, 0, 0, 0),
(950, '2014-06-05', 36, 20569, 3, 1, 1, 1, 1),
(951, '2014-06-12', 37, 20569, 3, 1, 1, 1, 1),
(952, '2014-06-26', 38, 20569, 3, 1, 1, 1, 1),
(953, '2014-06-05', 36, 20628, 5, 1, 1, 1, 1),
(954, '2014-06-12', 37, 20628, 5, 1, 1, 1, 1),
(955, '2014-06-26', 38, 20628, 5, 0, 0, 0, 0),
(956, '2014-06-05', 36, 20565, 32, 1, 1, 1, 1),
(957, '2014-06-12', 37, 20565, 32, 1, 1, 1, 1),
(958, '2014-06-26', 38, 20565, 32, 1, 1, 1, 1),
(959, '2014-06-05', 36, 20531, 6, 1, 1, 1, 1),
(960, '2014-06-12', 37, 20531, 6, 1, 1, 1, 1),
(961, '2014-06-26', 38, 20531, 6, 1, 1, 1, 1),
(962, '2014-06-05', 36, 20635, 34, 1, 1, 1, 1),
(963, '2014-06-12', 37, 20635, 34, 0, 0, 0, 0),
(964, '2014-06-26', 38, 20635, 34, 0, 0, 0, 0),
(965, '2014-06-05', 36, 20532, 35, NULL, NULL, NULL, NULL),
(966, '2014-06-12', 37, 20532, 35, NULL, NULL, NULL, NULL),
(967, '2014-06-26', 38, 20532, 35, NULL, NULL, NULL, NULL),
(968, '2014-06-05', 36, 20624, 9, 1, 1, 1, 1),
(969, '2014-06-12', 37, 20624, 9, 1, 1, 1, 1),
(970, '2014-06-26', 38, 20624, 9, 1, 1, 1, 1),
(971, '2014-06-05', 36, 20562, 37, NULL, NULL, NULL, NULL),
(972, '2014-06-12', 37, 20562, 37, NULL, NULL, NULL, NULL),
(973, '2014-06-26', 38, 20562, 37, NULL, NULL, NULL, NULL),
(974, '2014-06-05', 36, 15717, 10, 1, 1, 1, 1),
(975, '2014-06-12', 37, 15717, 10, 1, 1, 1, 1),
(976, '2014-06-26', 38, 15717, 10, 1, 1, 1, 1),
(977, '2014-06-05', 36, 14186, 11, 1, 1, 1, 1),
(978, '2014-06-12', 37, 14186, 11, 1, 1, 1, 1),
(979, '2014-06-26', 38, 14186, 11, 1, 1, 1, 1),
(980, '2014-06-05', 36, 19026, 14, 1, 1, 1, 1),
(981, '2014-06-12', 37, 19026, 14, 1, 1, 1, 1),
(982, '2014-06-26', 38, 19026, 14, 1, 1, 1, 1),
(983, '2014-06-05', 36, 20529, 41, NULL, NULL, NULL, NULL),
(984, '2014-06-12', 37, 20529, 41, NULL, NULL, NULL, NULL),
(985, '2014-06-26', 38, 20529, 41, NULL, NULL, NULL, NULL),
(986, '2014-06-05', 36, 5901, 42, NULL, NULL, NULL, NULL),
(987, '2014-06-12', 37, 5901, 42, NULL, NULL, NULL, NULL),
(988, '2014-06-26', 38, 5901, 42, NULL, NULL, NULL, NULL),
(989, '2014-06-05', 36, 20566, 43, NULL, NULL, NULL, NULL),
(990, '2014-06-12', 37, 20566, 43, NULL, NULL, NULL, NULL),
(991, '2014-06-26', 38, 20566, 43, NULL, NULL, NULL, NULL),
(992, '2014-06-05', 36, 15639, 15, 1, 1, 1, 1),
(993, '2014-06-12', 37, 15639, 15, 1, 1, 1, 1),
(994, '2014-06-26', 38, 15639, 15, 1, 1, 1, 1),
(995, '2014-06-05', 36, 20522, 45, NULL, NULL, NULL, NULL),
(996, '2014-06-12', 37, 20522, 45, NULL, NULL, NULL, NULL),
(997, '2014-06-26', 38, 20522, 45, NULL, NULL, NULL, NULL),
(998, '2014-06-05', 36, 19020, 16, 1, 1, 1, 1),
(999, '2014-06-12', 37, 19020, 16, 1, 1, 1, 1),
(1000, '2014-06-26', 38, 19020, 16, 1, 1, 1, 1),
(1001, '2014-06-05', 36, 20570, 47, NULL, NULL, NULL, NULL),
(1002, '2014-06-12', 37, 20570, 47, NULL, NULL, NULL, NULL),
(1003, '2014-06-26', 38, 20570, 47, NULL, NULL, NULL, NULL),
(1004, '2014-06-05', 36, 8059, 17, 1, 1, 1, 1),
(1005, '2014-06-12', 37, 8059, 17, 1, 1, 1, 1),
(1006, '2014-06-26', 38, 8059, 17, 1, 1, 1, 1),
(1007, '2014-06-05', 36, 20519, 49, NULL, NULL, NULL, NULL),
(1008, '2014-06-12', 37, 20519, 49, NULL, NULL, NULL, NULL),
(1009, '2014-06-26', 38, 20519, 49, NULL, NULL, NULL, NULL),
(1010, '2014-06-05', 36, 20512, 50, NULL, NULL, NULL, NULL),
(1011, '2014-06-12', 37, 20512, 50, NULL, NULL, NULL, NULL),
(1012, '2014-06-26', 38, 20512, 50, NULL, NULL, NULL, NULL),
(1013, '2014-06-05', 36, 15701, 18, 1, 1, 1, 1),
(1014, '2014-06-12', 37, 15701, 18, 1, 1, 1, 1),
(1015, '2014-06-26', 38, 15701, 18, 1, 1, 1, 1),
(1016, '2014-06-05', 36, 15719, 19, 1, 1, 1, 1),
(1017, '2014-06-12', 37, 15719, 19, 1, 1, 1, 1),
(1018, '2014-06-26', 38, 15719, 19, 1, 1, 1, 1),
(1019, '2014-06-05', 36, 20505, 53, 0, 0, 0, 0),
(1020, '2014-06-12', 37, 20505, 53, 0, 0, 0, 0),
(1021, '2014-06-26', 38, 20505, 53, 0, 0, 0, 0),
(1022, '2014-06-05', 36, 15737, 22, 1, 1, 1, 1),
(1023, '2014-06-12', 37, 15737, 22, 1, 1, 1, 1),
(1024, '2014-06-26', 38, 15737, 22, 1, 1, 1, 1),
(1025, '2014-06-05', 36, 16102, 25, 1, 1, 1, 1),
(1026, '2014-06-12', 37, 16102, 25, 1, 1, 1, 1),
(1027, '2014-06-26', 38, 16102, 25, 1, 1, 1, 1),
(1028, '2014-06-05', 36, 20537, 26, 1, 1, 1, 1),
(1029, '2014-06-12', 37, 20537, 26, 1, 1, 1, 1),
(1030, '2014-06-26', 38, 20537, 26, 1, 1, 1, 1),
(1031, '2014-07-03', 39, 15726, 1, 0, 0, 0, 0),
(1032, '2014-07-04', 40, 15726, 1, 1, 1, 1, 1),
(1033, '2014-07-10', 41, 15726, 1, 1, 1, 1, 1),
(1034, '2014-07-03', 39, 15722, 2, 1, 1, 1, 1),
(1035, '2014-07-04', 40, 15722, 2, 1, 1, 1, 1),
(1036, '2014-07-10', 41, 15722, 2, 1, 1, 1, 1),
(1037, '2014-07-03', 39, 20525, 29, 0, 0, 0, 0),
(1038, '2014-07-04', 40, 20525, 29, 0, 0, 0, 0),
(1039, '2014-07-10', 41, 20525, 29, NULL, NULL, NULL, NULL),
(1040, '2014-07-03', 39, 20569, 3, 1, 1, 1, 1),
(1041, '2014-07-04', 40, 20569, 3, 1, 1, 1, 1),
(1042, '2014-07-10', 41, 20569, 3, 1, 1, 1, 1),
(1043, '2014-07-03', 39, 20628, 5, 1, 1, 1, 1),
(1044, '2014-07-04', 40, 20628, 5, 1, 1, 1, 1),
(1045, '2014-07-10', 41, 20628, 5, 1, 1, 1, 1),
(1046, '2014-07-03', 39, 20565, 32, 1, 1, 1, 1),
(1047, '2014-07-04', 40, 20565, 32, 1, 1, 1, 1),
(1048, '2014-07-10', 41, 20565, 32, 1, 1, 1, 1),
(1049, '2014-07-03', 39, 20531, 6, 1, 1, 1, 1),
(1050, '2014-07-04', 40, 20531, 6, 1, 1, 1, 1),
(1051, '2014-07-10', 41, 20531, 6, 1, 1, 1, 1),
(1052, '2014-07-03', 39, 20635, 34, 0, 0, 0, 0),
(1053, '2014-07-04', 40, 20635, 34, 0, 0, 0, 0),
(1054, '2014-07-10', 41, 20635, 34, 0, 0, 0, 0);
INSERT INTO `faltas` (`id_faltas`, `Data_aula_data_aula`, `Data_aula_id_data`, `Alunos_matricula`, `Alunos_id_aluno`, `p1`, `p2`, `p3`, `p4`) VALUES
(1055, '2014-07-03', 39, 20532, 35, NULL, NULL, NULL, NULL),
(1056, '2014-07-04', 40, 20532, 35, NULL, NULL, NULL, NULL),
(1057, '2014-07-10', 41, 20532, 35, NULL, NULL, NULL, NULL),
(1058, '2014-07-03', 39, 20624, 9, 1, 1, 1, 1),
(1059, '2014-07-04', 40, 20624, 9, 1, 1, 1, 1),
(1060, '2014-07-10', 41, 20624, 9, 1, 1, 1, 1),
(1061, '2014-07-03', 39, 20562, 37, NULL, NULL, NULL, NULL),
(1062, '2014-07-04', 40, 20562, 37, NULL, NULL, NULL, NULL),
(1063, '2014-07-10', 41, 20562, 37, NULL, NULL, NULL, NULL),
(1064, '2014-07-03', 39, 15717, 10, 1, 1, 1, 1),
(1065, '2014-07-04', 40, 15717, 10, 1, 1, 1, 1),
(1066, '2014-07-10', 41, 15717, 10, 1, 1, 1, 1),
(1067, '2014-07-03', 39, 14186, 11, 1, 1, 1, 1),
(1068, '2014-07-04', 40, 14186, 11, 1, 1, 1, 1),
(1069, '2014-07-10', 41, 14186, 11, 1, 1, 1, 1),
(1070, '2014-07-03', 39, 19026, 14, 1, 1, 1, 1),
(1071, '2014-07-04', 40, 19026, 14, 1, 1, 1, 1),
(1072, '2014-07-10', 41, 19026, 14, 1, 1, 1, 1),
(1073, '2014-07-03', 39, 20529, 41, NULL, NULL, NULL, NULL),
(1074, '2014-07-04', 40, 20529, 41, NULL, NULL, NULL, NULL),
(1075, '2014-07-10', 41, 20529, 41, NULL, NULL, NULL, NULL),
(1076, '2014-07-03', 39, 5901, 42, NULL, NULL, NULL, NULL),
(1077, '2014-07-04', 40, 5901, 42, NULL, NULL, NULL, NULL),
(1078, '2014-07-10', 41, 5901, 42, NULL, NULL, NULL, NULL),
(1079, '2014-07-03', 39, 20566, 43, NULL, NULL, NULL, NULL),
(1080, '2014-07-04', 40, 20566, 43, NULL, NULL, NULL, NULL),
(1081, '2014-07-10', 41, 20566, 43, NULL, NULL, NULL, NULL),
(1082, '2014-07-03', 39, 15639, 15, 1, 1, 1, 1),
(1083, '2014-07-04', 40, 15639, 15, 1, 1, 1, 1),
(1084, '2014-07-10', 41, 15639, 15, 1, 1, 1, 1),
(1085, '2014-07-03', 39, 20522, 45, NULL, NULL, NULL, NULL),
(1086, '2014-07-04', 40, 20522, 45, NULL, NULL, NULL, NULL),
(1087, '2014-07-10', 41, 20522, 45, NULL, NULL, NULL, NULL),
(1088, '2014-07-03', 39, 19020, 16, 1, 1, 1, 1),
(1089, '2014-07-04', 40, 19020, 16, 1, 1, 1, 1),
(1090, '2014-07-10', 41, 19020, 16, 1, 1, 1, 1),
(1091, '2014-07-03', 39, 20570, 47, NULL, NULL, NULL, NULL),
(1092, '2014-07-04', 40, 20570, 47, NULL, NULL, NULL, NULL),
(1093, '2014-07-10', 41, 20570, 47, NULL, NULL, NULL, NULL),
(1094, '2014-07-03', 39, 8059, 17, 1, 1, 1, 1),
(1095, '2014-07-04', 40, 8059, 17, 1, 1, 1, 1),
(1096, '2014-07-10', 41, 8059, 17, 1, 1, 1, 1),
(1097, '2014-07-03', 39, 20519, 49, NULL, NULL, NULL, NULL),
(1098, '2014-07-04', 40, 20519, 49, NULL, NULL, NULL, NULL),
(1099, '2014-07-10', 41, 20519, 49, NULL, NULL, NULL, NULL),
(1100, '2014-07-03', 39, 20512, 50, NULL, NULL, NULL, NULL),
(1101, '2014-07-04', 40, 20512, 50, NULL, NULL, NULL, NULL),
(1102, '2014-07-10', 41, 20512, 50, NULL, NULL, NULL, NULL),
(1103, '2014-07-03', 39, 15701, 18, 1, 1, 1, 1),
(1104, '2014-07-04', 40, 15701, 18, 1, 1, 1, 1),
(1105, '2014-07-10', 41, 15701, 18, 1, 1, 1, 1),
(1106, '2014-07-03', 39, 15719, 19, 1, 1, 1, 1),
(1107, '2014-07-04', 40, 15719, 19, 1, 1, 1, 1),
(1108, '2014-07-10', 41, 15719, 19, 1, 1, 1, 1),
(1109, '2014-07-03', 39, 20505, 53, 0, 0, 0, 0),
(1110, '2014-07-04', 40, 20505, 53, 0, 0, 0, 0),
(1111, '2014-07-10', 41, 20505, 53, 0, 0, 0, 0),
(1112, '2014-07-03', 39, 15737, 22, 1, 1, 1, 1),
(1113, '2014-07-04', 40, 15737, 22, 1, 1, 1, 1),
(1114, '2014-07-10', 41, 15737, 22, 1, 1, 1, 1),
(1115, '2014-07-03', 39, 16102, 25, 0, 0, 0, 0),
(1116, '2014-07-04', 40, 16102, 25, 0, 0, 0, 0),
(1117, '2014-07-10', 41, 16102, 25, 0, 0, 0, 0),
(1118, '2014-07-03', 39, 20537, 26, 1, 1, 1, 1),
(1119, '2014-07-04', 40, 20537, 26, 1, 1, 1, 1),
(1120, '2014-07-10', 41, 20537, 26, 1, 1, 1, 1),
(1121, '2015-02-20', 42, 20569, 3, 1, 1, 1, 1),
(1122, '2015-02-27', 43, 20569, 3, 1, 1, 1, 1),
(1123, '2015-02-20', 42, 21365, 55, 0, 0, 0, 0),
(1124, '2015-02-27', 43, 21365, 55, 1, 1, 1, 1),
(1125, '2015-02-20', 42, 21367, 56, 0, 0, 0, 0),
(1126, '2015-02-27', 43, 21367, 56, 1, 1, 0, 0),
(1127, '2015-02-20', 42, 258, 57, 1, 1, 1, 1),
(1128, '2015-02-27', 43, 258, 57, 1, 1, 1, 1),
(1129, '2015-02-20', 42, 21391, 58, 1, 1, 1, 1),
(1130, '2015-02-27', 43, 21391, 58, 1, 1, 1, 1),
(1131, '2015-02-20', 42, 21364, 59, 1, 1, 1, 1),
(1132, '2015-02-27', 43, 21364, 59, 1, 1, 1, 1),
(1133, '2015-02-20', 42, 21393, 60, 1, 1, 1, 1),
(1134, '2015-02-27', 43, 21393, 60, 1, 1, 1, 1),
(1135, '2015-02-20', 42, 23090, 61, 1, 1, 1, 1),
(1136, '2015-02-27', 43, 23090, 61, 1, 1, 1, 1),
(1137, '2015-02-20', 42, 19020, 16, 0, 0, 0, 0),
(1138, '2015-02-27', 43, 19020, 16, 0, 0, 0, 0),
(1139, '2015-02-20', 42, 13886, 20, 1, 1, 1, 1),
(1140, '2015-02-27', 43, 13886, 20, 1, 1, 1, 1),
(1141, '2015-02-20', 42, 14216, 64, 1, 1, 1, 1),
(1142, '2015-02-27', 43, 14216, 64, 0, 0, 0, 0),
(1143, '2015-02-20', 42, 23301, 65, 1, 1, 1, 1),
(1144, '2015-02-27', 43, 23301, 65, 1, 1, 1, 1),
(1145, '2015-03-06', 44, 20569, 3, 1, 1, 1, 1),
(1146, '2015-03-13', 45, 20569, 3, 1, 1, 1, 1),
(1147, '2015-03-20', 46, 20569, 3, 1, 1, 1, 1),
(1148, '2015-03-27', 47, 20569, 3, 1, 1, 1, 1),
(1149, '2015-03-06', 44, 21365, 55, 1, 1, 1, 1),
(1150, '2015-03-13', 45, 21365, 55, 1, 1, 1, 1),
(1151, '2015-03-20', 46, 21365, 55, 1, 1, 1, 1),
(1152, '2015-03-27', 47, 21365, 55, 1, 1, 1, 1),
(1153, '2015-03-06', 44, 21367, 56, 0, 0, 0, 0),
(1154, '2015-03-13', 45, 21367, 56, 0, 0, 0, 0),
(1155, '2015-03-20', 46, 21367, 56, NULL, NULL, NULL, NULL),
(1156, '2015-03-27', 47, 21367, 56, NULL, NULL, NULL, NULL),
(1157, '2015-03-06', 44, 258, 57, 1, 1, 1, 1),
(1158, '2015-03-13', 45, 258, 57, 1, 1, 1, 1),
(1159, '2015-03-20', 46, 258, 57, 0, 0, 0, 0),
(1160, '2015-03-27', 47, 258, 57, 1, 1, 1, 1),
(1161, '2015-03-06', 44, 21391, 58, 1, 1, 1, 1),
(1162, '2015-03-13', 45, 21391, 58, 1, 1, 1, 1),
(1163, '2015-03-20', 46, 21391, 58, 1, 1, 1, 1),
(1164, '2015-03-27', 47, 21391, 58, 0, 0, 0, 0),
(1165, '2015-03-06', 44, 21364, 59, 1, 1, 1, 1),
(1166, '2015-03-13', 45, 21364, 59, 1, 1, 1, 1),
(1167, '2015-03-20', 46, 21364, 59, 1, 1, 1, 1),
(1168, '2015-03-27', 47, 21364, 59, 1, 1, 1, 1),
(1169, '2015-03-06', 44, 21393, 60, 0, 0, 0, 0),
(1170, '2015-03-13', 45, 21393, 60, 1, 1, 1, 1),
(1171, '2015-03-20', 46, 21393, 60, 1, 1, 1, 1),
(1172, '2015-03-27', 47, 21393, 60, 0, 0, 0, 0),
(1173, '2015-03-06', 44, 23090, 61, 1, 1, 1, 1),
(1174, '2015-03-13', 45, 23090, 61, 1, 1, 1, 1),
(1175, '2015-03-20', 46, 23090, 61, 1, 1, 1, 1),
(1176, '2015-03-27', 47, 23090, 61, 1, 1, 1, 1),
(1177, '2015-03-06', 44, 19020, 16, 1, 1, 1, 1),
(1178, '2015-03-13', 45, 19020, 16, 1, 1, 1, 1),
(1179, '2015-03-20', 46, 19020, 16, 0, 0, 0, 0),
(1180, '2015-03-27', 47, 19020, 16, 1, 1, 1, 1),
(1181, '2015-03-06', 44, 13886, 20, 1, 1, 1, 1),
(1182, '2015-03-13', 45, 13886, 20, 1, 1, 1, 1),
(1183, '2015-03-20', 46, 13886, 20, 1, 1, 1, 1),
(1184, '2015-03-27', 47, 13886, 20, 1, 1, 1, 1),
(1185, '2015-03-06', 44, 14216, 64, 0, 0, 0, 0),
(1186, '2015-03-13', 45, 14216, 64, 0, 0, 0, 0),
(1187, '2015-03-20', 46, 14216, 64, 0, 0, 0, 0),
(1188, '2015-03-27', 47, 14216, 64, 0, 0, 1, 1),
(1189, '2015-03-06', 44, 23301, 65, 1, 1, 1, 1),
(1190, '2015-03-13', 45, 23301, 65, 1, 1, 1, 1),
(1191, '2015-03-20', 46, 23301, 65, 1, 1, 1, 1),
(1192, '2015-03-27', 47, 23301, 65, 0, 0, 0, 0),
(1193, '2015-04-10', 48, 20569, 3, 1, 1, 1, 1),
(1194, '2015-04-17', 49, 20569, 3, 1, 1, 1, 1),
(1195, '2015-04-20', 50, 20569, 3, 1, 1, 1, 1),
(1196, '2015-04-24', 51, 20569, 3, 1, 1, 1, 1),
(1197, '2015-04-10', 48, 21365, 55, 1, 1, 1, 1),
(1198, '2015-04-17', 49, 21365, 55, 1, 1, 1, 1),
(1199, '2015-04-20', 50, 21365, 55, 1, 1, 1, 1),
(1200, '2015-04-24', 51, 21365, 55, 1, 1, 1, 1),
(1201, '2015-04-10', 48, 21367, 56, 0, 0, 0, 0),
(1202, '2015-04-17', 49, 21367, 56, 0, 0, 0, 0),
(1203, '2015-04-20', 50, 21367, 56, NULL, NULL, NULL, NULL),
(1204, '2015-04-24', 51, 21367, 56, NULL, NULL, NULL, NULL),
(1205, '2015-04-10', 48, 258, 57, 1, 1, 1, 1),
(1206, '2015-04-17', 49, 258, 57, 0, 0, 0, 0),
(1207, '2015-04-20', 50, 258, 57, 1, 1, 1, 1),
(1208, '2015-04-24', 51, 258, 57, 1, 1, 1, 1),
(1209, '2015-04-10', 48, 21391, 58, 1, 1, 1, 1),
(1210, '2015-04-17', 49, 21391, 58, 0, 0, 0, 0),
(1211, '2015-04-20', 50, 21391, 58, 1, 1, 1, 1),
(1212, '2015-04-24', 51, 21391, 58, 1, 1, 1, 1),
(1213, '2015-04-10', 48, 21364, 59, 1, 1, 1, 1),
(1214, '2015-04-17', 49, 21364, 59, 1, 1, 1, 1),
(1215, '2015-04-20', 50, 21364, 59, 1, 1, 1, 1),
(1216, '2015-04-24', 51, 21364, 59, 1, 1, 1, 1),
(1217, '2015-04-10', 48, 21393, 60, 0, 0, 0, 0),
(1218, '2015-04-17', 49, 21393, 60, 1, 1, 1, 1),
(1219, '2015-04-20', 50, 21393, 60, 1, 1, 1, 1),
(1220, '2015-04-24', 51, 21393, 60, 1, 1, 1, 1),
(1221, '2015-04-10', 48, 23090, 61, 1, 1, 1, 1),
(1222, '2015-04-17', 49, 23090, 61, 1, 1, 1, 1),
(1223, '2015-04-20', 50, 23090, 61, 1, 1, 1, 1),
(1224, '2015-04-24', 51, 23090, 61, 1, 1, 1, 1),
(1225, '2015-04-10', 48, 19020, 16, 0, 0, 0, 0),
(1226, '2015-04-17', 49, 19020, 16, 1, 1, 1, 1),
(1227, '2015-04-20', 50, 19020, 16, 1, 1, 1, 1),
(1228, '2015-04-24', 51, 19020, 16, 1, 1, 1, 1),
(1229, '2015-04-10', 48, 13886, 20, 1, 1, 1, 1),
(1230, '2015-04-17', 49, 13886, 20, 1, 1, 1, 1),
(1231, '2015-04-20', 50, 13886, 20, 1, 1, 1, 1),
(1232, '2015-04-24', 51, 13886, 20, 1, 1, 1, 1),
(1233, '2015-04-10', 48, 14216, 64, 1, 1, 1, 1),
(1234, '2015-04-17', 49, 14216, 64, 0, 0, 0, 0),
(1235, '2015-04-20', 50, 14216, 64, 1, 1, 1, 1),
(1236, '2015-04-24', 51, 14216, 64, 1, 1, 1, 1),
(1237, '2015-04-10', 48, 23301, 65, 1, 1, 1, 1),
(1238, '2015-04-17', 49, 23301, 65, 1, 1, 1, 1),
(1239, '2015-04-20', 50, 23301, 65, 1, 1, 1, 1),
(1240, '2015-04-24', 51, 23301, 65, 1, 1, 1, 1),
(1241, '2015-05-08', 52, 20569, 3, 1, 1, 1, 1),
(1242, '2015-05-15', 53, 20569, 3, 1, 1, 1, 1),
(1243, '2015-05-22', 54, 20569, 3, 1, 1, 1, 1),
(1244, '2015-05-29', 55, 20569, 3, 1, 1, 1, 1),
(1245, '2015-05-08', 52, 21365, 55, 1, 1, 1, 1),
(1246, '2015-05-15', 53, 21365, 55, 1, 1, 1, 1),
(1247, '2015-05-22', 54, 21365, 55, 1, 1, 1, 1),
(1248, '2015-05-29', 55, 21365, 55, 1, 1, 1, 1),
(1249, '2015-05-08', 52, 21367, 56, NULL, NULL, NULL, NULL),
(1250, '2015-05-15', 53, 21367, 56, NULL, NULL, NULL, NULL),
(1251, '2015-05-22', 54, 21367, 56, NULL, NULL, NULL, NULL),
(1252, '2015-05-29', 55, 21367, 56, NULL, NULL, NULL, NULL),
(1253, '2015-05-08', 52, 258, 57, 1, 1, 1, 1),
(1254, '2015-05-15', 53, 258, 57, 1, 1, 1, 1),
(1255, '2015-05-22', 54, 258, 57, 1, 1, 1, 1),
(1256, '2015-05-29', 55, 258, 57, 1, 1, 1, 1),
(1257, '2015-05-08', 52, 21391, 58, 1, 1, 1, 1),
(1258, '2015-05-15', 53, 21391, 58, 1, 1, 1, 1),
(1259, '2015-05-22', 54, 21391, 58, 1, 1, 1, 1),
(1260, '2015-05-29', 55, 21391, 58, 1, 1, 1, 1),
(1261, '2015-05-08', 52, 21364, 59, 1, 1, 1, 1),
(1262, '2015-05-15', 53, 21364, 59, 1, 1, 1, 1),
(1263, '2015-05-22', 54, 21364, 59, 1, 1, 1, 1),
(1264, '2015-05-29', 55, 21364, 59, 1, 1, 1, 1),
(1265, '2015-05-08', 52, 21393, 60, 1, 1, 1, 1),
(1266, '2015-05-15', 53, 21393, 60, 1, 1, 1, 1),
(1267, '2015-05-22', 54, 21393, 60, 1, 1, 1, 1),
(1268, '2015-05-29', 55, 21393, 60, 1, 1, 1, 1),
(1269, '2015-05-08', 52, 23090, 61, 1, 1, 1, 1),
(1270, '2015-05-15', 53, 23090, 61, 1, 1, 1, 1),
(1271, '2015-05-22', 54, 23090, 61, 1, 1, 1, 1),
(1272, '2015-05-29', 55, 23090, 61, 1, 1, 1, 1),
(1273, '2015-05-08', 52, 19020, 16, 1, 1, 1, 1),
(1274, '2015-05-15', 53, 19020, 16, 1, 1, 1, 1),
(1275, '2015-05-22', 54, 19020, 16, 1, 1, 1, 1),
(1276, '2015-05-29', 55, 19020, 16, 1, 1, 1, 1),
(1277, '2015-05-08', 52, 13886, 20, 1, 1, 1, 1),
(1278, '2015-05-15', 53, 13886, 20, 1, 1, 1, 1),
(1279, '2015-05-22', 54, 13886, 20, 1, 1, 1, 1),
(1280, '2015-05-29', 55, 13886, 20, 1, 1, 1, 1),
(1281, '2015-05-08', 52, 14216, 64, 1, 1, 1, 1),
(1282, '2015-05-15', 53, 14216, 64, 1, 1, 1, 1),
(1283, '2015-05-22', 54, 14216, 64, 1, 1, 1, 1),
(1284, '2015-05-29', 55, 14216, 64, 1, 1, 1, 1),
(1285, '2015-05-08', 52, 23301, 65, 1, 1, 1, 1),
(1286, '2015-05-15', 53, 23301, 65, 1, 1, 1, 1),
(1287, '2015-05-22', 54, 23301, 65, 1, 1, 1, 1),
(1288, '2015-05-29', 55, 23301, 65, 1, 1, 1, 1),
(1289, '2015-06-05', 56, 20569, 3, 1, 1, 1, 1),
(1290, '2015-06-12', 57, 20569, 3, 1, 1, 1, 1),
(1291, '2015-06-19', 58, 20569, 3, 1, 1, 1, 1),
(1292, '2015-06-26', 59, 20569, 3, 1, 1, 1, 1),
(1293, '2015-06-05', 56, 21365, 55, 1, 1, 1, 1),
(1294, '2015-06-12', 57, 21365, 55, 1, 1, 1, 1),
(1295, '2015-06-19', 58, 21365, 55, 1, 1, 1, 1),
(1296, '2015-06-26', 59, 21365, 55, 1, 1, 1, 1),
(1297, '2015-06-05', 56, 21367, 56, NULL, NULL, NULL, NULL),
(1298, '2015-06-12', 57, 21367, 56, NULL, NULL, NULL, NULL),
(1299, '2015-06-19', 58, 21367, 56, NULL, NULL, NULL, NULL),
(1300, '2015-06-26', 59, 21367, 56, NULL, NULL, NULL, NULL),
(1301, '2015-06-05', 56, 258, 57, 1, 1, 1, 1),
(1302, '2015-06-12', 57, 258, 57, 1, 1, 1, 1),
(1303, '2015-06-19', 58, 258, 57, 1, 1, 1, 1),
(1304, '2015-06-26', 59, 258, 57, 1, 1, 1, 1),
(1305, '2015-06-05', 56, 21391, 58, 1, 1, 1, 1),
(1306, '2015-06-12', 57, 21391, 58, 1, 1, 1, 1),
(1307, '2015-06-19', 58, 21391, 58, 1, 1, 1, 1),
(1308, '2015-06-26', 59, 21391, 58, 1, 1, 1, 1),
(1309, '2015-06-05', 56, 21364, 59, 1, 1, 1, 1),
(1310, '2015-06-12', 57, 21364, 59, 1, 1, 1, 1),
(1311, '2015-06-19', 58, 21364, 59, 1, 1, 1, 1),
(1312, '2015-06-26', 59, 21364, 59, 1, 1, 1, 1),
(1313, '2015-06-05', 56, 21393, 60, 1, 1, 1, 1),
(1314, '2015-06-12', 57, 21393, 60, 1, 1, 1, 1),
(1315, '2015-06-19', 58, 21393, 60, 1, 1, 1, 1),
(1316, '2015-06-26', 59, 21393, 60, 1, 1, 1, 1),
(1317, '2015-06-05', 56, 23090, 61, 1, 1, 1, 1),
(1318, '2015-06-12', 57, 23090, 61, 1, 1, 1, 1),
(1319, '2015-06-19', 58, 23090, 61, 1, 1, 1, 1),
(1320, '2015-06-26', 59, 23090, 61, 1, 1, 1, 1),
(1321, '2015-06-05', 56, 19020, 16, 1, 1, 1, 1),
(1322, '2015-06-12', 57, 19020, 16, 1, 1, 1, 1),
(1323, '2015-06-19', 58, 19020, 16, 1, 1, 1, 1),
(1324, '2015-06-26', 59, 19020, 16, 1, 1, 1, 1),
(1325, '2015-06-05', 56, 13886, 20, 1, 1, 1, 1),
(1326, '2015-06-12', 57, 13886, 20, 1, 1, 1, 1),
(1327, '2015-06-19', 58, 13886, 20, 1, 1, 1, 1),
(1328, '2015-06-26', 59, 13886, 20, 1, 1, 1, 1),
(1329, '2015-06-05', 56, 14216, 64, 1, 1, 1, 1),
(1330, '2015-06-12', 57, 14216, 64, 1, 1, 1, 1),
(1331, '2015-06-19', 58, 14216, 64, 1, 1, 1, 1),
(1332, '2015-06-26', 59, 14216, 64, 1, 1, 1, 1),
(1333, '2015-06-05', 56, 23301, 65, 1, 1, 1, 1),
(1334, '2015-06-12', 57, 23301, 65, 1, 1, 1, 1),
(1335, '2015-06-19', 58, 23301, 65, 1, 1, 1, 1),
(1336, '2015-06-26', 59, 23301, 65, 1, 1, 1, 1),
(1337, '2015-07-03', 60, 20569, 3, 1, 1, 1, 1),
(1338, '2015-07-10', 61, 20569, 3, 1, 1, 1, 1),
(1339, '2015-07-03', 60, 21365, 55, 1, 1, 1, 1),
(1340, '2015-07-10', 61, 21365, 55, 1, 1, 1, 1),
(1341, '2015-07-03', 60, 21367, 56, NULL, NULL, NULL, NULL),
(1342, '2015-07-10', 61, 21367, 56, NULL, NULL, NULL, NULL),
(1343, '2015-07-03', 60, 258, 57, 1, 1, 1, 1),
(1344, '2015-07-10', 61, 258, 57, 1, 1, 1, 1),
(1345, '2015-07-03', 60, 21391, 58, 1, 1, 1, 1),
(1346, '2015-07-10', 61, 21391, 58, 1, 1, 1, 1),
(1347, '2015-07-03', 60, 21364, 59, 1, 1, 1, 1),
(1348, '2015-07-10', 61, 21364, 59, 1, 1, 1, 1),
(1349, '2015-07-03', 60, 21393, 60, 1, 1, 1, 1),
(1350, '2015-07-10', 61, 21393, 60, 1, 1, 1, 1),
(1351, '2015-07-03', 60, 23090, 61, 1, 1, 1, 1),
(1352, '2015-07-10', 61, 23090, 61, 1, 1, 1, 1),
(1353, '2015-07-03', 60, 19020, 16, 1, 1, 1, 1),
(1354, '2015-07-10', 61, 19020, 16, 1, 1, 1, 1),
(1355, '2015-07-03', 60, 13886, 20, 1, 1, 1, 1),
(1356, '2015-07-10', 61, 13886, 20, 1, 1, 1, 1),
(1357, '2015-07-03', 60, 14216, 64, 1, 1, 1, 1),
(1358, '2015-07-10', 61, 14216, 64, 1, 1, 1, 1),
(1359, '2015-07-03', 60, 23301, 65, 1, 1, 1, 1),
(1360, '2015-07-10', 61, 23301, 65, 1, 1, 1, 1),
(1961, '2015-02-19', 83, 21391, 58, 1, 1, 1, 1),
(1962, '2015-02-26', 84, 21391, 58, 1, 1, 1, 1),
(1965, '2015-02-19', 83, 21364, 59, 1, 1, 1, 1),
(1966, '2015-02-26', 84, 21364, 59, 1, 1, 1, 1),
(1967, '2015-02-19', 83, 21393, 60, 1, 1, 1, 1),
(1968, '2015-02-26', 84, 21393, 60, 0, 0, 0, 0),
(1987, '2015-03-05', 85, 21391, 58, 1, 1, 1, 1),
(1988, '2015-03-12', 86, 21391, 58, 1, 1, 1, 1),
(1989, '2015-03-19', 87, 21391, 58, 1, 1, 1, 1),
(1990, '2015-03-26', 88, 21391, 58, 1, 1, 1, 1),
(1995, '2015-03-05', 85, 21364, 59, 0, 0, 0, 0),
(1996, '2015-03-12', 86, 21364, 59, 1, 1, 1, 1),
(1997, '2015-03-19', 87, 21364, 59, 1, 1, 1, 1),
(1998, '2015-03-26', 88, 21364, 59, 1, 1, 1, 1),
(1999, '2015-03-05', 85, 21393, 60, 1, 1, 1, 1),
(2000, '2015-03-12', 86, 21393, 60, 1, 1, 1, 1),
(2001, '2015-03-19', 87, 21393, 60, 1, 1, 1, 1),
(2002, '2015-03-26', 88, 21393, 60, 1, 1, 1, 1),
(2039, '2015-04-02', 89, 21391, 58, 1, 1, 1, 1),
(2040, '2015-04-09', 90, 21391, 58, 1, 1, 1, 1),
(2041, '2015-04-16', 91, 21391, 58, 1, 1, 1, 1),
(2042, '2015-04-23', 92, 21391, 58, 1, 1, 1, 1),
(2043, '2015-04-30', 93, 21391, 58, 1, 1, 1, 1),
(2049, '2015-04-02', 89, 21364, 59, 1, 1, 1, 1),
(2050, '2015-04-09', 90, 21364, 59, 1, 1, 1, 1),
(2051, '2015-04-16', 91, 21364, 59, 1, 1, 1, 1),
(2052, '2015-04-23', 92, 21364, 59, 1, 1, 1, 1),
(2053, '2015-04-30', 93, 21364, 59, 1, 1, 1, 1),
(2054, '2015-04-02', 89, 21393, 60, 0, 0, 0, 0),
(2055, '2015-04-09', 90, 21393, 60, 1, 1, 1, 1),
(2056, '2015-04-16', 91, 21393, 60, 1, 1, 1, 1),
(2057, '2015-04-23', 92, 21393, 60, 1, 1, 1, 1),
(2058, '2015-04-30', 93, 21393, 60, 1, 1, 1, 1),
(2104, '2015-05-07', 94, 21391, 58, 1, 1, 1, 1),
(2105, '2015-05-14', 95, 21391, 58, 1, 1, 1, 1),
(2106, '2015-05-21', 96, 21391, 58, 1, 1, 1, 1),
(2107, '2015-05-28', 97, 21391, 58, 1, 1, 1, 1),
(2112, '2015-05-07', 94, 21364, 59, 1, 1, 1, 1),
(2113, '2015-05-14', 95, 21364, 59, 1, 1, 1, 1),
(2114, '2015-05-21', 96, 21364, 59, 1, 1, 1, 1),
(2115, '2015-05-28', 97, 21364, 59, 1, 1, 1, 1),
(2116, '2015-05-07', 94, 21393, 60, 1, 1, 1, 1),
(2117, '2015-05-14', 95, 21393, 60, 1, 1, 1, 1),
(2118, '2015-05-21', 96, 21393, 60, 1, 1, 1, 1),
(2119, '2015-05-28', 97, 21393, 60, 1, 1, 1, 1),
(2156, '2015-06-11', 98, 21391, 58, 1, 1, 1, 1),
(2157, '2015-06-18', 99, 21391, 58, 1, 1, 1, 1),
(2158, '2015-06-25', 100, 21391, 58, 1, 1, 1, 1),
(2162, '2015-06-11', 98, 21364, 59, 1, 1, 1, 1),
(2163, '2015-06-18', 99, 21364, 59, 1, 1, 1, 1),
(2164, '2015-06-25', 100, 21364, 59, 1, 1, 1, 1),
(2165, '2015-06-11', 98, 21393, 60, 1, 1, 1, 1),
(2166, '2015-06-18', 99, 21393, 60, 1, 1, 1, 1),
(2167, '2015-06-25', 100, 21393, 60, 1, 1, 1, 1),
(2195, '2015-02-25', 104, 20569, 3, 1, 1, 1, 1),
(2197, '2015-02-25', 104, 20531, 6, 1, 1, 1, 1),
(2199, '2015-02-25', 104, 14186, 11, 1, 1, 1, 1),
(2201, '2015-02-25', 104, 15639, 15, 1, 1, 1, 1),
(2203, '2015-02-25', 104, 15701, 18, 1, 1, 1, 1),
(2205, '2015-02-25', 104, 15719, 19, 1, 1, 1, 1),
(2207, '2015-02-25', 104, 15737, 22, 1, 1, 1, 1),
(2209, '2015-02-25', 104, 16102, 25, 1, 1, 1, 1),
(2211, '2015-02-25', 104, 20537, 26, 1, 1, 1, 1),
(2213, '2015-03-04', 105, 20569, 3, 1, 1, 1, 1),
(2215, '2015-03-11', 106, 20569, 3, 1, 1, 1, 1),
(2217, '2015-03-18', 107, 20569, 3, 1, 1, 1, 1),
(2219, '2015-03-25', 108, 20569, 3, 1, 1, 1, 1),
(2221, '2015-03-04', 105, 20531, 6, 1, 1, 1, 1),
(2223, '2015-03-11', 106, 20531, 6, 1, 1, 1, 1),
(2225, '2015-03-18', 107, 20531, 6, 1, 1, 1, 1),
(2227, '2015-03-25', 108, 20531, 6, 1, 1, 1, 1),
(2229, '2015-03-04', 105, 14186, 11, 1, 1, 1, 1),
(2231, '2015-03-11', 106, 14186, 11, 0, 0, 0, 0),
(2233, '2015-03-18', 107, 14186, 11, 1, 1, 1, 1),
(2235, '2015-03-25', 108, 14186, 11, 1, 1, 1, 1),
(2237, '2015-03-04', 105, 15639, 15, 1, 1, 1, 1),
(2239, '2015-03-11', 106, 15639, 15, 0, 0, 0, 0),
(2241, '2015-03-18', 107, 15639, 15, 1, 1, 1, 1),
(2243, '2015-03-25', 108, 15639, 15, 1, 1, 1, 1),
(2245, '2015-03-04', 105, 15701, 18, 1, 1, 1, 1),
(2247, '2015-03-11', 106, 15701, 18, 1, 1, 1, 1),
(2249, '2015-03-18', 107, 15701, 18, 1, 1, 1, 1),
(2251, '2015-03-25', 108, 15701, 18, 1, 1, 1, 1),
(2253, '2015-03-04', 105, 15719, 19, 1, 1, 1, 1),
(2255, '2015-03-11', 106, 15719, 19, 1, 1, 1, 1),
(2257, '2015-03-18', 107, 15719, 19, 1, 1, 1, 1),
(2259, '2015-03-25', 108, 15719, 19, 1, 1, 1, 1),
(2261, '2015-03-04', 105, 15737, 22, 1, 1, 1, 1),
(2263, '2015-03-11', 106, 15737, 22, 1, 1, 1, 1),
(2265, '2015-03-18', 107, 15737, 22, 1, 1, 1, 1),
(2267, '2015-03-25', 108, 15737, 22, 1, 1, 1, 1),
(2269, '2015-03-04', 105, 16102, 25, 1, 1, 1, 1),
(2271, '2015-03-11', 106, 16102, 25, 1, 1, 1, 1),
(2273, '2015-03-18', 107, 16102, 25, 1, 1, 1, 1),
(2275, '2015-03-25', 108, 16102, 25, 1, 1, 1, 1),
(2277, '2015-03-04', 105, 20537, 26, 1, 1, 1, 1),
(2279, '2015-03-11', 106, 20537, 26, 1, 1, 1, 1),
(2281, '2015-03-18', 107, 20537, 26, 1, 1, 1, 1),
(2283, '2015-03-25', 108, 20537, 26, 1, 1, 1, 1),
(2285, '2015-04-01', 109, 20569, 3, 1, 1, 1, 1),
(2287, '2015-04-08', 110, 20569, 3, 1, 1, 1, 1),
(2289, '2015-04-15', 111, 20569, 3, 1, 1, 1, 1),
(2291, '2015-04-22', 103, 20569, 3, 1, 1, 1, 1),
(2293, '2015-04-29', 113, 20569, 3, 1, 1, 1, 1),
(2295, '2015-04-01', 109, 20531, 6, 1, 1, 1, 1),
(2297, '2015-04-08', 110, 20531, 6, 1, 1, 1, 1),
(2299, '2015-04-15', 111, 20531, 6, 1, 1, 1, 1),
(2301, '2015-04-22', 103, 20531, 6, 1, 1, 1, 1),
(2303, '2015-04-29', 113, 20531, 6, 1, 1, 1, 1),
(2305, '2015-04-01', 109, 14186, 11, 0, 0, 0, 0),
(2307, '2015-04-08', 110, 14186, 11, 0, 0, 0, 0),
(2309, '2015-04-15', 111, 14186, 11, 0, 0, 0, 0),
(2311, '2015-04-22', 103, 14186, 11, 0, 0, 0, 0),
(2313, '2015-04-29', 113, 14186, 11, NULL, NULL, NULL, NULL),
(2315, '2015-04-01', 109, 15639, 15, 1, 1, 1, 1),
(2317, '2015-04-08', 110, 15639, 15, 1, 1, 1, 1),
(2319, '2015-04-15', 111, 15639, 15, 0, 0, 0, 0),
(2321, '2015-04-22', 103, 15639, 15, 1, 1, 1, 1),
(2323, '2015-04-29', 113, 15639, 15, 1, 1, 1, 1),
(2325, '2015-04-01', 109, 15701, 18, 1, 1, 1, 1),
(2327, '2015-04-08', 110, 15701, 18, 1, 1, 1, 1),
(2329, '2015-04-15', 111, 15701, 18, 1, 1, 1, 1),
(2331, '2015-04-22', 103, 15701, 18, 1, 1, 1, 1),
(2333, '2015-04-29', 113, 15701, 18, 1, 1, 1, 1),
(2335, '2015-04-01', 109, 15719, 19, 1, 1, 1, 1),
(2337, '2015-04-08', 110, 15719, 19, 1, 1, 1, 1),
(2339, '2015-04-15', 111, 15719, 19, 1, 1, 1, 1),
(2341, '2015-04-22', 103, 15719, 19, 1, 1, 1, 1),
(2343, '2015-04-29', 113, 15719, 19, 1, 1, 1, 1),
(2345, '2015-04-01', 109, 15737, 22, 1, 1, 1, 1),
(2347, '2015-04-08', 110, 15737, 22, 1, 1, 1, 1),
(2349, '2015-04-15', 111, 15737, 22, 1, 1, 1, 1),
(2351, '2015-04-22', 103, 15737, 22, 1, 1, 1, 1),
(2353, '2015-04-29', 113, 15737, 22, 1, 1, 1, 1),
(2355, '2015-04-01', 109, 16102, 25, 1, 1, 1, 1),
(2357, '2015-04-08', 110, 16102, 25, 1, 1, 1, 1),
(2359, '2015-04-15', 111, 16102, 25, 1, 1, 1, 1),
(2361, '2015-04-22', 103, 16102, 25, 1, 1, 1, 1),
(2363, '2015-04-29', 113, 16102, 25, 1, 1, 1, 1),
(2365, '2015-04-01', 109, 20537, 26, 1, 1, 1, 1),
(2367, '2015-04-08', 110, 20537, 26, 0, 0, 0, 0),
(2369, '2015-04-15', 111, 20537, 26, 1, 1, 1, 1),
(2371, '2015-04-22', 103, 20537, 26, 1, 1, 1, 1),
(2373, '2015-04-29', 113, 20537, 26, 1, 1, 1, 1),
(2375, '2015-05-06', 114, 20569, 3, 1, 1, 1, 1),
(2377, '2015-05-13', 115, 20569, 3, 1, 1, 1, 1),
(2379, '2015-05-20', 116, 20569, 3, 1, 1, 1, 1),
(2381, '2015-05-27', 117, 20569, 3, 1, 1, 1, 1),
(2383, '2015-05-06', 114, 20531, 6, 1, 1, 1, 1),
(2385, '2015-05-13', 115, 20531, 6, 1, 1, 1, 1),
(2387, '2015-05-20', 116, 20531, 6, 1, 1, 1, 1),
(2389, '2015-05-27', 117, 20531, 6, 1, 1, 1, 1),
(2391, '2015-05-06', 114, 14186, 11, NULL, NULL, NULL, NULL),
(2393, '2015-05-13', 115, 14186, 11, NULL, NULL, NULL, NULL),
(2395, '2015-05-20', 116, 14186, 11, NULL, NULL, NULL, NULL),
(2397, '2015-05-27', 117, 14186, 11, NULL, NULL, NULL, NULL),
(2399, '2015-05-06', 114, 15639, 15, 1, 1, 1, 1),
(2401, '2015-05-13', 115, 15639, 15, 1, 1, 1, 1),
(2403, '2015-05-20', 116, 15639, 15, 1, 1, 1, 1),
(2405, '2015-05-27', 117, 15639, 15, 1, 1, 1, 1),
(2407, '2015-05-06', 114, 15701, 18, 1, 1, 1, 1),
(2409, '2015-05-13', 115, 15701, 18, 1, 1, 1, 1),
(2411, '2015-05-20', 116, 15701, 18, 1, 1, 1, 1),
(2413, '2015-05-27', 117, 15701, 18, 1, 1, 1, 1),
(2415, '2015-05-06', 114, 15719, 19, 1, 1, 1, 1),
(2417, '2015-05-13', 115, 15719, 19, 1, 1, 1, 1),
(2419, '2015-05-20', 116, 15719, 19, 1, 1, 1, 1),
(2421, '2015-05-27', 117, 15719, 19, 1, 1, 1, 1),
(2423, '2015-05-06', 114, 15737, 22, 1, 1, 1, 1),
(2425, '2015-05-13', 115, 15737, 22, 1, 1, 1, 1),
(2427, '2015-05-20', 116, 15737, 22, 1, 1, 1, 1),
(2429, '2015-05-27', 117, 15737, 22, 1, 1, 1, 1),
(2431, '2015-05-06', 114, 16102, 25, 1, 1, 1, 1),
(2433, '2015-05-13', 115, 16102, 25, 1, 1, 1, 1),
(2435, '2015-05-20', 116, 16102, 25, 1, 1, 1, 1),
(2437, '2015-05-27', 117, 16102, 25, 1, 1, 1, 1),
(2439, '2015-05-06', 114, 20537, 26, 1, 1, 1, 1),
(2441, '2015-05-13', 115, 20537, 26, 1, 1, 1, 1),
(2443, '2015-05-20', 116, 20537, 26, 1, 1, 1, 1),
(2445, '2015-05-27', 117, 20537, 26, 1, 1, 1, 1),
(2447, '2015-06-03', 118, 20569, 3, 1, 1, 1, 1),
(2449, '2015-06-10', 119, 20569, 3, 1, 1, 1, 1),
(2451, '2015-06-17', 120, 20569, 3, 1, 1, 1, 1),
(2452, '2015-06-24', 121, 20569, 3, 1, 1, 1, 1),
(2454, '2015-06-03', 118, 20531, 6, 1, 1, 1, 1),
(2456, '2015-06-10', 119, 20531, 6, 1, 1, 1, 1),
(2458, '2015-06-17', 120, 20531, 6, 1, 1, 1, 1),
(2460, '2015-06-24', 121, 20531, 6, 1, 1, 1, 1),
(2462, '2015-06-03', 118, 14186, 11, NULL, NULL, NULL, NULL),
(2464, '2015-06-10', 119, 14186, 11, NULL, NULL, NULL, NULL),
(2466, '2015-06-17', 120, 14186, 11, NULL, NULL, NULL, NULL),
(2468, '2015-06-24', 121, 14186, 11, NULL, NULL, NULL, NULL),
(2470, '2015-06-03', 118, 15639, 15, 1, 1, 1, 1),
(2472, '2015-06-10', 119, 15639, 15, 1, 1, 1, 1),
(2474, '2015-06-17', 120, 15639, 15, 1, 1, 1, 1),
(2476, '2015-06-24', 121, 15639, 15, 1, 1, 1, 1),
(2478, '2015-06-03', 118, 15701, 18, 1, 1, 1, 1),
(2480, '2015-06-10', 119, 15701, 18, 1, 1, 1, 1),
(2482, '2015-06-17', 120, 15701, 18, 1, 1, 1, 1),
(2484, '2015-06-24', 121, 15701, 18, 1, 1, 1, 1),
(2486, '2015-06-03', 118, 15719, 19, 1, 1, 1, 1),
(2488, '2015-06-10', 119, 15719, 19, 1, 1, 1, 1),
(2490, '2015-06-17', 120, 15719, 19, 1, 1, 1, 1),
(2492, '2015-06-24', 121, 15719, 19, 1, 1, 1, 1),
(2494, '2015-06-03', 118, 15737, 22, 1, 1, 1, 1),
(2496, '2015-06-10', 119, 15737, 22, 1, 1, 1, 1),
(2498, '2015-06-17', 120, 15737, 22, 1, 1, 1, 1),
(2500, '2015-06-24', 121, 15737, 22, 1, 1, 1, 1),
(2502, '2015-06-03', 118, 16102, 25, 1, 1, 1, 1),
(2504, '2015-06-10', 119, 16102, 25, 1, 1, 1, 1),
(2506, '2015-06-17', 120, 16102, 25, 1, 1, 1, 1),
(2508, '2015-06-24', 121, 16102, 25, 1, 1, 1, 1),
(2510, '2015-06-03', 118, 20537, 26, 1, 1, 1, 1),
(2512, '2015-06-10', 119, 20537, 26, 1, 1, 1, 1),
(2514, '2015-06-17', 120, 20537, 26, 1, 1, 1, 1),
(2516, '2015-06-24', 121, 20537, 26, 1, 1, 1, 1),
(2518, '2015-07-01', 122, 20569, 3, 1, 1, 1, 1),
(2520, '2015-07-08', 123, 20569, 3, 1, 1, 1, 1),
(2522, '2015-07-01', 122, 20531, 6, 1, 1, 1, 1),
(2524, '2015-07-08', 123, 20531, 6, 1, 1, 1, 1),
(2526, '2015-07-01', 122, 14186, 11, NULL, NULL, NULL, NULL),
(2528, '2015-07-08', 123, 14186, 11, NULL, NULL, NULL, NULL),
(2530, '2015-07-01', 122, 15639, 15, 1, 1, 1, 1),
(2532, '2015-07-08', 123, 15639, 15, 1, 1, 1, 1),
(2534, '2015-07-01', 122, 15701, 18, 1, 1, 1, 1),
(2536, '2015-07-08', 123, 15701, 18, 1, 1, 1, 1),
(2538, '2015-07-01', 122, 15719, 19, 1, 1, 1, 1),
(2540, '2015-07-08', 123, 15719, 19, 1, 1, 1, 1),
(2542, '2015-07-01', 122, 15737, 22, 1, 1, 1, 1),
(2544, '2015-07-08', 123, 15737, 22, 1, 1, 1, 1),
(2546, '2015-07-01', 122, 16102, 25, 1, 1, 1, 1),
(2548, '2015-07-08', 123, 16102, 25, 1, 1, 1, 1),
(2550, '2015-07-01', 122, 20537, 26, 1, 1, 1, 1),
(2552, '2015-07-08', 123, 20537, 26, 1, 1, 1, 1),
(2553, '2014-08-01', 124, 15726, 1, 1, 1, 1, 1),
(2554, '2014-08-08', 125, 15726, 1, 1, 1, 1, 1),
(2555, '2014-08-15', 126, 15726, 1, NULL, NULL, NULL, NULL),
(2556, '2014-08-22', 127, 15726, 1, NULL, NULL, NULL, NULL),
(2557, '2014-08-29', 128, 15726, 1, NULL, NULL, NULL, NULL),
(2558, '2014-08-01', 124, 20569, 3, 1, 1, 1, 1),
(2559, '2014-08-08', 125, 20569, 3, 1, 1, 1, 1),
(2560, '2014-08-15', 126, 20569, 3, 1, 1, 1, 1),
(2561, '2014-08-22', 127, 20569, 3, 1, 1, 1, 1),
(2562, '2014-08-29', 128, 20569, 3, 1, 1, 1, 1),
(2563, '2014-08-01', 124, 20628, 5, 1, 1, 1, 1),
(2564, '2014-08-08', 125, 20628, 5, 1, 1, 1, 1),
(2565, '2014-08-15', 126, 20628, 5, 1, 1, 1, 1),
(2566, '2014-08-22', 127, 20628, 5, 1, 1, 1, 1),
(2567, '2014-08-29', 128, 20628, 5, 1, 1, 1, 1),
(2568, '2014-08-01', 124, 20531, 6, 1, 1, 1, 1),
(2569, '2014-08-08', 125, 20531, 6, 1, 1, 1, 1),
(2570, '2014-08-15', 126, 20531, 6, 1, 1, 1, 1),
(2571, '2014-08-22', 127, 20531, 6, 1, 1, 1, 1),
(2572, '2014-08-29', 128, 20531, 6, 1, 1, 1, 1),
(2573, '2014-08-01', 124, 20624, 9, 1, 1, 1, 1),
(2574, '2014-08-08', 125, 20624, 9, 0, 0, 0, 0),
(2575, '2014-08-15', 126, 20624, 9, 1, 1, 1, 1),
(2576, '2014-08-22', 127, 20624, 9, 0, 0, 0, 0),
(2577, '2014-08-29', 128, 20624, 9, 1, 1, 1, 1),
(2578, '2014-08-01', 124, 15717, 10, 1, 1, 1, 1),
(2579, '2014-08-08', 125, 15717, 10, 1, 1, 1, 1),
(2580, '2014-08-15', 126, 15717, 10, 1, 1, 1, 1),
(2581, '2014-08-22', 127, 15717, 10, 1, 1, 1, 1),
(2582, '2014-08-29', 128, 15717, 10, 1, 1, 1, 1),
(2583, '2014-08-01', 124, 19026, 14, 1, 1, 1, 1),
(2584, '2014-08-08', 125, 19026, 14, 1, 1, 1, 1),
(2585, '2014-08-15', 126, 19026, 14, 1, 1, 1, 1),
(2586, '2014-08-22', 127, 19026, 14, 1, 1, 1, 1),
(2587, '2014-08-29', 128, 19026, 14, 0, 0, 0, 0),
(2588, '2014-08-01', 124, 19020, 16, 1, 1, 1, 1),
(2589, '2014-08-08', 125, 19020, 16, 1, 1, 1, 1),
(2590, '2014-08-15', 126, 19020, 16, 1, 1, 1, 1),
(2591, '2014-08-22', 127, 19020, 16, 0, 1, 1, 1),
(2592, '2014-08-29', 128, 19020, 16, 0, 0, 0, 0),
(2593, '2014-08-01', 124, 15701, 18, 1, 1, 1, 1),
(2594, '2014-08-08', 125, 15701, 18, 1, 1, 1, 1),
(2595, '2014-08-15', 126, 15701, 18, 1, 1, 1, 1),
(2596, '2014-08-22', 127, 15701, 18, 1, 1, 1, 1),
(2597, '2014-08-29', 128, 15701, 18, 0, 0, 0, 0),
(2598, '2014-08-01', 124, 15719, 19, 1, 1, 1, 1),
(2599, '2014-08-08', 125, 15719, 19, 1, 1, 1, 1),
(2600, '2014-08-15', 126, 15719, 19, 1, 1, 1, 1),
(2601, '2014-08-22', 127, 15719, 19, 1, 1, 1, 1),
(2602, '2014-08-29', 128, 15719, 19, 1, 1, 1, 1),
(2603, '2014-08-01', 124, 15737, 22, 1, 1, 1, 1),
(2604, '2014-08-08', 125, 15737, 22, 1, 1, 1, 1),
(2605, '2014-08-15', 126, 15737, 22, 1, 1, 1, 1),
(2606, '2014-08-22', 127, 15737, 22, 1, 1, 1, 1),
(2607, '2014-08-29', 128, 15737, 22, 0, 0, 0, 0),
(2608, '2014-08-01', 124, 16102, 25, 1, 1, 1, 1),
(2609, '2014-08-08', 125, 16102, 25, 1, 1, 1, 1),
(2610, '2014-08-15', 126, 16102, 25, 1, 1, 1, 1),
(2611, '2014-08-22', 127, 16102, 25, 0, 0, 0, 0),
(2612, '2014-08-29', 128, 16102, 25, 1, 1, 1, 1),
(2613, '2014-09-05', 129, 15726, 1, NULL, NULL, NULL, NULL),
(2614, '2014-09-12', 130, 15726, 1, NULL, NULL, NULL, NULL),
(2615, '2014-09-19', 131, 15726, 1, NULL, NULL, NULL, NULL),
(2616, '2014-09-26', 132, 15726, 1, NULL, NULL, NULL, NULL),
(2617, '2014-09-05', 129, 20569, 3, 1, 1, 1, 1),
(2618, '2014-09-12', 130, 20569, 3, 1, 1, 1, 1),
(2619, '2014-09-19', 131, 20569, 3, 1, 1, 1, 1),
(2620, '2014-09-26', 132, 20569, 3, 1, 1, 1, 1),
(2621, '2014-09-05', 129, 20628, 5, 1, 1, 1, 1),
(2622, '2014-09-12', 130, 20628, 5, 0, 0, 0, 0),
(2623, '2014-09-19', 131, 20628, 5, 1, 1, 1, 1),
(2624, '2014-09-26', 132, 20628, 5, 1, 1, 1, 1),
(2625, '2014-09-05', 129, 20531, 6, 1, 1, 1, 1),
(2626, '2014-09-12', 130, 20531, 6, 1, 1, 1, 1),
(2627, '2014-09-19', 131, 20531, 6, 1, 1, 1, 1),
(2628, '2014-09-26', 132, 20531, 6, 1, 1, 1, 1),
(2629, '2014-09-05', 129, 20624, 9, 0, 0, 0, 0),
(2630, '2014-09-12', 130, 20624, 9, 1, 1, 1, 1),
(2631, '2014-09-19', 131, 20624, 9, 1, 1, 0, 0),
(2632, '2014-09-26', 132, 20624, 9, 0, 0, 0, 0),
(2633, '2014-09-05', 129, 15717, 10, 0, 0, 0, 0),
(2634, '2014-09-12', 130, 15717, 10, 0, 0, 0, 0),
(2635, '2014-09-19', 131, 15717, 10, 0, 0, 0, 0),
(2636, '2014-09-26', 132, 15717, 10, 1, 1, 1, 1),
(2637, '2014-09-05', 129, 19026, 14, 1, 1, 1, 1),
(2638, '2014-09-12', 130, 19026, 14, 1, 1, 1, 1),
(2639, '2014-09-19', 131, 19026, 14, 0, 0, 0, 0),
(2640, '2014-09-26', 132, 19026, 14, 1, 1, 1, 1),
(2641, '2014-09-05', 129, 19020, 16, 0, 0, 0, 0),
(2642, '2014-09-12', 130, 19020, 16, 0, 0, 0, 0),
(2643, '2014-09-19', 131, 19020, 16, 0, 0, 0, 0),
(2644, '2014-09-26', 132, 19020, 16, 1, 1, 1, 1),
(2645, '2014-09-05', 129, 15701, 18, 1, 1, 1, 1),
(2646, '2014-09-12', 130, 15701, 18, 1, 1, 1, 1),
(2647, '2014-09-19', 131, 15701, 18, 1, 1, 1, 1),
(2648, '2014-09-26', 132, 15701, 18, 1, 1, 1, 1),
(2649, '2014-09-05', 129, 15719, 19, 1, 1, 1, 1),
(2650, '2014-09-12', 130, 15719, 19, 0, 0, 0, 0),
(2651, '2014-09-19', 131, 15719, 19, 1, 1, 1, 1),
(2652, '2014-09-26', 132, 15719, 19, 1, 1, 1, 1),
(2653, '2014-09-05', 129, 15737, 22, 1, 1, 1, 1),
(2654, '2014-09-12', 130, 15737, 22, 1, 1, 1, 1),
(2655, '2014-09-19', 131, 15737, 22, 1, 1, 1, 1),
(2656, '2014-09-26', 132, 15737, 22, 1, 1, 1, 1),
(2657, '2014-09-05', 129, 16102, 25, 1, 1, 1, 1),
(2658, '2014-09-12', 130, 16102, 25, 1, 1, 1, 1),
(2659, '2014-09-19', 131, 16102, 25, 1, 1, 1, 1),
(2660, '2014-09-26', 132, 16102, 25, 1, 1, 1, 1),
(2661, '2014-10-03', 133, 15726, 1, NULL, NULL, NULL, NULL),
(2662, '2014-10-10', 134, 15726, 1, NULL, NULL, NULL, NULL),
(2663, '2014-10-17', 135, 15726, 1, NULL, NULL, NULL, NULL),
(2664, '2014-10-24', 136, 15726, 1, NULL, NULL, NULL, NULL),
(2665, '2014-10-31', 137, 15726, 1, NULL, NULL, NULL, NULL),
(2666, '2014-10-03', 133, 20569, 3, 1, 1, 1, 1),
(2667, '2014-10-10', 134, 20569, 3, 1, 1, 1, 1),
(2668, '2014-10-17', 135, 20569, 3, 1, 1, 1, 1),
(2669, '2014-10-24', 136, 20569, 3, 1, 1, 1, 1),
(2670, '2014-10-31', 137, 20569, 3, 1, 1, 1, 1),
(2671, '2014-10-03', 133, 20628, 5, 1, 1, 1, 1),
(2672, '2014-10-10', 134, 20628, 5, 1, 1, 1, 1),
(2673, '2014-10-17', 135, 20628, 5, 1, 1, 1, 1),
(2674, '2014-10-24', 136, 20628, 5, 1, 1, 1, 1),
(2675, '2014-10-31', 137, 20628, 5, 1, 1, 1, 1),
(2676, '2014-10-03', 133, 20531, 6, 1, 1, 1, 1),
(2677, '2014-10-10', 134, 20531, 6, 0, 0, 0, 0),
(2678, '2014-10-17', 135, 20531, 6, 1, 1, 1, 1),
(2679, '2014-10-24', 136, 20531, 6, 1, 1, 1, 1),
(2680, '2014-10-31', 137, 20531, 6, 1, 1, 1, 1),
(2681, '2014-10-03', 133, 20624, 9, NULL, NULL, NULL, NULL),
(2682, '2014-10-10', 134, 20624, 9, NULL, NULL, NULL, NULL),
(2683, '2014-10-17', 135, 20624, 9, NULL, NULL, NULL, NULL),
(2684, '2014-10-24', 136, 20624, 9, NULL, NULL, NULL, NULL),
(2685, '2014-10-31', 137, 20624, 9, NULL, NULL, NULL, NULL),
(2686, '2014-10-03', 133, 15717, 10, 1, 1, 1, 1),
(2687, '2014-10-10', 134, 15717, 10, 1, 1, 1, 1),
(2688, '2014-10-17', 135, 15717, 10, 0, 0, 0, 0),
(2689, '2014-10-24', 136, 15717, 10, 1, 1, 1, 1),
(2690, '2014-10-31', 137, 15717, 10, 1, 1, 1, 1),
(2691, '2014-10-03', 133, 19026, 14, 0, 0, 0, 0),
(2692, '2014-10-10', 134, 19026, 14, 1, 1, 1, 1),
(2693, '2014-10-17', 135, 19026, 14, 1, 1, 1, 1),
(2694, '2014-10-24', 136, 19026, 14, 1, 1, 1, 1),
(2695, '2014-10-31', 137, 19026, 14, 1, 1, 1, 1),
(2696, '2014-10-03', 133, 19020, 16, 1, 1, 1, 1),
(2697, '2014-10-10', 134, 19020, 16, 1, 1, 1, 1),
(2698, '2014-10-17', 135, 19020, 16, 1, 1, 1, 1),
(2699, '2014-10-24', 136, 19020, 16, 1, 1, 1, 1),
(2700, '2014-10-31', 137, 19020, 16, 1, 1, 1, 1),
(2701, '2014-10-03', 133, 15701, 18, 1, 1, 1, 1),
(2702, '2014-10-10', 134, 15701, 18, 1, 1, 1, 1),
(2703, '2014-10-17', 135, 15701, 18, 1, 1, 1, 1),
(2704, '2014-10-24', 136, 15701, 18, 1, 1, 1, 1),
(2705, '2014-10-31', 137, 15701, 18, 1, 1, 1, 1),
(2706, '2014-10-03', 133, 15719, 19, 0, 0, 0, 0),
(2707, '2014-10-10', 134, 15719, 19, 0, 0, 0, 0),
(2708, '2014-10-17', 135, 15719, 19, 1, 1, 1, 1),
(2709, '2014-10-24', 136, 15719, 19, 1, 1, 1, 1),
(2710, '2014-10-31', 137, 15719, 19, 0, 0, 0, 0),
(2711, '2014-10-03', 133, 15737, 22, 1, 1, 1, 1),
(2712, '2014-10-10', 134, 15737, 22, 1, 1, 1, 1),
(2713, '2014-10-17', 135, 15737, 22, 1, 1, 1, 1),
(2714, '2014-10-24', 136, 15737, 22, 1, 1, 1, 1),
(2715, '2014-10-31', 137, 15737, 22, 1, 1, 1, 1),
(2716, '2014-10-03', 133, 16102, 25, 1, 1, 1, 1),
(2717, '2014-10-10', 134, 16102, 25, 1, 1, 1, 1),
(2718, '2014-10-17', 135, 16102, 25, 1, 1, 1, 1),
(2719, '2014-10-24', 136, 16102, 25, 1, 1, 1, 1),
(2720, '2014-10-31', 137, 16102, 25, 1, 1, 1, 1),
(2721, '2014-11-07', 138, 15726, 1, NULL, NULL, NULL, NULL),
(2722, '2014-11-14', 139, 15726, 1, NULL, NULL, NULL, NULL),
(2723, '2014-11-21', 140, 15726, 1, NULL, NULL, NULL, NULL),
(2724, '2014-11-28', 141, 15726, 1, NULL, NULL, NULL, NULL),
(2725, '2014-11-07', 138, 20569, 3, 1, 1, 1, 1),
(2726, '2014-11-14', 139, 20569, 3, 1, 1, 1, 1),
(2727, '2014-11-21', 140, 20569, 3, 1, 1, 1, 1),
(2728, '2014-11-28', 141, 20569, 3, 1, 1, 1, 1),
(2729, '2014-11-07', 138, 20628, 5, 1, 1, 1, 1),
(2730, '2014-11-14', 139, 20628, 5, 1, 1, 1, 1),
(2731, '2014-11-21', 140, 20628, 5, 1, 1, 1, 1),
(2732, '2014-11-28', 141, 20628, 5, 1, 1, 1, 1),
(2733, '2014-11-07', 138, 20531, 6, 1, 1, 1, 1),
(2734, '2014-11-14', 139, 20531, 6, 1, 1, 1, 1),
(2735, '2014-11-21', 140, 20531, 6, 1, 1, 1, 1),
(2736, '2014-11-28', 141, 20531, 6, 1, 1, 1, 1),
(2737, '2014-11-07', 138, 20624, 9, NULL, NULL, NULL, NULL),
(2738, '2014-11-14', 139, 20624, 9, NULL, NULL, NULL, NULL),
(2739, '2014-11-21', 140, 20624, 9, NULL, NULL, NULL, NULL),
(2740, '2014-11-28', 141, 20624, 9, NULL, NULL, NULL, NULL),
(2741, '2014-11-07', 138, 15717, 10, 1, 1, 1, 1),
(2742, '2014-11-14', 139, 15717, 10, 1, 1, 1, 1),
(2743, '2014-11-21', 140, 15717, 10, 1, 1, 1, 1),
(2744, '2014-11-28', 141, 15717, 10, 1, 1, 1, 1),
(2745, '2014-11-07', 138, 19026, 14, 1, 1, 1, 1),
(2746, '2014-11-14', 139, 19026, 14, 1, 1, 1, 1),
(2747, '2014-11-21', 140, 19026, 14, 1, 1, 1, 1),
(2748, '2014-11-28', 141, 19026, 14, 1, 1, 1, 1),
(2749, '2014-11-07', 138, 19020, 16, 1, 1, 1, 1),
(2750, '2014-11-14', 139, 19020, 16, 1, 1, 1, 1),
(2751, '2014-11-21', 140, 19020, 16, 1, 1, 1, 1),
(2752, '2014-11-28', 141, 19020, 16, 1, 1, 1, 1),
(2753, '2014-11-07', 138, 15701, 18, 1, 1, 1, 1),
(2754, '2014-11-14', 139, 15701, 18, 1, 1, 1, 1),
(2755, '2014-11-21', 140, 15701, 18, 1, 1, 1, 1),
(2756, '2014-11-28', 141, 15701, 18, 1, 1, 1, 1),
(2757, '2014-11-07', 138, 15719, 19, 1, 1, 1, 1),
(2758, '2014-11-14', 139, 15719, 19, 1, 1, 1, 1),
(2759, '2014-11-21', 140, 15719, 19, 1, 1, 1, 1),
(2760, '2014-11-28', 141, 15719, 19, 1, 1, 1, 1),
(2761, '2014-11-07', 138, 15737, 22, 1, 1, 1, 1),
(2762, '2014-11-14', 139, 15737, 22, 1, 1, 1, 1),
(2763, '2014-11-21', 140, 15737, 22, 1, 1, 1, 1),
(2764, '2014-11-28', 141, 15737, 22, 1, 1, 1, 1),
(2765, '2014-11-07', 138, 16102, 25, 1, 1, 1, 1),
(2766, '2014-11-14', 139, 16102, 25, 1, 1, 1, 1),
(2767, '2014-11-21', 140, 16102, 25, 1, 1, 1, 1),
(2768, '2014-11-28', 141, 16102, 25, 1, 1, 1, 1),
(2769, '2014-12-05', 142, 15726, 1, NULL, NULL, NULL, NULL),
(2770, '2014-12-12', 143, 15726, 1, NULL, NULL, NULL, NULL),
(2771, '2014-12-05', 142, 20569, 3, 1, 1, 1, 1),
(2772, '2014-12-12', 143, 20569, 3, 1, 1, 1, 1),
(2773, '2014-12-05', 142, 20628, 5, 1, 1, 1, 1),
(2774, '2014-12-12', 143, 20628, 5, 1, 1, 1, 1),
(2775, '2014-12-05', 142, 20531, 6, 1, 1, 1, 1),
(2776, '2014-12-12', 143, 20531, 6, 1, 1, 1, 1),
(2777, '2014-12-05', 142, 20624, 9, NULL, NULL, NULL, NULL),
(2778, '2014-12-12', 143, 20624, 9, NULL, NULL, NULL, NULL),
(2779, '2014-12-05', 142, 15717, 10, 1, 1, 1, 1),
(2780, '2014-12-12', 143, 15717, 10, 1, 1, 1, 1),
(2781, '2014-12-05', 142, 19026, 14, 1, 1, 1, 1),
(2782, '2014-12-12', 143, 19026, 14, 1, 1, 1, 1),
(2783, '2014-12-05', 142, 19020, 16, 0, 0, 0, 0),
(2784, '2014-12-12', 143, 19020, 16, 0, 0, 0, 0),
(2785, '2014-12-05', 142, 15701, 18, 1, 1, 1, 1),
(2786, '2014-12-12', 143, 15701, 18, 1, 1, 1, 1),
(2787, '2014-12-05', 142, 15719, 19, 1, 1, 1, 1),
(2788, '2014-12-12', 143, 15719, 19, 1, 1, 1, 1),
(2789, '2014-12-05', 142, 15737, 22, 1, 1, 1, 1),
(2790, '2014-12-12', 143, 15737, 22, 1, 1, 1, 1),
(2791, '2014-12-05', 142, 16102, 25, 1, 1, 1, 1),
(2792, '2014-12-12', 143, 16102, 25, 1, 1, 1, 1);

-- --------------------------------------------------------

--
-- Table structure for table `notas`
--

CREATE TABLE IF NOT EXISTS `notas` (
  `id_nota` int(10) unsigned NOT NULL AUTO_INCREMENT,
  `Alunos_matricula` int(11) NOT NULL,
  `Alunos_id_aluno` int(10) unsigned NOT NULL,
  `g1` float DEFAULT NULL,
  `g2` float DEFAULT NULL,
  `sub` float DEFAULT NULL,
  `resultado` varchar(10) DEFAULT NULL,
  PRIMARY KEY (`id_nota`),
  KEY `Notas_FKIndex1` (`Alunos_id_aluno`,`Alunos_matricula`)
) ENGINE=InnoDB  AUTO_INCREMENT=1 ;

-- --------------------------------------------------------

--
-- Table structure for table `professores`
--

CREATE TABLE IF NOT EXISTS `professores` (
  `id_professor` int(10) unsigned NOT NULL AUTO_INCREMENT,
  `matricula` int(10) DEFAULT NULL,
  `nome_professor` varchar(150) DEFAULT NULL,
  `curso_origem` varchar(150) DEFAULT NULL,
  `senha` varchar(10) DEFAULT NULL,
  `usuario_professor` varchar(20) DEFAULT NULL,
  `status_coordenador` tinyint(1) DEFAULT NULL,
  PRIMARY KEY (`id_professor`),
  UNIQUE KEY `nome_professor` (`nome_professor`),
  UNIQUE KEY `usuario_professor` (`usuario_professor`),
  UNIQUE KEY `matricula` (`matricula`)
) ENGINE=InnoDB   AUTO_INCREMENT=32 ;

--
-- Dumping data for table `professores`
--

INSERT INTO `professores` (`id_professor`, `matricula`, `nome_professor`, `curso_origem`, `senha`, `usuario_professor`, `status_coordenador`) VALUES
(22, 1234, 'Valderi R. Q. Leithardt', 'ANÁLISE E DESENVOLVIMENTO DE SISTEMAS', 'asdf1234', 'valderi', 1),
(23, 1, 'Gustavo B. Brand', 'ANÁLISE E DESENVOLVIMENTO DE SISTEMAS', 'asdf1234', 'gustavo', 0),
(24, 0, 'Dione Taschetto', 'ANÁLISE E DESENVOLVIMENTO DE SISTEMAS', 'asdf1234', 'dione', 0),
(29, NULL, 'Terezinha I. M.Torres', 'REDES DE COMPUTADORES', 'asdf1234', 'terezinha', 0),
(30, 13031, 'Guilherme Dal Bianco', 'ANÁLISE E DESENVOLVIMENTO DE SISTEMAS', 'asdf1234', 'guilherme', 0),
(31, 130232, 'xxx', 'Análise e Desenvolvimento de sistemas', '123', 'xx', 0);

-- --------------------------------------------------------

--
-- Table structure for table `professores_turmas`
--

CREATE TABLE IF NOT EXISTS `professores_turmas` (
  `Professores_id_professor` int(10) unsigned NOT NULL,
  `Turmas_id_turma` int(10) unsigned NOT NULL,
  PRIMARY KEY (`Professores_id_professor`,`Turmas_id_turma`),
  KEY `Professores_has_Turmas_FKIndex1` (`Professores_id_professor`),
  KEY `Professores_has_Turmas_FKIndex2` (`Turmas_id_turma`)
) ENGINE=InnoDB ;

--
-- Dumping data for table `professores_turmas`
--

INSERT INTO `professores_turmas` (`Professores_id_professor`, `Turmas_id_turma`) VALUES
(22, 1),
(22, 2),
(22, 7),
(30, 3),
(30, 5),
(30, 6),
(31, 6);

-- --------------------------------------------------------

--
-- Table structure for table `status_diarios`
--

CREATE TABLE IF NOT EXISTS `status_diarios` (
  `id_status_diario` int(10) unsigned NOT NULL AUTO_INCREMENT,
  `id_professor` int(11) NOT NULL,
  `id_turma` int(11) NOT NULL,
  `data_aula` date NOT NULL,
  `mes` int(2) NOT NULL,
  `status_fechamento` int(2) DEFAULT NULL,
  `nome_arquivo_diario` varchar(30) COLLATE utf8mb4_unicode_ci NOT NULL,
  PRIMARY KEY (`id_status_diario`),
  KEY `id_status_diario` (`id_status_diario`)
) ENGINE=InnoDB  AUTO_INCREMENT=122 ;

--
-- Dumping data for table `status_diarios`
--

INSERT INTO `status_diarios` (`id_status_diario`, `id_professor`, `id_turma`, `data_aula`, `mes`, `status_fechamento`, `nome_arquivo_diario`) VALUES
(99, 22, 2, '2015-05-07', 8, 1, 'S087N_8_2015'),
(100, 22, 2, '2015-05-07', 9, 1, 'S087N_9_2015'),
(113, 22, 1, '2015-05-07', 8, 1, 'S049_8_2015'),
(114, 30, 3, '2015-05-07', 2, 1, 'S049N_2_2015'),
(115, 30, 3, '2015-05-07', 3, 1, 'S049N_3_2015'),
(116, 30, 3, '2015-05-07', 4, 1, 'S049N_4_2015'),
(117, 30, 5, '2015-05-08', 2, 1, 'S091N_2_2015'),
(121, 30, 3, '2015-05-08', 1, 1, 'S049N_1_2015');

-- --------------------------------------------------------

--
-- Table structure for table `turmas`
--

CREATE TABLE IF NOT EXISTS `turmas` (
  `id_turma` int(10) unsigned NOT NULL AUTO_INCREMENT,
  `Unidade_curricular_id_unidade` int(10) unsigned NOT NULL,
  `nome_turma` varchar(30) NOT NULL,
  `data_inicio` date DEFAULT NULL,
  `data_fim` date DEFAULT NULL,
  PRIMARY KEY (`id_turma`),
  KEY `Turmas_FKIndex4` (`Unidade_curricular_id_unidade`)
) ENGINE=InnoDB   AUTO_INCREMENT=8 ;

--
-- Dumping data for table `turmas`
--

INSERT INTO `turmas` (`id_turma`, `Unidade_curricular_id_unidade`, `nome_turma`, `data_inicio`, `data_fim`) VALUES
(1, 1, 'S049', '2014-07-31', '2014-12-18'),
(2, 2, 'S087N', '2014-02-17', '2014-07-15'),
(3, 1, 'S049N', '2015-02-19', '2015-07-14'),
(5, 7, 'S091N', '2015-02-19', '2015-07-14'),
(6, 6, 'S032N', '2015-02-19', '2015-07-14'),
(7, 8, 'S075N', '2014-07-31', '2014-12-18');

-- --------------------------------------------------------

--
-- Table structure for table `turmas_data_aula`
--

CREATE TABLE IF NOT EXISTS `turmas_data_aula` (
  `Turmas_id_turma` int(10) unsigned NOT NULL,
  `Data_aula_id_data` int(10) unsigned NOT NULL,
  `Data_aula_data_aula` date NOT NULL,
  PRIMARY KEY (`Turmas_id_turma`,`Data_aula_id_data`),
  KEY `Turmas_has_Data_aula_FKIndex1` (`Turmas_id_turma`),
  KEY `Turmas_has_Data_aula_FKIndex2` (`Data_aula_id_data`)
) ENGINE=InnoDB ;

--
-- Dumping data for table `turmas_data_aula`
--

INSERT INTO `turmas_data_aula` (`Turmas_id_turma`, `Data_aula_id_data`, `Data_aula_data_aula`) VALUES
(1, 1, '2014-08-05'),
(1, 2, '2014-08-12'),
(1, 3, '2014-08-19'),
(1, 4, '2014-08-26'),
(1, 5, '2014-09-02'),
(1, 6, '2014-09-09'),
(1, 7, '2014-09-16'),
(1, 8, '2014-09-23'),
(1, 9, '2014-09-30'),
(1, 10, '2014-10-07'),
(1, 11, '2014-10-14'),
(1, 12, '2014-10-21'),
(1, 13, '2014-10-28'),
(1, 14, '2014-11-04'),
(1, 15, '2014-11-11'),
(1, 16, '2014-11-18'),
(1, 17, '2014-11-25'),
(1, 18, '2014-12-02'),
(1, 19, '2014-12-09'),
(1, 20, '2014-12-16'),
(2, 21, '2014-02-20'),
(2, 22, '2014-02-27'),
(2, 23, '2014-03-06'),
(2, 24, '2014-03-13'),
(2, 25, '2014-03-20'),
(2, 26, '2014-03-27'),
(2, 27, '2014-04-03'),
(2, 28, '2014-04-10'),
(2, 29, '2014-04-17'),
(2, 30, '2014-04-23'),
(2, 31, '2014-04-24'),
(2, 32, '2014-05-08'),
(2, 33, '2014-05-15'),
(2, 34, '2014-05-22'),
(2, 35, '2014-05-29'),
(2, 36, '2014-06-05'),
(2, 37, '2014-06-12'),
(2, 38, '2014-06-26'),
(2, 39, '2014-07-03'),
(2, 40, '2014-07-04'),
(2, 41, '2014-07-10'),
(3, 42, '2015-02-20'),
(3, 43, '2015-02-27'),
(3, 44, '2015-03-06'),
(3, 45, '2015-03-13'),
(3, 46, '2015-03-20'),
(3, 47, '2015-03-27'),
(3, 48, '2015-04-10'),
(3, 49, '2015-04-17'),
(3, 50, '2015-04-20'),
(3, 51, '2015-04-24'),
(3, 52, '2015-05-08'),
(3, 53, '2015-05-15'),
(3, 54, '2015-05-22'),
(3, 55, '2015-05-29'),
(3, 56, '2015-06-05'),
(3, 57, '2015-06-12'),
(3, 58, '2015-06-19'),
(3, 59, '2015-06-26'),
(3, 60, '2015-07-03'),
(3, 61, '2015-07-10'),
(5, 103, '2015-04-22'),
(5, 104, '2015-02-25'),
(5, 105, '2015-03-04'),
(5, 106, '2015-03-11'),
(5, 107, '2015-03-18'),
(5, 108, '2015-03-25'),
(5, 109, '2015-04-01'),
(5, 110, '2015-04-08'),
(5, 111, '2015-04-15'),
(5, 113, '2015-04-29'),
(5, 114, '2015-05-06'),
(5, 115, '2015-05-13'),
(5, 116, '2015-05-20'),
(5, 117, '2015-05-27'),
(5, 118, '2015-06-03'),
(5, 119, '2015-06-10'),
(5, 120, '2015-06-17'),
(5, 121, '2015-06-24'),
(5, 122, '2015-07-01'),
(5, 123, '2015-07-08'),
(6, 83, '2015-02-19'),
(6, 84, '2015-02-26'),
(6, 85, '2015-03-05'),
(6, 86, '2015-03-12'),
(6, 87, '2015-03-19'),
(6, 88, '2015-03-26'),
(6, 89, '2015-04-02'),
(6, 90, '2015-04-09'),
(6, 91, '2015-04-16'),
(6, 92, '2015-04-23'),
(6, 93, '2015-04-30'),
(6, 94, '2015-05-07'),
(6, 95, '2015-05-14'),
(6, 96, '2015-05-21'),
(6, 97, '2015-05-28'),
(6, 98, '2015-06-11'),
(6, 99, '2015-06-18'),
(6, 100, '2015-06-25'),
(6, 101, '2015-07-02'),
(6, 102, '2015-07-09'),
(7, 124, '2014-08-01'),
(7, 125, '2014-08-08'),
(7, 126, '2014-08-15'),
(7, 127, '2014-08-22'),
(7, 128, '2014-08-29'),
(7, 129, '2014-09-05'),
(7, 130, '2014-09-12'),
(7, 131, '2014-09-19'),
(7, 132, '2014-09-26'),
(7, 133, '2014-10-03'),
(7, 134, '2014-10-10'),
(7, 135, '2014-10-17'),
(7, 136, '2014-10-24'),
(7, 137, '2014-10-31'),
(7, 138, '2014-11-07'),
(7, 139, '2014-11-14'),
(7, 140, '2014-11-21'),
(7, 141, '2014-11-28'),
(7, 142, '2014-12-05'),
(7, 143, '2014-12-12');

-- --------------------------------------------------------

--
-- Table structure for table `unidade_curricular`
--

CREATE TABLE IF NOT EXISTS `unidade_curricular` (
  `id_unidade` int(10) unsigned NOT NULL AUTO_INCREMENT,
  `nome_unidade` varchar(150) DEFAULT NULL,
  `carga_horaria` int(10) unsigned DEFAULT NULL,
  `sigla_uc` varchar(20) DEFAULT NULL,
  PRIMARY KEY (`id_unidade`),
  UNIQUE KEY `nome_unidade` (`nome_unidade`)
) ENGINE=InnoDB   AUTO_INCREMENT=9 ;

--
-- Dumping data for table `unidade_curricular`
--

INSERT INTO `unidade_curricular` (`id_unidade`, `nome_unidade`, `carga_horaria`, `sigla_uc`) VALUES
(1, 'S049 - Modelagem de Banco de Dados', 70, 'S049'),
(2, 'S087- Sistemas Operacionais', 70, 'S087'),
(6, 'S032 - Fundamentos de Sistemas de Informação', 70, 'S032'),
(7, 'S091 - Técnicas de Programação', 70, 'S091'),
(8, 'S075 - Sistema de Gerenciamento de Banco de Dados', 70, 'S075');

--
-- Constraints for dumped tables
--

--
-- Constraints for table `alunos_turmas`
--
ALTER TABLE `alunos_turmas`
  ADD CONSTRAINT `alunos_turmas_ibfk_4` FOREIGN KEY (`Alunos_matricula`) REFERENCES `alunos` (`matricula`),
  ADD CONSTRAINT `alunos_turmas_ibfk_1` FOREIGN KEY (`Alunos_id_aluno`, `Alunos_matricula`) REFERENCES `alunos` (`id_aluno`, `matricula`) ON DELETE NO ACTION ON UPDATE NO ACTION,
  ADD CONSTRAINT `alunos_turmas_ibfk_2` FOREIGN KEY (`Turmas_id_turma`) REFERENCES `turmas` (`id_turma`) ON DELETE NO ACTION ON UPDATE NO ACTION,
  ADD CONSTRAINT `alunos_turmas_ibfk_3` FOREIGN KEY (`Alunos_id_aluno`) REFERENCES `alunos` (`id_aluno`);

--
-- Constraints for table `aulas_conteudos`
--
ALTER TABLE `aulas_conteudos`
  ADD CONSTRAINT `aulas_conteudos_ibfk_3` FOREIGN KEY (`Data_aula_id_data`) REFERENCES `data_aula` (`id_data`),
  ADD CONSTRAINT `aulas_conteudos_ibfk_1` FOREIGN KEY (`Turmas_id_turma`) REFERENCES `turmas` (`id_turma`) ON DELETE NO ACTION ON UPDATE NO ACTION,
  ADD CONSTRAINT `aulas_conteudos_ibfk_2` FOREIGN KEY (`Data_aula_id_data`, `Data_aula_data_aula`) REFERENCES `data_aula` (`id_data`, `data_aula`) ON DELETE NO ACTION ON UPDATE NO ACTION;

--
-- Constraints for table `cursos_alunos`
--
ALTER TABLE `cursos_alunos`
  ADD CONSTRAINT `cursos_alunos_ibfk_4` FOREIGN KEY (`Alunos_matricula`) REFERENCES `alunos` (`matricula`),
  ADD CONSTRAINT `cursos_alunos_ibfk_1` FOREIGN KEY (`Cursos_id_curso`) REFERENCES `cursos` (`id_curso`) ON DELETE NO ACTION ON UPDATE NO ACTION,
  ADD CONSTRAINT `cursos_alunos_ibfk_2` FOREIGN KEY (`Alunos_id_aluno`, `Alunos_matricula`) REFERENCES `alunos` (`id_aluno`, `matricula`) ON DELETE NO ACTION ON UPDATE NO ACTION,
  ADD CONSTRAINT `cursos_alunos_ibfk_3` FOREIGN KEY (`Alunos_id_aluno`) REFERENCES `alunos` (`id_aluno`);

--
-- Constraints for table `cursos_unidade_curricular`
--
ALTER TABLE `cursos_unidade_curricular`
  ADD CONSTRAINT `cursos_unidade_curricular_ibfk_1` FOREIGN KEY (`Cursos_id_curso`) REFERENCES `cursos` (`id_curso`) ON DELETE NO ACTION ON UPDATE NO ACTION,
  ADD CONSTRAINT `cursos_unidade_curricular_ibfk_2` FOREIGN KEY (`Unidade_curricular_id_unidade`) REFERENCES `unidade_curricular` (`id_unidade`) ON DELETE NO ACTION ON UPDATE NO ACTION;

--
-- Constraints for table `faltas`
--
ALTER TABLE `faltas`
  ADD CONSTRAINT `faltas_ibfk_4` FOREIGN KEY (`Alunos_id_aluno`) REFERENCES `alunos` (`id_aluno`),
  ADD CONSTRAINT `faltas_ibfk_1` FOREIGN KEY (`Alunos_id_aluno`, `Alunos_matricula`) REFERENCES `alunos` (`id_aluno`, `matricula`) ON DELETE NO ACTION ON UPDATE NO ACTION,
  ADD CONSTRAINT `faltas_ibfk_2` FOREIGN KEY (`Data_aula_id_data`, `Data_aula_data_aula`) REFERENCES `data_aula` (`id_data`, `data_aula`) ON DELETE NO ACTION ON UPDATE NO ACTION,
  ADD CONSTRAINT `faltas_ibfk_3` FOREIGN KEY (`Data_aula_id_data`) REFERENCES `data_aula` (`id_data`);

--
-- Constraints for table `notas`
--
ALTER TABLE `notas`
  ADD CONSTRAINT `notas_ibfk_2` FOREIGN KEY (`Alunos_id_aluno`) REFERENCES `alunos` (`id_aluno`),
  ADD CONSTRAINT `notas_ibfk_1` FOREIGN KEY (`Alunos_id_aluno`, `Alunos_matricula`) REFERENCES `alunos` (`id_aluno`, `matricula`) ON DELETE NO ACTION ON UPDATE NO ACTION;

--
-- Constraints for table `professores_turmas`
--
ALTER TABLE `professores_turmas`
  ADD CONSTRAINT `professores_turmas_ibfk_1` FOREIGN KEY (`Professores_id_professor`) REFERENCES `professores` (`id_professor`) ON DELETE NO ACTION ON UPDATE NO ACTION,
  ADD CONSTRAINT `professores_turmas_ibfk_2` FOREIGN KEY (`Turmas_id_turma`) REFERENCES `turmas` (`id_turma`) ON DELETE NO ACTION ON UPDATE NO ACTION;

--
-- Constraints for table `turmas`
--
ALTER TABLE `turmas`
  ADD CONSTRAINT `turmas_ibfk_1` FOREIGN KEY (`Unidade_curricular_id_unidade`) REFERENCES `unidade_curricular` (`id_unidade`) ON DELETE NO ACTION ON UPDATE NO ACTION;

--
-- Constraints for table `turmas_data_aula`
--
ALTER TABLE `turmas_data_aula`
  ADD CONSTRAINT `turmas_data_aula_ibfk_1` FOREIGN KEY (`Turmas_id_turma`) REFERENCES `turmas` (`id_turma`) ON DELETE NO ACTION ON UPDATE NO ACTION,
  ADD CONSTRAINT `turmas_data_aula_ibfk_2` FOREIGN KEY (`Data_aula_id_data`) REFERENCES `data_aula` (`id_data`) ON DELETE NO ACTION ON UPDATE NO ACTION;

/*!40101 SET CHARACTER_SET_CLIENT=@OLD_CHARACTER_SET_CLIENT */;
/*!40101 SET CHARACTER_SET_RESULTS=@OLD_CHARACTER_SET_RESULTS */;
/*!40101 SET COLLATION_CONNECTION=@OLD_COLLATION_CONNECTION */;
