-- MySQL dump 10.13  Distrib 5.5.43, for debian-linux-gnu (i686)
--
-- Host: localhost    Database: sigai_test
-- ------------------------------------------------------
-- Server version	5.5.43-0ubuntu0.14.04.1

/*!40101 SET @OLD_CHARACTER_SET_CLIENT=@@CHARACTER_SET_CLIENT */;
/*!40101 SET @OLD_CHARACTER_SET_RESULTS=@@CHARACTER_SET_RESULTS */;
/*!40101 SET @OLD_COLLATION_CONNECTION=@@COLLATION_CONNECTION */;
/*!40101 SET NAMES utf8 */;
/*!40103 SET @OLD_TIME_ZONE=@@TIME_ZONE */;
/*!40103 SET TIME_ZONE='+00:00' */;
/*!40014 SET @OLD_UNIQUE_CHECKS=@@UNIQUE_CHECKS, UNIQUE_CHECKS=0 */;
/*!40014 SET @OLD_FOREIGN_KEY_CHECKS=@@FOREIGN_KEY_CHECKS, FOREIGN_KEY_CHECKS=0 */;
/*!40101 SET @OLD_SQL_MODE=@@SQL_MODE, SQL_MODE='NO_AUTO_VALUE_ON_ZERO' */;
/*!40111 SET @OLD_SQL_NOTES=@@SQL_NOTES, SQL_NOTES=0 */;

--
-- Table structure for table `alunos`
--

DROP TABLE IF EXISTS `alunos`;
/*!40101 SET @saved_cs_client     = @@character_set_client */;
/*!40101 SET character_set_client = utf8 */;
CREATE TABLE `alunos` (
  `id` int(10) unsigned NOT NULL,
  `created_at` timestamp NOT NULL DEFAULT '0000-00-00 00:00:00',
  `updated_at` timestamp NOT NULL DEFAULT '0000-00-00 00:00:00',
  PRIMARY KEY (`id`),
  CONSTRAINT `alunos_id_foreign` FOREIGN KEY (`id`) REFERENCES `usuarios` (`id`)
) ENGINE=InnoDB DEFAULT CHARSET=utf8 COLLATE=utf8_unicode_ci;
/*!40101 SET character_set_client = @saved_cs_client */;

--
-- Dumping data for table `alunos`
--

LOCK TABLES `alunos` WRITE;
/*!40000 ALTER TABLE `alunos` DISABLE KEYS */;
INSERT INTO `alunos` VALUES (1,'2015-06-16 19:53:49','2015-06-16 19:53:49'),(2,'2015-06-16 19:53:49','2015-06-16 19:53:49'),(3,'2015-06-16 19:53:50','2015-06-16 19:53:50'),(4,'2015-06-16 19:53:50','2015-06-16 19:53:50'),(5,'2015-06-16 19:53:50','2015-06-16 19:53:50'),(6,'2015-06-16 19:53:50','2015-06-16 19:53:50'),(7,'2015-06-16 19:53:51','2015-06-16 19:53:51'),(8,'2015-06-16 19:53:51','2015-06-16 19:53:51'),(9,'2015-06-16 19:53:51','2015-06-16 19:53:51'),(10,'2015-06-16 19:53:51','2015-06-16 19:53:51'),(11,'2015-06-16 19:53:51','2015-06-16 19:53:51'),(12,'2015-06-16 19:53:52','2015-06-16 19:53:52'),(13,'2015-06-16 19:53:52','2015-06-16 19:53:52'),(14,'2015-06-16 19:53:52','2015-06-16 19:53:52'),(15,'2015-06-16 19:53:52','2015-06-16 19:53:52'),(16,'2015-06-16 19:53:52','2015-06-16 19:53:52'),(17,'2015-06-16 19:53:52','2015-06-16 19:53:52'),(18,'2015-06-16 19:53:53','2015-06-16 19:53:53'),(19,'2015-06-16 19:53:53','2015-06-16 19:53:53'),(20,'2015-06-16 19:53:53','2015-06-16 19:53:53'),(21,'2015-06-16 19:53:53','2015-06-16 19:53:53'),(22,'2015-06-16 19:53:53','2015-06-16 19:53:53'),(23,'2015-06-16 19:53:54','2015-06-16 19:53:54'),(24,'2015-06-16 19:53:54','2015-06-16 19:53:54'),(25,'2015-06-16 19:53:54','2015-06-16 19:53:54'),(26,'2015-06-16 19:53:54','2015-06-16 19:53:54'),(27,'2015-06-16 19:53:55','2015-06-16 19:53:55'),(28,'2015-06-16 19:53:55','2015-06-16 19:53:55'),(29,'2015-06-16 19:53:55','2015-06-16 19:53:55'),(30,'2015-06-16 19:53:55','2015-06-16 19:53:55'),(31,'2015-06-16 19:53:55','2015-06-16 19:53:55'),(32,'2015-06-16 19:53:55','2015-06-16 19:53:55'),(33,'2015-06-16 19:53:56','2015-06-16 19:53:56'),(34,'2015-06-16 19:53:56','2015-06-16 19:53:56'),(35,'2015-06-16 19:53:56','2015-06-16 19:53:56'),(36,'2015-06-16 19:53:56','2015-06-16 19:53:56'),(37,'2015-06-16 19:53:57','2015-06-16 19:53:57'),(38,'2015-06-16 19:53:57','2015-06-16 19:53:57'),(39,'2015-06-16 19:53:57','2015-06-16 19:53:57'),(40,'2015-06-16 19:53:57','2015-06-16 19:53:57'),(41,'2015-06-16 19:53:57','2015-06-16 19:53:57'),(42,'2015-06-16 19:53:58','2015-06-16 19:53:58'),(43,'2015-06-16 19:53:58','2015-06-16 19:53:58'),(44,'2015-06-16 19:53:58','2015-06-16 19:53:58'),(45,'2015-06-16 19:53:58','2015-06-16 19:53:58'),(46,'2015-06-16 19:53:58','2015-06-16 19:53:58'),(47,'2015-06-16 19:53:58','2015-06-16 19:53:58'),(48,'2015-06-16 19:53:59','2015-06-16 19:53:59');
/*!40000 ALTER TABLE `alunos` ENABLE KEYS */;
UNLOCK TABLES;

--
-- Table structure for table `alunos_turmas`
--

DROP TABLE IF EXISTS `alunos_turmas`;
/*!40101 SET @saved_cs_client     = @@character_set_client */;
/*!40101 SET character_set_client = utf8 */;
CREATE TABLE `alunos_turmas` (
  `aluno_id` int(10) unsigned NOT NULL,
  `turma_id` int(10) unsigned NOT NULL,
  `status` mediumtext COLLATE utf8_unicode_ci NOT NULL,
  `created_at` timestamp NOT NULL DEFAULT '0000-00-00 00:00:00',
  `updated_at` timestamp NOT NULL DEFAULT '0000-00-00 00:00:00',
  `curso_origem_id` int(10) unsigned NOT NULL,
  PRIMARY KEY (`aluno_id`,`turma_id`),
  KEY `alunos_turmas_turma_id_foreign` (`turma_id`),
  KEY `alunos_turmas_curso_origem_id_foreign` (`curso_origem_id`),
  CONSTRAINT `alunos_turmas_curso_origem_id_foreign` FOREIGN KEY (`curso_origem_id`) REFERENCES `cursos` (`id`),
  CONSTRAINT `alunos_turmas_aluno_id_foreign` FOREIGN KEY (`aluno_id`) REFERENCES `alunos` (`id`),
  CONSTRAINT `alunos_turmas_turma_id_foreign` FOREIGN KEY (`turma_id`) REFERENCES `turmas` (`id`)
) ENGINE=InnoDB DEFAULT CHARSET=utf8 COLLATE=utf8_unicode_ci;
/*!40101 SET character_set_client = @saved_cs_client */;

--
-- Dumping data for table `alunos_turmas`
--

LOCK TABLES `alunos_turmas` WRITE;
/*!40000 ALTER TABLE `alunos_turmas` DISABLE KEYS */;
INSERT INTO `alunos_turmas` VALUES (1,2,'cancelado','0000-00-00 00:00:00','0000-00-00 00:00:00',2),(1,4,'cancelado','0000-00-00 00:00:00','0000-00-00 00:00:00',2),(1,5,'normal','0000-00-00 00:00:00','0000-00-00 00:00:00',2),(2,2,'normal','0000-00-00 00:00:00','0000-00-00 00:00:00',2),(2,5,'normal','0000-00-00 00:00:00','0000-00-00 00:00:00',2),(3,2,'normal','0000-00-00 00:00:00','0000-00-00 00:00:00',2),(3,3,'normal','0000-00-00 00:00:00','0000-00-00 00:00:00',2),(3,4,'normal','0000-00-00 00:00:00','0000-00-00 00:00:00',2),(3,5,'normal','0000-00-00 00:00:00','0000-00-00 00:00:00',2),(3,6,'normal','0000-00-00 00:00:00','0000-00-00 00:00:00',2),(4,2,'normal','0000-00-00 00:00:00','0000-00-00 00:00:00',3),(5,2,'normal','0000-00-00 00:00:00','0000-00-00 00:00:00',2),(5,4,'normal','0000-00-00 00:00:00','0000-00-00 00:00:00',2),(5,5,'normal','0000-00-00 00:00:00','0000-00-00 00:00:00',2),(6,2,'normal','0000-00-00 00:00:00','0000-00-00 00:00:00',2),(6,4,'normal','0000-00-00 00:00:00','0000-00-00 00:00:00',2),(6,5,'normal','0000-00-00 00:00:00','0000-00-00 00:00:00',2),(6,6,'normal','0000-00-00 00:00:00','0000-00-00 00:00:00',2),(7,2,'normal','0000-00-00 00:00:00','0000-00-00 00:00:00',3),(8,2,'normal','0000-00-00 00:00:00','0000-00-00 00:00:00',5),(9,2,'cancelado','0000-00-00 00:00:00','0000-00-00 00:00:00',2),(9,4,'cancelado','0000-00-00 00:00:00','0000-00-00 00:00:00',2),(9,5,'normal','0000-00-00 00:00:00','0000-00-00 00:00:00',2),(10,2,'normal','0000-00-00 00:00:00','0000-00-00 00:00:00',2),(10,4,'normal','0000-00-00 00:00:00','0000-00-00 00:00:00',2),(10,5,'normal','0000-00-00 00:00:00','0000-00-00 00:00:00',2),(11,2,'normal','0000-00-00 00:00:00','0000-00-00 00:00:00',2),(11,5,'normal','0000-00-00 00:00:00','0000-00-00 00:00:00',2),(11,6,'cancelado','0000-00-00 00:00:00','0000-00-00 00:00:00',2),(12,2,'cancelado','0000-00-00 00:00:00','0000-00-00 00:00:00',3),(13,2,'cancelado','0000-00-00 00:00:00','0000-00-00 00:00:00',2),(14,2,'normal','0000-00-00 00:00:00','0000-00-00 00:00:00',2),(14,4,'normal','0000-00-00 00:00:00','0000-00-00 00:00:00',2),(14,5,'normal','0000-00-00 00:00:00','0000-00-00 00:00:00',2),(15,2,'normal','0000-00-00 00:00:00','0000-00-00 00:00:00',2),(15,5,'normal','0000-00-00 00:00:00','0000-00-00 00:00:00',2),(15,6,'normal','0000-00-00 00:00:00','0000-00-00 00:00:00',2),(16,2,'normal','0000-00-00 00:00:00','0000-00-00 00:00:00',2),(16,3,'normal','0000-00-00 00:00:00','0000-00-00 00:00:00',2),(16,4,'normal','0000-00-00 00:00:00','0000-00-00 00:00:00',2),(16,5,'normal','0000-00-00 00:00:00','0000-00-00 00:00:00',2),(17,2,'normal','0000-00-00 00:00:00','0000-00-00 00:00:00',2),(17,5,'normal','0000-00-00 00:00:00','0000-00-00 00:00:00',2),(18,2,'normal','0000-00-00 00:00:00','0000-00-00 00:00:00',2),(18,4,'normal','0000-00-00 00:00:00','0000-00-00 00:00:00',2),(18,5,'normal','0000-00-00 00:00:00','0000-00-00 00:00:00',2),(18,6,'normal','0000-00-00 00:00:00','0000-00-00 00:00:00',2),(19,2,'normal','0000-00-00 00:00:00','0000-00-00 00:00:00',2),(19,4,'normal','0000-00-00 00:00:00','0000-00-00 00:00:00',2),(19,5,'normal','0000-00-00 00:00:00','0000-00-00 00:00:00',2),(19,6,'normal','0000-00-00 00:00:00','0000-00-00 00:00:00',2),(20,2,'normal','0000-00-00 00:00:00','0000-00-00 00:00:00',3),(20,3,'normal','0000-00-00 00:00:00','0000-00-00 00:00:00',3),(21,2,'normal','0000-00-00 00:00:00','0000-00-00 00:00:00',3),(22,2,'normal','0000-00-00 00:00:00','0000-00-00 00:00:00',2),(22,4,'normal','0000-00-00 00:00:00','0000-00-00 00:00:00',2),(22,5,'normal','0000-00-00 00:00:00','0000-00-00 00:00:00',2),(22,6,'normal','0000-00-00 00:00:00','0000-00-00 00:00:00',2),(23,2,'normal','0000-00-00 00:00:00','0000-00-00 00:00:00',3),(24,2,'normal','0000-00-00 00:00:00','0000-00-00 00:00:00',3),(25,2,'normal','0000-00-00 00:00:00','0000-00-00 00:00:00',2),(25,4,'normal','0000-00-00 00:00:00','0000-00-00 00:00:00',2),(25,5,'normal','0000-00-00 00:00:00','0000-00-00 00:00:00',2),(25,6,'normal','0000-00-00 00:00:00','0000-00-00 00:00:00',2),(26,2,'normal','0000-00-00 00:00:00','0000-00-00 00:00:00',2),(26,5,'normal','0000-00-00 00:00:00','0000-00-00 00:00:00',2),(26,6,'normal','0000-00-00 00:00:00','0000-00-00 00:00:00',2),(27,5,'cancelado','0000-00-00 00:00:00','0000-00-00 00:00:00',2),(28,5,'normal','0000-00-00 00:00:00','0000-00-00 00:00:00',2),(29,5,'normal','0000-00-00 00:00:00','0000-00-00 00:00:00',2),(30,5,'cancelado','0000-00-00 00:00:00','0000-00-00 00:00:00',2),(31,5,'cancelado','0000-00-00 00:00:00','0000-00-00 00:00:00',2),(32,5,'cancelado','0000-00-00 00:00:00','0000-00-00 00:00:00',2),(33,5,'cancelado','0000-00-00 00:00:00','0000-00-00 00:00:00',2),(34,5,'cancelado','0000-00-00 00:00:00','0000-00-00 00:00:00',2),(35,5,'cancelado','0000-00-00 00:00:00','0000-00-00 00:00:00',2),(36,5,'cancelado','0000-00-00 00:00:00','0000-00-00 00:00:00',2),(37,5,'cancelado','0000-00-00 00:00:00','0000-00-00 00:00:00',2),(38,5,'cancelado','0000-00-00 00:00:00','0000-00-00 00:00:00',2),(39,5,'normal','0000-00-00 00:00:00','0000-00-00 00:00:00',2),(40,3,'normal','0000-00-00 00:00:00','0000-00-00 00:00:00',2),(41,3,'cancelado','0000-00-00 00:00:00','0000-00-00 00:00:00',2),(42,3,'normal','0000-00-00 00:00:00','0000-00-00 00:00:00',3),(43,1,'normal','0000-00-00 00:00:00','0000-00-00 00:00:00',2),(43,3,'normal','0000-00-00 00:00:00','0000-00-00 00:00:00',2),(44,1,'normal','0000-00-00 00:00:00','0000-00-00 00:00:00',2),(44,3,'normal','0000-00-00 00:00:00','0000-00-00 00:00:00',2),(45,1,'cancelado','0000-00-00 00:00:00','0000-00-00 00:00:00',2),(45,3,'normal','0000-00-00 00:00:00','0000-00-00 00:00:00',2),(46,3,'normal','0000-00-00 00:00:00','0000-00-00 00:00:00',5),(47,3,'normal','0000-00-00 00:00:00','0000-00-00 00:00:00',5),(48,3,'normal','0000-00-00 00:00:00','0000-00-00 00:00:00',2);
/*!40000 ALTER TABLE `alunos_turmas` ENABLE KEYS */;
UNLOCK TABLES;

--
-- Table structure for table `aulas`
--

DROP TABLE IF EXISTS `aulas`;
/*!40101 SET @saved_cs_client     = @@character_set_client */;
/*!40101 SET character_set_client = utf8 */;
CREATE TABLE `aulas` (
  `id` int(10) unsigned NOT NULL AUTO_INCREMENT,
  `data` date NOT NULL,
  `status` int(11) DEFAULT NULL,
  `conteudo` text COLLATE utf8_unicode_ci,
  `turma_id` int(10) unsigned NOT NULL,
  `created_at` timestamp NOT NULL DEFAULT '0000-00-00 00:00:00',
  `updated_at` timestamp NOT NULL DEFAULT '0000-00-00 00:00:00',
  `ensino_a_distancia` tinyint(1) NOT NULL DEFAULT '0',
  `obs` text COLLATE utf8_unicode_ci,
  PRIMARY KEY (`id`),
  KEY `aulas_turma_id_foreign` (`turma_id`),
  KEY `aulas_data_index` (`data`),
  CONSTRAINT `aulas_turma_id_foreign` FOREIGN KEY (`turma_id`) REFERENCES `turmas` (`id`)
) ENGINE=InnoDB AUTO_INCREMENT=122 DEFAULT CHARSET=utf8 COLLATE=utf8_unicode_ci;
/*!40101 SET character_set_client = @saved_cs_client */;

--
-- Dumping data for table `aulas`
--

LOCK TABLES `aulas` WRITE;
/*!40000 ALTER TABLE `aulas` DISABLE KEYS */;
INSERT INTO `aulas` VALUES (1,'2014-08-05',0,'Introdução a disciplina. Plano de ensino. Situação do tema banco de dados dentro da computação. Arquivos convencionais, problemas; conceitos de banco de dados (BD) e SGBD: noções gerais de um sistema de BD; arquitetura de SGBD; gerência de bancos funções básicas de SGBD; usuários de BD;',2,'2015-06-16 19:54:09','2015-06-16 19:54:09',0,''),(2,'2014-08-12',0,'Abstração de dados.  Modelo conceitual; modelo lógico; modelo físico. Introdução a modelagem conceitual.  modelo de dados entidade relacionamento (ER)',2,'2015-06-16 19:54:09','2015-06-16 19:54:09',0,''),(3,'2014-08-19',0,'Modelagem conceitual: objetivos; propriedades de um modelo conceitual; notações. Estudo de caso.',2,'2015-06-16 19:54:09','2015-06-16 19:54:09',0,'NULL'),(4,'2014-08-26',0,'modelagem conceitual (mecanismos de abstração; classificação/instanciação; generalização/especialização;). Exercícios de fixação. Descrição do trabalho G1.',2,'2015-06-16 19:54:09','2015-06-16 19:54:09',0,'NULL'),(5,'2014-09-02',0,'Modelagem conceitual (restrições de integridade, construtores, notação diagramática, semelhanças e diferenças entre modelos conceituais).',2,'2015-06-16 19:54:09','2015-06-16 19:54:09',0,'NULL'),(6,'2014-09-09',0,'Projeto de banco de dados (transformação de diagramas  conceituais para modelos de banco de dados I ). Exercícios práticos.',2,'2015-06-16 19:54:09','2015-06-16 19:54:09',0,'NULL'),(7,'2014-09-16',0,'Projeto de banco de dados (transformação de diagramas conceituais para modelos de bancos de dados II). Exercícios práticos.',2,'2015-06-16 19:54:09','2015-06-16 19:54:09',0,'NULL'),(8,'2014-09-23',0,'Apresentação dos trabalhos. Revisão do conteúdo para a avaliação. Exercícios práticos.',2,'2015-06-16 19:54:09','2015-06-16 19:54:09',0,'NULL'),(9,'2014-09-30',0,'Avaliação teórica/prática grau 1.',2,'2015-06-16 19:54:09','2015-06-16 19:54:09',0,'NULL'),(10,'2014-10-07',0,'Entrega das notas e correção da prova. Descrição do trabalho.Introdução à normalização de modelos.',2,'2015-06-16 19:54:09','2015-06-16 19:54:09',0,'NULL'),(11,'2014-10-14',0,'Estudo de caso da normalização de modelos. Linguagem de definição de dados (DDL). Linguagem de modelagem de banco de dados.  Exercícios práticos.',2,'2015-06-16 19:54:09','2015-06-16 19:54:09',0,'NULL'),(12,'2014-10-21',0,'Manipulação de dados (DML). Andamento do trabalho.',2,'2015-06-16 19:54:09','2015-06-16 19:54:09',0,'NULL'),(13,'2014-10-28',0,'Restrições de integridade. Exercícios práticos.',2,'2015-06-16 19:54:09','2015-06-16 19:54:09',0,'NULL'),(14,'2014-11-04',0,'',2,'2015-06-16 19:54:09','2015-06-16 19:54:09',0,'NULL'),(15,'2014-11-11',0,'',2,'2015-06-16 19:54:09','2015-06-16 19:54:09',0,'NULL'),(16,'2014-11-18',0,'',2,'2015-06-16 19:54:09','2015-06-16 19:54:09',0,'NULL'),(17,'2014-11-25',0,'',2,'2015-06-16 19:54:10','2015-06-16 19:54:10',0,'NULL'),(18,'2014-12-02',0,'',2,'2015-06-16 19:54:10','2015-06-16 19:54:10',0,'NULL'),(19,'2014-12-09',0,'',2,'2015-06-16 19:54:10','2015-06-16 19:54:10',0,'NULL'),(20,'2014-12-16',0,'',2,'2015-06-16 19:54:10','2015-06-16 19:54:10',0,'NULL'),(21,'2014-02-20',0,'Introdução aos SO\'s: Apresentação da disciplina: conteúdo, metodologia de ensino, critérios de avaliação, cronograma, material apoio (livros).',5,'2015-06-16 19:54:10','2015-06-16 19:54:10',0,'NULL'),(22,'2014-02-27',0,'Introdução aos Sistemas Operacionais: Estudo das definições de sistema operacional (SO), objetivos, visões.',5,'2015-06-16 19:54:10','2015-06-16 19:54:10',0,'NULL'),(23,'2014-03-06',0,'Gerência de entrada e Saída: controle e gerenciamento realizado pelo sistema operacional: Multiprogramação.',5,'2015-06-16 19:54:10','2015-06-16 19:54:10',0,'NULL'),(24,'2014-03-13',0,'Estudo dos tipos de sistemas operacionais: monoprogramáveis, multiprogramaveis e sistemas com múltiplos processadores.',5,'2015-06-16 19:54:10','2015-06-16 19:54:10',0,'NULL'),(25,'2014-03-20',0,'Conceitos de Deadlock, prevenção e tratamento em Sistemas Operacionais.',5,'2015-06-16 19:54:10','2015-06-16 19:54:10',0,'NULL'),(26,'2014-03-27',0,'Estudo das estruturas de um sistema operacional: sistemas monolíticos, sistemas em camadas e cliente/servidor.',5,'2015-06-16 19:54:10','2015-06-16 19:54:10',0,'NULL'),(27,'2014-04-03',0,'Estudo dos sistemas multiprogramáveis: definição, conceitos, gerência de filas, tipos (cooperativa e preemptiva), proteção.',5,'2015-06-16 19:54:10','2015-06-16 19:54:10',0,'NULL'),(28,'2014-04-10',0,'Estudo de processos: modelos de processos, estados de um process, mudanças de estados entre processos, subprocessos e threads.',5,'2015-06-16 19:54:10','2015-06-16 19:54:10',0,'NULL'),(29,'2014-04-17',0,'Especificação de tarefas e prioridades.',5,'2015-06-16 19:54:10','2015-06-16 19:54:10',0,'NULL'),(30,'2014-04-23',0,'Introdução a escalonadores',5,'2015-06-16 19:54:10','2015-06-16 19:54:10',0,'NULL'),(31,'2014-04-24',0,'Atividades extraclasse: exercícios e trabalhos individuais.',5,'2015-06-16 19:54:10','2015-06-16 19:54:10',0,'NULL'),(32,'2014-05-08',0,'Correção de exercício, revisão de conteúdo.',5,'2015-06-16 19:54:10','2015-06-16 19:54:10',0,'NULL'),(33,'2014-05-15',0,'Avaliação de grau 1 (G1).',5,'2015-06-16 19:54:10','2015-06-16 19:54:10',0,'NULL'),(34,'2014-05-22',0,'Analisar os resultados da avaliação G1. Gerência de processos: introdução, descritor de processo, controle de processos, processos de sistema, escalonamento de processos',5,'2015-06-16 19:54:10','2015-06-16 19:54:10',0,'NULL'),(35,'2014-05-29',0,'Gerência de Memória: introdução, endereços lógicos e fisicos, formas de alicação, swapping.',5,'2015-06-16 19:54:10','2015-06-16 19:54:10',0,'NULL'),(36,'2014-06-05',0,'Memória virtual: funcionamento da paginação por demanda, substituição de páginas, algoritmos de substituição de páginas, alocação de quadros, trashing.',5,'2015-06-16 19:54:10','2015-06-16 19:54:10',0,'NULL'),(37,'2014-06-12',0,'Programação concorrente: definição, motivação, especificação de paralelismo, problema da seção crítica, semáforos, mensagens, visão geral e comparação, paralisação (deadlock).',5,'2015-06-16 19:54:10','2015-06-16 19:54:10',0,'NULL'),(38,'2014-06-26',0,'Elaboração de exercícios e correção.',5,'2015-06-16 19:54:10','2015-06-16 19:54:10',0,'NULL'),(39,'2014-07-03',0,'Sistema de Arquivos: Introdução, nomes de arquivos, comandos, árvore de diretórios do SO, discos (particionamento e formatação), acesso a arquivos, atributos, controle e gerenciamento.',5,'2015-06-16 19:54:10','2015-06-16 19:54:10',0,'NULL'),(40,'2014-07-04',0,'Apresentação de trabalhos (estudo de caso) de sistemas operacionais.',5,'2015-06-16 19:54:11','2015-06-16 19:54:11',0,'NULL'),(41,'2014-07-10',0,'Avaliação Grau 2. Divulgação de resultados parciais, revisão e prova de substituição.',5,'2015-06-16 19:54:11','2015-06-16 19:54:11',0,'NULL'),(42,'2015-02-20',0,'Introdução a disciplina. Plano de ensino. Situação do tema banco de dados dentro da computação. Arquivos convencionais, problemas; conceitos de banco de dados (BD) e SGBD: noções gerais de um sistema de BD;',3,'2015-06-16 19:54:11','2015-06-16 19:54:11',0,'NULL'),(43,'2015-02-27',0,'Arquitetura de SGBD; gerência de bancos funções básicas de SGBD; usuários de BD; Abstração de dados. modelo lógico; modelo físico.  Introdução a modelagem conceitual.  modelo de dados entidade relacionamento (ER). Processo de projeto e Implementação de BD.',3,'2015-06-16 19:54:11','2015-06-16 19:54:11',0,''),(44,'2015-03-06',0,'Modelos de dados; Modelagem conceitual: objetivos; propriedades de um modelo conceitual; notações. Modelo entidade relacionamento (ER); Agregação/Desagregação.  Estudo de caso.',3,'2015-06-16 19:54:11','2015-06-16 19:54:11',0,'NULL'),(45,'2015-03-13',0,'Modelo de dados orientado a objetos (OO) , Modelagem conceitual (mecanismos de abstração; classificação/instanciação; generalização/especialização;).  Exercícios de fixação.',3,'2015-06-16 19:54:11','2015-06-16 19:54:11',0,'NULL'),(46,'2015-03-20',0,'Restrições de integridade, Construtores, Notação diagramática, Semelhanças e diferenças entre modelos conceituais).',3,'2015-06-16 19:54:11','2015-06-16 19:54:11',0,'NULL'),(47,'2015-03-27',0,'Projeto de banco de dados (transformação de diagramas  conceituais para modelos de banco de dados I ). Exercícios práticos.',3,'2015-06-16 19:54:11','2015-06-16 19:54:11',0,'NULL'),(48,'2015-04-10',0,'Estudo de caso da normalização de modelos.',3,'2015-06-16 19:54:11','2015-06-16 19:54:11',0,''),(49,'2015-04-17',0,'Revisão do conteúdo para a avaliação. Exercícios práticos.',3,'2015-06-16 19:54:11','2015-06-16 19:54:11',0,''),(50,'2015-04-20',0,'Atividade Extraclasse:\".Exercícios de normalização e revisão para prova\"',3,'2015-06-16 19:54:11','2015-06-16 19:54:11',0,''),(51,'2015-04-24',0,'Avaliação teórica/prática grau 1.',3,'2015-06-16 19:54:11','2015-06-16 19:54:11',0,'NULL'),(52,'2015-05-08',0,'Entrega das notas e correção da prova. Descrição do trabalho. Linguagem de definição de dados (DDL). Linguagem de modelagem de banco de dados.',3,'2015-06-16 19:54:11','2015-06-16 19:54:11',0,'NULL'),(53,'2015-05-15',0,'Linguagem de manipulação de dados (DML)  interativa.',3,'2015-06-16 19:54:11','2015-06-16 19:54:11',0,'NULL'),(54,'2015-05-22',0,'Restrições de integridade. Exercícios práticos.',3,'2015-06-16 19:54:11','2015-06-16 19:54:11',0,'NULL'),(55,'2015-05-29',0,'Linguagem de manipulação de dados embutida, restrições de integridade. Exercícios práticos.',3,'2015-06-16 19:54:11','2015-06-16 19:54:11',0,'NULL'),(56,'2015-06-05',0,'Especificação de gatilhos, asserções e procedimentos. Exercícios práticos.',3,'2015-06-16 19:54:11','2015-06-16 19:54:11',0,'NULL'),(57,'2015-06-12',0,'Álgebra relacional.',3,'2015-06-16 19:54:11','2015-06-16 19:54:11',0,'NULL'),(58,'2015-06-19',0,'Revisão para prova G2.',3,'2015-06-16 19:54:11','2015-06-16 19:54:11',0,'NULL'),(59,'2015-06-26',0,'Avaliação teórica/prática grau 2.',3,'2015-06-16 19:54:11','2015-06-16 19:54:11',0,'NULL'),(60,'2015-07-03',0,'Entrega das notas e correção da prova.  Revisão para prova de substituição.',3,'2015-06-16 19:54:11','2015-06-16 19:54:11',0,'NULL'),(61,'2015-07-10',0,'Prova de substituição. Entrega das notas finais e correção da prova.',3,'2015-06-16 19:54:11','2015-06-16 19:54:11',0,'NULL'),(62,'2015-02-25',0,'Apresentação da disciplina. Introdução às técnicas de programação.',6,'2015-06-16 19:54:11','2015-06-16 19:54:11',0,'NULL'),(63,'2015-03-04',0,'Orientação para projeto de classes',6,'2015-06-16 19:54:11','2015-06-16 19:54:11',0,'NULL'),(64,'2015-03-11',0,'Programação por contratos ? parte 1: especificações de interface precisas e verificáveis dos componentes de desenvolvimento de software. Exercícios práticos.',6,'2015-06-16 19:54:11','2015-06-16 19:54:11',0,'NULL'),(65,'2015-03-18',0,'Programação por contratos ? parte 2: especificações de interface precisas e verificáveis dos componentes de desenvolvimento de software. Exercícios práticos.',6,'2015-06-16 19:54:11','2015-06-16 19:54:11',0,'NULL'),(66,'2015-03-25',0,'Introdução ao Teste do Software. Exercícios práticos.',6,'2015-06-16 19:54:11','2015-06-16 19:54:11',0,''),(67,'2015-04-01',0,'Teste de software: validação de comportamento e unidades de trabalho. Descrição do  trabalho a ser desenvolvido.',6,'2015-06-16 19:54:11','2015-06-16 19:54:11',0,''),(68,'2015-04-08',0,'Ferramentas de apoio ao teste unitário (Junit). Exercícios práticos.',6,'2015-06-16 19:54:11','2015-06-16 19:54:11',0,''),(69,'2015-04-15',0,'Apresentação do trabalho e realização de um simulado referente ao G1.',6,'2015-06-16 19:54:11','2015-06-16 19:54:11',0,''),(70,'2015-04-22',0,'Avaliação G1',6,'2015-06-16 19:54:12','2015-06-16 19:54:12',0,''),(71,'2015-04-29',0,'Entrega das avaliações G1. Discussão das questões da prova. Programação concorrente: modelagem, threads, sincronização. Exercícios práticos.',6,'2015-06-16 19:54:12','2015-06-16 19:54:12',0,'NULL'),(72,'2015-05-06',0,'Aula prática ? programação concorrente.',6,'2015-06-16 19:54:12','2015-06-16 19:54:12',0,'NULL'),(73,'2015-05-13',0,'Programação concorrente: vivacidade e métodos protegidos. Descrição do trabalho G2.',6,'2015-06-16 19:54:12','2015-06-16 19:54:12',0,'NULL'),(74,'2015-05-20',0,'Programação concorrente: objeto condição e propriedades de concorrência.',6,'2015-06-16 19:54:12','2015-06-16 19:54:12',0,'NULL'),(75,'2015-05-27',0,'Arquitetura de Software: componentes do sistema e suas propriedades externas e seus relacionamentos com outros softwares.',6,'2015-06-16 19:54:12','2015-06-16 19:54:12',0,'NULL'),(76,'2015-06-03',0,'Modelo de desenvolvimento em camadas: domínios.',6,'2015-06-16 19:54:12','2015-06-16 19:54:12',0,'NULL'),(77,'2015-06-10',0,'Modelo de desenvolvimento em camadas: persistência e apresentação.',6,'2015-06-16 19:54:12','2015-06-16 19:54:12',0,'NULL'),(78,'2015-06-17',0,'Apresentação do trabalho e revisão para a avaliação  referente ao G2',6,'2015-06-16 19:54:12','2015-06-16 19:54:12',0,'NULL'),(79,'2015-06-24',0,'Avaliação G2',6,'2015-06-16 19:54:12','2015-06-16 19:54:12',0,'NULL'),(80,'2015-07-01',0,'Entrega das notas G2. Revisão para prova de substituição.',6,'2015-06-16 19:54:12','2015-06-16 19:54:12',0,'NULL'),(81,'2015-07-08',0,'Aplicação da prova de substituição G1 ou G2. Entrega das notas.',6,'2015-06-16 19:54:12','2015-06-16 19:54:12',0,'NULL'),(82,'2015-02-19',0,'Plano de aula. Arquitetura de computadores. Conceitos de hardware e software. Sistemas numéricos de representação de dados e conversões. Exercícios',1,'2015-06-16 19:54:12','2015-06-16 19:54:12',0,'NULL'),(83,'2015-02-26',0,'Álgebra booleana. Contextualização do curso de ADS. Disciplinas que compõem a ciência da computação. Exercícios',1,'2015-06-16 19:54:12','2015-06-16 19:54:12',0,'NULL'),(84,'2015-03-05',0,'Conceitos e definições dos Sistemas de informação. Tipos de sistemas de informação. Exemplos de sistemas de informação.',1,'2015-06-16 19:54:12','2015-06-16 19:54:12',0,'NULL'),(85,'2015-03-12',0,'Introdução  à Abordagem sistêmica I.',1,'2015-06-16 19:54:12','2015-06-16 19:54:12',0,'NULL'),(86,'2015-03-19',0,'Abordagem sistêmica  I - Aula Prática.',1,'2015-06-16 19:54:12','2015-06-16 19:54:12',0,'NULL'),(87,'2015-03-26',0,'Conceitos da Abordagem sistêmica II',1,'2015-06-16 19:54:12','2015-06-16 19:54:12',0,'NULL'),(88,'2015-04-02',0,'Conceitos da Abordagem sistêmica II ? Aula Prática',1,'2015-06-16 19:54:12','2015-06-16 19:54:12',0,'NULL'),(89,'2015-04-09',0,'Revisão dos conteúdos (Exercícios).',1,'2015-06-16 19:54:12','2015-06-16 19:54:12',0,'NULL'),(90,'2015-04-16',0,'Avaliação Teórica ? G1 ? Individual.',1,'2015-06-16 19:54:12','2015-06-16 19:54:12',0,'NULL'),(91,'2015-04-23',0,'Correção avaliação e divulgação resultados, definição grupos de trabalho.  Estudo da aplicação da tecnologia da informação nas organizações  do papel da modelagem no desenvolvimento de SI.',1,'2015-06-16 19:54:12','2015-06-16 19:54:12',0,'NULL'),(92,'2015-04-30',0,'Sistemas de computação. Estudo de caso. Exercícios',1,'2015-06-16 19:54:12','2015-06-16 19:54:12',0,'NULL'),(93,'2015-05-07',0,'Sistema de gerenciamento de transação.',1,'2015-06-16 19:54:12','2015-06-16 19:54:12',0,'NULL'),(94,'2015-05-14',0,'Sistema de gerenciamento de transação -  Aula prática',1,'2015-06-16 19:54:12','2015-06-16 19:54:12',0,'NULL'),(95,'2015-05-21',0,'Sistemas de informação (Planejamento estratégico de TI), aplicação da tecnologia da informação.',1,'2015-06-16 19:54:12','2015-06-16 19:54:12',0,'NULL'),(96,'2015-05-28',0,'Gestão de sistemas de informação',1,'2015-06-16 19:54:12','2015-06-16 19:54:12',0,'NULL'),(97,'2015-06-11',0,'Modelagem no desenvolvimento de sistemas de informação.',1,'2015-06-16 19:54:12','2015-06-16 19:54:12',0,'NULL'),(98,'2015-06-18',0,'Seminários de apresentações. Exercícios de revisão',1,'2015-06-16 19:54:12','2015-06-16 19:54:12',0,'NULL'),(99,'2015-06-25',0,'Avaliação Teórica / prática ? G2.',1,'2015-06-16 19:54:12','2015-06-16 19:54:12',0,'NULL'),(100,'2015-07-02',0,'Revisão do conteúdo para a substituição de grau',1,'2015-06-16 19:54:12','2015-06-16 19:54:12',0,'NULL'),(101,'2015-07-09',0,'Divulgação de resultados parciais, substituição de grau e divulgação de resultados finais.',1,'2015-06-16 19:54:13','2015-06-16 19:54:13',0,'NULL'),(102,'2014-08-01',0,'Descrição do plano de ensino. Introdução à disciplina. Plano de ensino. Introdução a linguagem  SQL',4,'2015-06-16 19:54:13','2015-06-16 19:54:13',0,'NULL'),(103,'2014-08-08',0,'Consultas (SQL, linguagem de manipulação de dados). Exercícios de fixação',4,'2015-06-16 19:54:13','2015-06-16 19:54:13',0,'NULL'),(104,'2014-08-15',0,'Consultas (SQL, linguagem de definição de dados). Exercícios de fixação',4,'2015-06-16 19:54:13','2015-06-16 19:54:13',0,'NULL'),(105,'2014-08-22',0,'Consultas Avançadas (introdução a subselects).  Exercícios de fixação. Integração do SQL e com o  JAVA.  Exercícios de fixação',4,'2015-06-16 19:54:13','2015-06-16 19:54:13',0,'NULL'),(106,'2014-08-29',0,'Consultas Avançadas (subselects, group by).  Exercícios de fixação',4,'2015-06-16 19:54:13','2015-06-16 19:54:13',0,'NULL'),(107,'2014-09-05',0,'Triggers e Store. Exercícios de fixação',4,'2015-06-16 19:54:13','2015-06-16 19:54:13',0,'NULL'),(108,'2014-09-12',0,'Procedures. Exercícios de fixação',4,'2015-06-16 19:54:13','2015-06-16 19:54:13',0,'NULL'),(109,'2014-09-19',0,'Revisão para prova G1. Simulado',4,'2015-06-16 19:54:13','2015-06-16 19:54:13',0,'NULL'),(110,'2014-09-26',0,'Avaliação teórica prática referente ao G1',4,'2015-06-16 19:54:13','2015-06-16 19:54:13',0,'NULL'),(111,'2014-10-03',0,'Correção da prova. Cursores',4,'2015-06-16 19:54:13','2015-06-16 19:54:13',0,'NULL'),(112,'2014-10-10',0,'Cursores e Introdução a Transações',4,'2015-06-16 19:54:13','2015-06-16 19:54:13',0,'NULL'),(113,'2014-10-17',0,'Transação  (Recuperação de falhas, concorrência). Andamento do trabalho.',4,'2015-06-16 19:54:13','2015-06-16 19:54:13',0,'NULL'),(114,'2014-10-24',0,'Arquitetura de  Banco de Dados  Distribuídos; Gerência de Objetos;',4,'2015-06-16 19:54:13','2015-06-16 19:54:13',0,'NULL'),(115,'2014-10-31',0,'Semana acadêmica',4,'2015-06-16 19:54:13','2015-06-16 19:54:13',0,'NULL'),(116,'2014-11-07',0,'Otimização de Consultas.',4,'2015-06-16 19:54:13','2015-06-16 19:54:13',0,'NULL'),(117,'2014-11-14',0,'Introdução a  Data Warehouse  e Bussiness  Intelligence (Aplicações emergentes de banco de dados.)',4,'2015-06-16 19:54:13','2015-06-16 19:54:13',0,'NULL'),(118,'2014-11-21',0,'Apresentação do trabalho e revisão para prova G2',4,'2015-06-16 19:54:13','2015-06-16 19:54:13',0,'NULL'),(119,'2014-11-28',0,'Prova G2',4,'2015-06-16 19:54:13','2015-06-16 19:54:13',0,'NULL'),(120,'2014-12-05',0,'Revisão do conteúdo para substituição',4,'2015-06-16 19:54:13','2015-06-16 19:54:13',0,'NULL'),(121,'2014-12-12',0,'Prova de substituição',4,'2015-06-16 19:54:13','2015-06-16 19:54:13',0,'NULL');
/*!40000 ALTER TABLE `aulas` ENABLE KEYS */;
UNLOCK TABLES;

--
-- Table structure for table `chamadas`
--

DROP TABLE IF EXISTS `chamadas`;
/*!40101 SET @saved_cs_client     = @@character_set_client */;
/*!40101 SET character_set_client = utf8 */;
CREATE TABLE `chamadas` (
  `id` int(10) unsigned NOT NULL AUTO_INCREMENT,
  `aluno_id` int(10) unsigned NOT NULL,
  `aula_id` int(10) unsigned NOT NULL,
  `p1` tinyint(1) NOT NULL,
  `p2` tinyint(1) NOT NULL,
  `p3` tinyint(1) NOT NULL,
  `p4` tinyint(1) NOT NULL,
  `created_at` timestamp NOT NULL DEFAULT '0000-00-00 00:00:00',
  `updated_at` timestamp NOT NULL DEFAULT '0000-00-00 00:00:00',
  PRIMARY KEY (`id`),
  KEY `chamadas_aluno_id_foreign` (`aluno_id`),
  KEY `chamadas_aula_id_foreign` (`aula_id`),
  CONSTRAINT `chamadas_aula_id_foreign` FOREIGN KEY (`aula_id`) REFERENCES `aulas` (`id`),
  CONSTRAINT `chamadas_aluno_id_foreign` FOREIGN KEY (`aluno_id`) REFERENCES `alunos` (`id`)
) ENGINE=InnoDB AUTO_INCREMENT=1001 DEFAULT CHARSET=utf8 COLLATE=utf8_unicode_ci;
/*!40101 SET character_set_client = @saved_cs_client */;

--
-- Dumping data for table `chamadas`
--

LOCK TABLES `chamadas` WRITE;
/*!40000 ALTER TABLE `chamadas` DISABLE KEYS */;
INSERT INTO `chamadas` VALUES (1,1,21,1,1,1,1,'2015-06-16 19:54:14','2015-06-16 19:54:14'),(2,2,21,1,1,1,1,'2015-06-16 19:54:14','2015-06-16 19:54:14'),(3,27,21,1,1,1,1,'2015-06-16 19:54:14','2015-06-16 19:54:14'),(4,3,21,1,1,1,1,'2015-06-16 19:54:14','2015-06-16 19:54:14'),(5,5,21,1,1,1,1,'2015-06-16 19:54:14','2015-06-16 19:54:14'),(6,28,21,1,1,1,1,'2015-06-16 19:54:14','2015-06-16 19:54:14'),(7,6,21,1,1,1,1,'2015-06-16 19:54:14','2015-06-16 19:54:14'),(8,29,21,1,1,0,0,'2015-06-16 19:54:14','2015-06-16 19:54:14'),(9,30,21,1,1,1,0,'2015-06-16 19:54:14','2015-06-16 19:54:14'),(10,9,21,1,1,1,1,'2015-06-16 19:54:14','2015-06-16 19:54:14'),(11,31,21,1,1,1,1,'2015-06-16 19:54:14','2015-06-16 19:54:14'),(12,10,21,1,1,1,1,'2015-06-16 19:54:14','2015-06-16 19:54:14'),(13,11,21,1,1,1,1,'2015-06-16 19:54:14','2015-06-16 19:54:14'),(14,14,21,1,1,1,1,'2015-06-16 19:54:14','2015-06-16 19:54:14'),(15,32,21,1,1,1,1,'2015-06-16 19:54:14','2015-06-16 19:54:14'),(16,33,21,1,1,1,1,'2015-06-16 19:54:14','2015-06-16 19:54:14'),(17,34,21,1,1,1,0,'2015-06-16 19:54:14','2015-06-16 19:54:14'),(18,15,21,1,1,1,1,'2015-06-16 19:54:15','2015-06-16 19:54:15'),(19,35,21,0,0,0,0,'2015-06-16 19:54:15','2015-06-16 19:54:15'),(20,16,21,0,0,0,0,'2015-06-16 19:54:15','2015-06-16 19:54:15'),(21,36,21,1,1,1,1,'2015-06-16 19:54:15','2015-06-16 19:54:15'),(22,17,21,1,1,1,1,'2015-06-16 19:54:15','2015-06-16 19:54:15'),(23,37,21,1,1,1,1,'2015-06-16 19:54:15','2015-06-16 19:54:15'),(24,38,21,1,1,1,0,'2015-06-16 19:54:15','2015-06-16 19:54:15'),(25,18,21,1,1,1,1,'2015-06-16 19:54:15','2015-06-16 19:54:15'),(26,19,21,1,1,1,1,'2015-06-16 19:54:15','2015-06-16 19:54:15'),(27,39,21,1,1,1,1,'2015-06-16 19:54:15','2015-06-16 19:54:15'),(28,22,21,1,1,1,1,'2015-06-16 19:54:15','2015-06-16 19:54:15'),(29,25,21,1,1,1,1,'2015-06-16 19:54:15','2015-06-16 19:54:15'),(30,26,21,1,1,1,1,'2015-06-16 19:54:15','2015-06-16 19:54:15'),(31,1,23,1,1,1,1,'2015-06-16 19:54:15','2015-06-16 19:54:15'),(32,2,23,1,1,1,1,'2015-06-16 19:54:15','2015-06-16 19:54:15'),(33,27,23,1,1,1,1,'2015-06-16 19:54:15','2015-06-16 19:54:15'),(34,3,23,1,1,1,1,'2015-06-16 19:54:15','2015-06-16 19:54:15'),(35,5,23,0,1,1,1,'2015-06-16 19:54:15','2015-06-16 19:54:15'),(36,28,23,1,1,1,1,'2015-06-16 19:54:15','2015-06-16 19:54:15'),(37,6,23,1,1,1,1,'2015-06-16 19:54:16','2015-06-16 19:54:16'),(38,29,23,0,0,0,0,'2015-06-16 19:54:16','2015-06-16 19:54:16'),(39,30,23,1,1,1,1,'2015-06-16 19:54:16','2015-06-16 19:54:16'),(40,9,23,1,1,1,1,'2015-06-16 19:54:16','2015-06-16 19:54:16'),(41,31,23,1,1,1,1,'2015-06-16 19:54:16','2015-06-16 19:54:16'),(42,10,23,1,1,1,1,'2015-06-16 19:54:16','2015-06-16 19:54:16'),(43,11,23,1,1,1,1,'2015-06-16 19:54:16','2015-06-16 19:54:16'),(44,14,23,1,1,1,1,'2015-06-16 19:54:16','2015-06-16 19:54:16'),(45,32,23,0,0,0,0,'2015-06-16 19:54:16','2015-06-16 19:54:16'),(46,33,23,0,0,0,0,'2015-06-16 19:54:16','2015-06-16 19:54:16'),(47,34,23,0,1,1,1,'2015-06-16 19:54:16','2015-06-16 19:54:16'),(48,15,23,1,1,1,1,'2015-06-16 19:54:16','2015-06-16 19:54:16'),(49,35,23,0,0,0,0,'2015-06-16 19:54:16','2015-06-16 19:54:16'),(50,16,23,1,1,1,1,'2015-06-16 19:54:16','2015-06-16 19:54:16'),(51,36,23,1,1,1,1,'2015-06-16 19:54:16','2015-06-16 19:54:16'),(52,17,23,1,1,1,1,'2015-06-16 19:54:16','2015-06-16 19:54:16'),(53,37,23,0,0,0,0,'2015-06-16 19:54:16','2015-06-16 19:54:16'),(54,38,23,0,0,0,0,'2015-06-16 19:54:16','2015-06-16 19:54:16'),(55,18,23,1,1,1,1,'2015-06-16 19:54:16','2015-06-16 19:54:16'),(56,19,23,1,1,1,1,'2015-06-16 19:54:16','2015-06-16 19:54:16'),(57,39,23,0,1,1,1,'2015-06-16 19:54:16','2015-06-16 19:54:16'),(58,22,23,1,1,1,1,'2015-06-16 19:54:16','2015-06-16 19:54:16'),(59,25,23,1,1,1,1,'2015-06-16 19:54:16','2015-06-16 19:54:16'),(60,26,23,1,1,1,1,'2015-06-16 19:54:16','2015-06-16 19:54:16'),(61,1,24,1,1,1,1,'2015-06-16 19:54:16','2015-06-16 19:54:16'),(62,2,24,0,0,0,0,'2015-06-16 19:54:16','2015-06-16 19:54:16'),(63,27,24,1,1,1,1,'2015-06-16 19:54:16','2015-06-16 19:54:16'),(64,3,24,1,1,1,1,'2015-06-16 19:54:17','2015-06-16 19:54:17'),(65,5,24,1,1,1,1,'2015-06-16 19:54:17','2015-06-16 19:54:17'),(66,28,24,1,1,1,1,'2015-06-16 19:54:17','2015-06-16 19:54:17'),(67,6,24,1,1,1,1,'2015-06-16 19:54:17','2015-06-16 19:54:17'),(68,29,24,0,0,0,0,'2015-06-16 19:54:17','2015-06-16 19:54:17'),(69,30,24,1,1,1,1,'2015-06-16 19:54:17','2015-06-16 19:54:17'),(70,9,24,0,1,1,1,'2015-06-16 19:54:17','2015-06-16 19:54:17'),(71,31,24,1,1,1,1,'2015-06-16 19:54:17','2015-06-16 19:54:17'),(72,10,24,1,1,1,1,'2015-06-16 19:54:17','2015-06-16 19:54:17'),(73,11,24,1,1,1,1,'2015-06-16 19:54:17','2015-06-16 19:54:17'),(74,14,24,1,1,1,1,'2015-06-16 19:54:17','2015-06-16 19:54:17'),(75,32,24,0,0,0,0,'2015-06-16 19:54:17','2015-06-16 19:54:17'),(76,33,24,1,1,1,1,'2015-06-16 19:54:17','2015-06-16 19:54:17'),(77,34,24,1,1,1,1,'2015-06-16 19:54:17','2015-06-16 19:54:17'),(78,15,24,1,1,0,0,'2015-06-16 19:54:17','2015-06-16 19:54:17'),(79,35,24,0,0,0,0,'2015-06-16 19:54:17','2015-06-16 19:54:17'),(80,16,24,1,1,1,1,'2015-06-16 19:54:17','2015-06-16 19:54:17'),(81,36,24,1,1,1,1,'2015-06-16 19:54:17','2015-06-16 19:54:17'),(82,17,24,1,1,1,1,'2015-06-16 19:54:17','2015-06-16 19:54:17'),(83,37,24,0,0,0,0,'2015-06-16 19:54:17','2015-06-16 19:54:17'),(84,38,24,0,0,0,0,'2015-06-16 19:54:17','2015-06-16 19:54:17'),(85,18,24,1,1,1,1,'2015-06-16 19:54:17','2015-06-16 19:54:17'),(86,19,24,1,1,1,1,'2015-06-16 19:54:17','2015-06-16 19:54:17'),(87,39,24,0,1,1,1,'2015-06-16 19:54:17','2015-06-16 19:54:17'),(88,22,24,1,1,1,1,'2015-06-16 19:54:17','2015-06-16 19:54:17'),(89,25,24,1,1,1,1,'2015-06-16 19:54:17','2015-06-16 19:54:17'),(90,26,24,1,1,1,1,'2015-06-16 19:54:17','2015-06-16 19:54:17'),(91,1,25,1,1,1,1,'2015-06-16 19:54:17','2015-06-16 19:54:17'),(92,2,25,1,1,1,1,'2015-06-16 19:54:18','2015-06-16 19:54:18'),(93,27,25,1,1,1,1,'2015-06-16 19:54:18','2015-06-16 19:54:18'),(94,3,25,1,1,1,1,'2015-06-16 19:54:18','2015-06-16 19:54:18'),(95,5,25,1,1,1,1,'2015-06-16 19:54:18','2015-06-16 19:54:18'),(96,28,25,1,1,1,1,'2015-06-16 19:54:18','2015-06-16 19:54:18'),(97,6,25,1,1,1,1,'2015-06-16 19:54:18','2015-06-16 19:54:18'),(98,29,25,0,0,0,0,'2015-06-16 19:54:18','2015-06-16 19:54:18'),(99,30,25,1,1,1,1,'2015-06-16 19:54:18','2015-06-16 19:54:18'),(100,9,25,1,1,1,1,'2015-06-16 19:54:18','2015-06-16 19:54:18'),(101,31,25,1,1,1,1,'2015-06-16 19:54:18','2015-06-16 19:54:18'),(102,10,25,1,1,1,1,'2015-06-16 19:54:18','2015-06-16 19:54:18'),(103,11,25,1,1,1,1,'2015-06-16 19:54:18','2015-06-16 19:54:18'),(104,14,25,0,0,0,0,'2015-06-16 19:54:18','2015-06-16 19:54:18'),(105,32,25,0,0,0,0,'2015-06-16 19:54:18','2015-06-16 19:54:18'),(106,33,25,1,1,1,1,'2015-06-16 19:54:18','2015-06-16 19:54:18'),(107,34,25,0,0,0,0,'2015-06-16 19:54:19','2015-06-16 19:54:19'),(108,15,25,0,0,0,0,'2015-06-16 19:54:19','2015-06-16 19:54:19'),(109,35,25,0,0,0,0,'2015-06-16 19:54:19','2015-06-16 19:54:19'),(110,16,25,0,0,0,0,'2015-06-16 19:54:19','2015-06-16 19:54:19'),(111,36,25,1,1,1,1,'2015-06-16 19:54:19','2015-06-16 19:54:19'),(112,17,25,1,1,1,1,'2015-06-16 19:54:19','2015-06-16 19:54:19'),(113,37,25,0,0,0,0,'2015-06-16 19:54:19','2015-06-16 19:54:19'),(114,38,25,0,0,0,0,'2015-06-16 19:54:19','2015-06-16 19:54:19'),(115,18,25,1,1,1,1,'2015-06-16 19:54:19','2015-06-16 19:54:19'),(116,19,25,1,1,1,1,'2015-06-16 19:54:19','2015-06-16 19:54:19'),(117,39,25,0,0,1,1,'2015-06-16 19:54:19','2015-06-16 19:54:19'),(118,22,25,1,1,1,1,'2015-06-16 19:54:19','2015-06-16 19:54:19'),(119,25,25,1,1,1,1,'2015-06-16 19:54:19','2015-06-16 19:54:19'),(120,26,25,1,1,1,1,'2015-06-16 19:54:19','2015-06-16 19:54:19'),(121,1,26,1,1,1,1,'2015-06-16 19:54:19','2015-06-16 19:54:19'),(122,2,26,1,1,1,1,'2015-06-16 19:54:19','2015-06-16 19:54:19'),(123,27,26,0,0,0,0,'2015-06-16 19:54:19','2015-06-16 19:54:19'),(124,3,26,1,1,1,1,'2015-06-16 19:54:19','2015-06-16 19:54:19'),(125,5,26,1,1,1,1,'2015-06-16 19:54:19','2015-06-16 19:54:19'),(126,28,26,1,1,1,1,'2015-06-16 19:54:19','2015-06-16 19:54:19'),(127,6,26,1,1,1,1,'2015-06-16 19:54:19','2015-06-16 19:54:19'),(128,29,26,0,0,0,0,'2015-06-16 19:54:19','2015-06-16 19:54:19'),(129,30,26,0,0,0,0,'2015-06-16 19:54:19','2015-06-16 19:54:19'),(130,9,26,1,1,1,1,'2015-06-16 19:54:19','2015-06-16 19:54:19'),(131,31,26,0,0,0,0,'2015-06-16 19:54:19','2015-06-16 19:54:19'),(132,10,26,1,1,1,1,'2015-06-16 19:54:20','2015-06-16 19:54:20'),(133,11,26,1,1,1,1,'2015-06-16 19:54:20','2015-06-16 19:54:20'),(134,14,26,1,1,1,1,'2015-06-16 19:54:20','2015-06-16 19:54:20'),(135,32,26,0,0,0,0,'2015-06-16 19:54:20','2015-06-16 19:54:20'),(136,33,26,0,0,0,0,'2015-06-16 19:54:20','2015-06-16 19:54:20'),(137,34,26,0,0,0,0,'2015-06-16 19:54:20','2015-06-16 19:54:20'),(138,15,26,1,1,1,1,'2015-06-16 19:54:20','2015-06-16 19:54:20'),(139,35,26,0,0,0,0,'2015-06-16 19:54:20','2015-06-16 19:54:20'),(140,16,26,1,1,1,1,'2015-06-16 19:54:20','2015-06-16 19:54:20'),(141,36,26,1,1,1,1,'2015-06-16 19:54:20','2015-06-16 19:54:20'),(142,17,26,1,1,1,1,'2015-06-16 19:54:20','2015-06-16 19:54:20'),(143,37,26,0,0,0,0,'2015-06-16 19:54:20','2015-06-16 19:54:20'),(144,38,26,0,0,0,0,'2015-06-16 19:54:20','2015-06-16 19:54:20'),(145,18,26,1,1,1,1,'2015-06-16 19:54:20','2015-06-16 19:54:20'),(146,19,26,1,1,1,1,'2015-06-16 19:54:21','2015-06-16 19:54:21'),(147,39,26,1,1,1,1,'2015-06-16 19:54:21','2015-06-16 19:54:21'),(148,22,26,1,1,1,1,'2015-06-16 19:54:21','2015-06-16 19:54:21'),(149,25,26,1,1,1,1,'2015-06-16 19:54:21','2015-06-16 19:54:21'),(150,26,26,1,1,1,1,'2015-06-16 19:54:21','2015-06-16 19:54:21'),(151,1,27,1,1,0,0,'2015-06-16 19:54:21','2015-06-16 19:54:21'),(152,2,27,1,1,1,1,'2015-06-16 19:54:21','2015-06-16 19:54:21'),(153,27,27,1,1,0,0,'2015-06-16 19:54:21','2015-06-16 19:54:21'),(154,3,27,1,1,1,1,'2015-06-16 19:54:21','2015-06-16 19:54:21'),(155,5,27,1,1,1,1,'2015-06-16 19:54:21','2015-06-16 19:54:21'),(156,28,27,1,1,1,1,'2015-06-16 19:54:21','2015-06-16 19:54:21'),(157,6,27,0,0,1,1,'2015-06-16 19:54:21','2015-06-16 19:54:21'),(158,29,27,0,0,1,1,'2015-06-16 19:54:21','2015-06-16 19:54:21'),(159,30,27,0,0,1,1,'2015-06-16 19:54:21','2015-06-16 19:54:21'),(160,9,27,1,1,1,1,'2015-06-16 19:54:21','2015-06-16 19:54:21'),(161,31,27,0,0,0,0,'2015-06-16 19:54:21','2015-06-16 19:54:21'),(162,10,27,1,1,1,1,'2015-06-16 19:54:21','2015-06-16 19:54:21'),(163,11,27,1,1,0,0,'2015-06-16 19:54:21','2015-06-16 19:54:21'),(164,14,27,1,1,1,1,'2015-06-16 19:54:21','2015-06-16 19:54:21'),(165,32,27,0,0,0,0,'2015-06-16 19:54:21','2015-06-16 19:54:21'),(166,33,27,1,1,0,0,'2015-06-16 19:54:21','2015-06-16 19:54:21'),(167,34,27,0,0,0,0,'2015-06-16 19:54:21','2015-06-16 19:54:21'),(168,15,27,1,1,1,1,'2015-06-16 19:54:21','2015-06-16 19:54:21'),(169,35,27,0,0,0,0,'2015-06-16 19:54:21','2015-06-16 19:54:21'),(170,16,27,1,1,1,1,'2015-06-16 19:54:21','2015-06-16 19:54:21'),(171,36,27,1,1,1,1,'2015-06-16 19:54:21','2015-06-16 19:54:21'),(172,17,27,1,1,1,1,'2015-06-16 19:54:21','2015-06-16 19:54:21'),(173,37,27,0,0,0,0,'2015-06-16 19:54:21','2015-06-16 19:54:21'),(174,38,27,0,0,0,0,'2015-06-16 19:54:22','2015-06-16 19:54:22'),(175,18,27,1,1,1,1,'2015-06-16 19:54:22','2015-06-16 19:54:22'),(176,19,27,1,1,0,0,'2015-06-16 19:54:22','2015-06-16 19:54:22'),(177,39,27,1,1,0,0,'2015-06-16 19:54:22','2015-06-16 19:54:22'),(178,22,27,1,1,1,1,'2015-06-16 19:54:22','2015-06-16 19:54:22'),(179,25,27,1,1,0,0,'2015-06-16 19:54:22','2015-06-16 19:54:22'),(180,26,27,1,1,1,1,'2015-06-16 19:54:22','2015-06-16 19:54:22'),(181,1,28,1,1,1,1,'2015-06-16 19:54:22','2015-06-16 19:54:22'),(182,2,28,1,1,1,1,'2015-06-16 19:54:22','2015-06-16 19:54:22'),(183,27,28,1,1,1,1,'2015-06-16 19:54:22','2015-06-16 19:54:22'),(184,3,28,1,1,1,1,'2015-06-16 19:54:22','2015-06-16 19:54:22'),(185,5,28,1,1,1,1,'2015-06-16 19:54:22','2015-06-16 19:54:22'),(186,28,28,1,1,1,1,'2015-06-16 19:54:22','2015-06-16 19:54:22'),(187,6,28,1,1,1,1,'2015-06-16 19:54:22','2015-06-16 19:54:22'),(188,29,28,1,1,1,1,'2015-06-16 19:54:22','2015-06-16 19:54:22'),(189,30,28,1,1,1,1,'2015-06-16 19:54:22','2015-06-16 19:54:22'),(190,9,28,1,1,1,1,'2015-06-16 19:54:22','2015-06-16 19:54:22'),(191,31,28,0,0,0,0,'2015-06-16 19:54:22','2015-06-16 19:54:22'),(192,10,28,1,1,1,1,'2015-06-16 19:54:22','2015-06-16 19:54:22'),(193,11,28,1,1,1,0,'2015-06-16 19:54:22','2015-06-16 19:54:22'),(194,14,28,1,1,1,1,'2015-06-16 19:54:22','2015-06-16 19:54:22'),(195,32,28,0,0,0,0,'2015-06-16 19:54:23','2015-06-16 19:54:23'),(196,33,28,1,1,1,0,'2015-06-16 19:54:23','2015-06-16 19:54:23'),(197,34,28,0,0,0,0,'2015-06-16 19:54:23','2015-06-16 19:54:23'),(198,15,28,1,1,1,1,'2015-06-16 19:54:23','2015-06-16 19:54:23'),(199,35,28,0,0,0,0,'2015-06-16 19:54:23','2015-06-16 19:54:23'),(200,16,28,1,1,1,1,'2015-06-16 19:54:23','2015-06-16 19:54:23'),(201,36,28,0,0,0,0,'2015-06-16 19:54:23','2015-06-16 19:54:23'),(202,17,28,1,1,1,1,'2015-06-16 19:54:23','2015-06-16 19:54:23'),(203,37,28,0,0,0,0,'2015-06-16 19:54:23','2015-06-16 19:54:23'),(204,38,28,0,0,0,0,'2015-06-16 19:54:23','2015-06-16 19:54:23'),(205,18,28,1,1,1,1,'2015-06-16 19:54:23','2015-06-16 19:54:23'),(206,19,28,1,1,1,1,'2015-06-16 19:54:23','2015-06-16 19:54:23'),(207,39,28,1,1,1,1,'2015-06-16 19:54:23','2015-06-16 19:54:23'),(208,22,28,1,1,1,1,'2015-06-16 19:54:23','2015-06-16 19:54:23'),(209,25,28,1,1,1,1,'2015-06-16 19:54:23','2015-06-16 19:54:23'),(210,26,28,1,1,1,1,'2015-06-16 19:54:23','2015-06-16 19:54:23'),(211,1,29,0,0,0,0,'2015-06-16 19:54:23','2015-06-16 19:54:23'),(212,2,29,1,1,1,1,'2015-06-16 19:54:23','2015-06-16 19:54:23'),(213,27,29,1,1,1,1,'2015-06-16 19:54:23','2015-06-16 19:54:23'),(214,3,29,1,1,1,1,'2015-06-16 19:54:23','2015-06-16 19:54:23'),(215,5,29,1,1,1,1,'2015-06-16 19:54:23','2015-06-16 19:54:23'),(216,28,29,1,1,1,1,'2015-06-16 19:54:23','2015-06-16 19:54:23'),(217,6,29,1,1,1,1,'2015-06-16 19:54:23','2015-06-16 19:54:23'),(218,29,29,0,0,0,0,'2015-06-16 19:54:23','2015-06-16 19:54:23'),(219,30,29,0,0,0,0,'2015-06-16 19:54:23','2015-06-16 19:54:23'),(220,9,29,0,0,1,1,'2015-06-16 19:54:23','2015-06-16 19:54:23'),(221,31,29,0,0,0,0,'2015-06-16 19:54:24','2015-06-16 19:54:24'),(222,10,29,1,1,1,1,'2015-06-16 19:54:24','2015-06-16 19:54:24'),(223,11,29,0,0,0,1,'2015-06-16 19:54:24','2015-06-16 19:54:24'),(224,14,29,1,1,1,1,'2015-06-16 19:54:24','2015-06-16 19:54:24'),(225,32,29,0,0,0,0,'2015-06-16 19:54:24','2015-06-16 19:54:24'),(226,33,29,0,0,0,1,'2015-06-16 19:54:24','2015-06-16 19:54:24'),(227,34,29,0,0,0,0,'2015-06-16 19:54:24','2015-06-16 19:54:24'),(228,15,29,1,1,1,1,'2015-06-16 19:54:24','2015-06-16 19:54:24'),(229,35,29,0,0,0,0,'2015-06-16 19:54:24','2015-06-16 19:54:24'),(230,16,29,1,1,1,1,'2015-06-16 19:54:24','2015-06-16 19:54:24'),(231,36,29,0,0,0,0,'2015-06-16 19:54:24','2015-06-16 19:54:24'),(232,17,29,1,1,1,1,'2015-06-16 19:54:24','2015-06-16 19:54:24'),(233,37,29,0,0,0,0,'2015-06-16 19:54:24','2015-06-16 19:54:24'),(234,38,29,0,0,0,0,'2015-06-16 19:54:24','2015-06-16 19:54:24'),(235,18,29,1,1,1,1,'2015-06-16 19:54:24','2015-06-16 19:54:24'),(236,19,29,1,1,1,1,'2015-06-16 19:54:24','2015-06-16 19:54:24'),(237,39,29,0,0,0,0,'2015-06-16 19:54:24','2015-06-16 19:54:24'),(238,22,29,1,1,1,1,'2015-06-16 19:54:24','2015-06-16 19:54:24'),(239,25,29,0,0,0,0,'2015-06-16 19:54:24','2015-06-16 19:54:24'),(240,26,29,1,1,1,1,'2015-06-16 19:54:24','2015-06-16 19:54:24'),(241,1,30,1,1,1,1,'2015-06-16 19:54:25','2015-06-16 19:54:25'),(242,2,30,1,1,1,1,'2015-06-16 19:54:25','2015-06-16 19:54:25'),(243,27,30,1,1,1,1,'2015-06-16 19:54:25','2015-06-16 19:54:25'),(244,3,30,1,1,1,1,'2015-06-16 19:54:25','2015-06-16 19:54:25'),(245,5,30,1,1,1,1,'2015-06-16 19:54:25','2015-06-16 19:54:25'),(246,28,30,1,1,1,1,'2015-06-16 19:54:25','2015-06-16 19:54:25'),(247,6,30,1,1,1,1,'2015-06-16 19:54:25','2015-06-16 19:54:25'),(248,29,30,1,1,1,1,'2015-06-16 19:54:25','2015-06-16 19:54:25'),(249,30,30,1,1,1,1,'2015-06-16 19:54:25','2015-06-16 19:54:25'),(250,9,30,1,1,1,1,'2015-06-16 19:54:25','2015-06-16 19:54:25'),(251,31,30,0,0,0,0,'2015-06-16 19:54:25','2015-06-16 19:54:25'),(252,10,30,1,1,1,1,'2015-06-16 19:54:25','2015-06-16 19:54:25'),(253,11,30,1,1,1,1,'2015-06-16 19:54:25','2015-06-16 19:54:25'),(254,14,30,1,1,1,1,'2015-06-16 19:54:25','2015-06-16 19:54:25'),(255,32,30,0,0,0,0,'2015-06-16 19:54:25','2015-06-16 19:54:25'),(256,33,30,1,1,1,1,'2015-06-16 19:54:25','2015-06-16 19:54:25'),(257,34,30,0,0,0,0,'2015-06-16 19:54:25','2015-06-16 19:54:25'),(258,15,30,1,1,1,1,'2015-06-16 19:54:25','2015-06-16 19:54:25'),(259,35,30,0,0,0,0,'2015-06-16 19:54:25','2015-06-16 19:54:25'),(260,16,30,1,1,1,1,'2015-06-16 19:54:25','2015-06-16 19:54:25'),(261,36,30,1,1,1,1,'2015-06-16 19:54:26','2015-06-16 19:54:26'),(262,17,30,1,1,1,1,'2015-06-16 19:54:26','2015-06-16 19:54:26'),(263,37,30,0,0,0,0,'2015-06-16 19:54:26','2015-06-16 19:54:26'),(264,38,30,0,0,0,0,'2015-06-16 19:54:26','2015-06-16 19:54:26'),(265,18,30,1,1,1,1,'2015-06-16 19:54:26','2015-06-16 19:54:26'),(266,19,30,1,1,1,1,'2015-06-16 19:54:26','2015-06-16 19:54:26'),(267,39,30,1,1,1,1,'2015-06-16 19:54:26','2015-06-16 19:54:26'),(268,22,30,1,1,1,1,'2015-06-16 19:54:26','2015-06-16 19:54:26'),(269,25,30,1,1,1,1,'2015-06-16 19:54:26','2015-06-16 19:54:26'),(270,26,30,1,1,1,1,'2015-06-16 19:54:26','2015-06-16 19:54:26'),(271,1,31,1,1,1,1,'2015-06-16 19:54:26','2015-06-16 19:54:26'),(272,2,31,1,1,1,1,'2015-06-16 19:54:26','2015-06-16 19:54:26'),(273,27,31,1,1,1,1,'2015-06-16 19:54:26','2015-06-16 19:54:26'),(274,3,31,1,1,1,1,'2015-06-16 19:54:26','2015-06-16 19:54:26'),(275,5,31,1,1,1,1,'2015-06-16 19:54:26','2015-06-16 19:54:26'),(276,28,31,1,1,1,1,'2015-06-16 19:54:26','2015-06-16 19:54:26'),(277,6,31,1,1,1,1,'2015-06-16 19:54:26','2015-06-16 19:54:26'),(278,29,31,0,0,0,0,'2015-06-16 19:54:26','2015-06-16 19:54:26'),(279,30,31,0,0,0,0,'2015-06-16 19:54:26','2015-06-16 19:54:26'),(280,9,31,1,1,1,1,'2015-06-16 19:54:26','2015-06-16 19:54:26'),(281,31,31,0,0,0,0,'2015-06-16 19:54:26','2015-06-16 19:54:26'),(282,10,31,1,1,1,1,'2015-06-16 19:54:26','2015-06-16 19:54:26'),(283,11,31,1,1,1,1,'2015-06-16 19:54:26','2015-06-16 19:54:26'),(284,14,31,1,1,1,1,'2015-06-16 19:54:26','2015-06-16 19:54:26'),(285,32,31,0,0,0,0,'2015-06-16 19:54:26','2015-06-16 19:54:26'),(286,33,31,0,0,0,0,'2015-06-16 19:54:27','2015-06-16 19:54:27'),(287,34,31,0,0,0,0,'2015-06-16 19:54:27','2015-06-16 19:54:27'),(288,15,31,1,1,1,1,'2015-06-16 19:54:27','2015-06-16 19:54:27'),(289,35,31,0,0,0,0,'2015-06-16 19:54:27','2015-06-16 19:54:27'),(290,16,31,1,1,1,1,'2015-06-16 19:54:27','2015-06-16 19:54:27'),(291,36,31,0,0,0,0,'2015-06-16 19:54:27','2015-06-16 19:54:27'),(292,17,31,1,1,1,1,'2015-06-16 19:54:27','2015-06-16 19:54:27'),(293,37,31,0,0,0,0,'2015-06-16 19:54:27','2015-06-16 19:54:27'),(294,38,31,0,0,0,0,'2015-06-16 19:54:27','2015-06-16 19:54:27'),(295,18,31,1,1,1,1,'2015-06-16 19:54:27','2015-06-16 19:54:27'),(296,19,31,1,1,1,1,'2015-06-16 19:54:27','2015-06-16 19:54:27'),(297,39,31,1,1,1,1,'2015-06-16 19:54:27','2015-06-16 19:54:27'),(298,22,31,1,1,1,1,'2015-06-16 19:54:27','2015-06-16 19:54:27'),(299,25,31,1,1,1,1,'2015-06-16 19:54:27','2015-06-16 19:54:27'),(300,26,31,1,1,1,1,'2015-06-16 19:54:27','2015-06-16 19:54:27'),(301,1,32,1,1,1,1,'2015-06-16 19:54:27','2015-06-16 19:54:27'),(302,2,32,1,1,1,1,'2015-06-16 19:54:27','2015-06-16 19:54:27'),(303,27,32,1,1,1,1,'2015-06-16 19:54:27','2015-06-16 19:54:27'),(304,3,32,1,1,1,1,'2015-06-16 19:54:27','2015-06-16 19:54:27'),(305,5,32,1,1,1,1,'2015-06-16 19:54:27','2015-06-16 19:54:27'),(306,28,32,1,1,1,1,'2015-06-16 19:54:27','2015-06-16 19:54:27'),(307,6,32,1,1,1,1,'2015-06-16 19:54:27','2015-06-16 19:54:27'),(308,29,32,1,1,1,1,'2015-06-16 19:54:28','2015-06-16 19:54:28'),(309,30,32,1,1,1,1,'2015-06-16 19:54:28','2015-06-16 19:54:28'),(310,9,32,1,1,1,1,'2015-06-16 19:54:28','2015-06-16 19:54:28'),(311,31,32,0,0,0,0,'2015-06-16 19:54:28','2015-06-16 19:54:28'),(312,10,32,1,1,1,1,'2015-06-16 19:54:28','2015-06-16 19:54:28'),(313,11,32,1,1,1,1,'2015-06-16 19:54:28','2015-06-16 19:54:28'),(314,14,32,1,1,1,1,'2015-06-16 19:54:28','2015-06-16 19:54:28'),(315,32,32,0,0,0,0,'2015-06-16 19:54:28','2015-06-16 19:54:28'),(316,33,32,0,0,0,0,'2015-06-16 19:54:28','2015-06-16 19:54:28'),(317,34,32,0,0,0,0,'2015-06-16 19:54:28','2015-06-16 19:54:28'),(318,15,32,1,1,1,1,'2015-06-16 19:54:28','2015-06-16 19:54:28'),(319,35,32,0,0,0,0,'2015-06-16 19:54:28','2015-06-16 19:54:28'),(320,16,32,1,1,1,1,'2015-06-16 19:54:28','2015-06-16 19:54:28'),(321,36,32,1,1,1,1,'2015-06-16 19:54:28','2015-06-16 19:54:28'),(322,17,32,1,1,1,1,'2015-06-16 19:54:28','2015-06-16 19:54:28'),(323,37,32,0,0,0,0,'2015-06-16 19:54:28','2015-06-16 19:54:28'),(324,38,32,0,0,0,0,'2015-06-16 19:54:28','2015-06-16 19:54:28'),(325,18,32,1,1,1,1,'2015-06-16 19:54:28','2015-06-16 19:54:28'),(326,19,32,1,1,1,1,'2015-06-16 19:54:28','2015-06-16 19:54:28'),(327,39,32,1,1,1,1,'2015-06-16 19:54:28','2015-06-16 19:54:28'),(328,22,32,1,1,1,1,'2015-06-16 19:54:29','2015-06-16 19:54:29'),(329,25,32,1,1,1,1,'2015-06-16 19:54:29','2015-06-16 19:54:29'),(330,26,32,1,1,1,1,'2015-06-16 19:54:29','2015-06-16 19:54:29'),(331,1,33,1,1,1,1,'2015-06-16 19:54:29','2015-06-16 19:54:29'),(332,2,33,1,1,1,1,'2015-06-16 19:54:29','2015-06-16 19:54:29'),(333,27,33,1,1,1,1,'2015-06-16 19:54:29','2015-06-16 19:54:29'),(334,3,33,1,1,1,1,'2015-06-16 19:54:29','2015-06-16 19:54:29'),(335,5,33,1,1,1,1,'2015-06-16 19:54:29','2015-06-16 19:54:29'),(336,28,33,1,1,1,1,'2015-06-16 19:54:29','2015-06-16 19:54:29'),(337,6,33,1,1,1,1,'2015-06-16 19:54:29','2015-06-16 19:54:29'),(338,29,33,1,1,1,1,'2015-06-16 19:54:29','2015-06-16 19:54:29'),(339,30,33,1,1,1,1,'2015-06-16 19:54:29','2015-06-16 19:54:29'),(340,9,33,1,1,1,1,'2015-06-16 19:54:29','2015-06-16 19:54:29'),(341,31,33,0,0,0,0,'2015-06-16 19:54:29','2015-06-16 19:54:29'),(342,10,33,1,1,1,1,'2015-06-16 19:54:29','2015-06-16 19:54:29'),(343,11,33,1,1,1,1,'2015-06-16 19:54:29','2015-06-16 19:54:29'),(344,14,33,1,1,1,1,'2015-06-16 19:54:30','2015-06-16 19:54:30'),(345,32,33,0,0,0,0,'2015-06-16 19:54:30','2015-06-16 19:54:30'),(346,33,33,0,0,0,0,'2015-06-16 19:54:30','2015-06-16 19:54:30'),(347,34,33,0,0,0,0,'2015-06-16 19:54:30','2015-06-16 19:54:30'),(348,15,33,1,1,1,1,'2015-06-16 19:54:30','2015-06-16 19:54:30'),(349,35,33,0,0,0,0,'2015-06-16 19:54:30','2015-06-16 19:54:30'),(350,16,33,1,1,1,1,'2015-06-16 19:54:30','2015-06-16 19:54:30'),(351,36,33,1,1,1,1,'2015-06-16 19:54:30','2015-06-16 19:54:30'),(352,17,33,1,1,1,1,'2015-06-16 19:54:30','2015-06-16 19:54:30'),(353,37,33,0,0,0,0,'2015-06-16 19:54:30','2015-06-16 19:54:30'),(354,38,33,0,0,0,0,'2015-06-16 19:54:30','2015-06-16 19:54:30'),(355,18,33,1,1,1,1,'2015-06-16 19:54:30','2015-06-16 19:54:30'),(356,19,33,1,1,1,1,'2015-06-16 19:54:30','2015-06-16 19:54:30'),(357,39,33,1,1,1,1,'2015-06-16 19:54:30','2015-06-16 19:54:30'),(358,22,33,1,1,1,1,'2015-06-16 19:54:30','2015-06-16 19:54:30'),(359,25,33,1,1,1,1,'2015-06-16 19:54:30','2015-06-16 19:54:30'),(360,26,33,1,1,1,1,'2015-06-16 19:54:30','2015-06-16 19:54:30'),(361,1,34,1,1,1,1,'2015-06-16 19:54:31','2015-06-16 19:54:31'),(362,2,34,1,1,1,1,'2015-06-16 19:54:31','2015-06-16 19:54:31'),(363,27,34,0,0,0,0,'2015-06-16 19:54:31','2015-06-16 19:54:31'),(364,3,34,1,1,1,1,'2015-06-16 19:54:31','2015-06-16 19:54:31'),(365,5,34,1,1,1,1,'2015-06-16 19:54:31','2015-06-16 19:54:31'),(366,28,34,1,1,1,1,'2015-06-16 19:54:31','2015-06-16 19:54:31'),(367,6,34,1,1,1,1,'2015-06-16 19:54:31','2015-06-16 19:54:31'),(368,29,34,0,0,0,0,'2015-06-16 19:54:31','2015-06-16 19:54:31'),(369,30,34,0,0,0,0,'2015-06-16 19:54:31','2015-06-16 19:54:31'),(370,9,34,1,1,1,1,'2015-06-16 19:54:31','2015-06-16 19:54:31'),(371,31,34,0,0,0,0,'2015-06-16 19:54:31','2015-06-16 19:54:31'),(372,10,34,1,1,1,1,'2015-06-16 19:54:31','2015-06-16 19:54:31'),(373,11,34,1,1,1,1,'2015-06-16 19:54:31','2015-06-16 19:54:31'),(374,14,34,1,1,1,1,'2015-06-16 19:54:31','2015-06-16 19:54:31'),(375,32,34,0,0,0,0,'2015-06-16 19:54:31','2015-06-16 19:54:31'),(376,33,34,0,0,0,0,'2015-06-16 19:54:31','2015-06-16 19:54:31'),(377,34,34,0,0,0,0,'2015-06-16 19:54:31','2015-06-16 19:54:31'),(378,15,34,1,1,1,1,'2015-06-16 19:54:31','2015-06-16 19:54:31'),(379,35,34,0,0,0,0,'2015-06-16 19:54:31','2015-06-16 19:54:31'),(380,16,34,1,1,1,1,'2015-06-16 19:54:31','2015-06-16 19:54:31'),(381,36,34,0,0,0,0,'2015-06-16 19:54:31','2015-06-16 19:54:31'),(382,17,34,1,1,1,1,'2015-06-16 19:54:31','2015-06-16 19:54:31'),(383,37,34,0,0,0,0,'2015-06-16 19:54:31','2015-06-16 19:54:31'),(384,38,34,0,0,0,0,'2015-06-16 19:54:31','2015-06-16 19:54:31'),(385,18,34,1,1,1,1,'2015-06-16 19:54:31','2015-06-16 19:54:31'),(386,19,34,1,1,1,1,'2015-06-16 19:54:31','2015-06-16 19:54:31'),(387,39,34,1,1,1,1,'2015-06-16 19:54:32','2015-06-16 19:54:32'),(388,22,34,1,1,1,1,'2015-06-16 19:54:32','2015-06-16 19:54:32'),(389,25,34,1,1,1,1,'2015-06-16 19:54:32','2015-06-16 19:54:32'),(390,26,34,1,1,1,1,'2015-06-16 19:54:32','2015-06-16 19:54:32'),(391,1,35,1,1,0,0,'2015-06-16 19:54:32','2015-06-16 19:54:32'),(392,2,35,1,1,1,1,'2015-06-16 19:54:32','2015-06-16 19:54:32'),(393,27,35,0,0,0,0,'2015-06-16 19:54:32','2015-06-16 19:54:32'),(394,3,35,1,1,1,1,'2015-06-16 19:54:32','2015-06-16 19:54:32'),(395,5,35,1,1,1,1,'2015-06-16 19:54:32','2015-06-16 19:54:32'),(396,28,35,1,1,1,1,'2015-06-16 19:54:32','2015-06-16 19:54:32'),(397,6,35,1,1,1,1,'2015-06-16 19:54:32','2015-06-16 19:54:32'),(398,29,35,0,0,0,0,'2015-06-16 19:54:32','2015-06-16 19:54:32'),(399,30,35,0,0,0,0,'2015-06-16 19:54:32','2015-06-16 19:54:32'),(400,9,35,1,1,1,0,'2015-06-16 19:54:32','2015-06-16 19:54:32'),(401,31,35,0,0,0,0,'2015-06-16 19:54:32','2015-06-16 19:54:32'),(402,10,35,1,1,1,1,'2015-06-16 19:54:32','2015-06-16 19:54:32'),(403,11,35,0,0,0,0,'2015-06-16 19:54:32','2015-06-16 19:54:32'),(404,14,35,1,1,0,0,'2015-06-16 19:54:32','2015-06-16 19:54:32'),(405,32,35,0,0,0,0,'2015-06-16 19:54:32','2015-06-16 19:54:32'),(406,33,35,0,0,0,0,'2015-06-16 19:54:32','2015-06-16 19:54:32'),(407,34,35,0,0,0,0,'2015-06-16 19:54:32','2015-06-16 19:54:32'),(408,15,35,0,0,0,0,'2015-06-16 19:54:33','2015-06-16 19:54:33'),(409,35,35,0,0,0,0,'2015-06-16 19:54:33','2015-06-16 19:54:33'),(410,16,35,0,0,0,0,'2015-06-16 19:54:33','2015-06-16 19:54:33'),(411,36,35,0,0,0,0,'2015-06-16 19:54:33','2015-06-16 19:54:33'),(412,17,35,1,1,1,1,'2015-06-16 19:54:33','2015-06-16 19:54:33'),(413,37,35,0,0,0,0,'2015-06-16 19:54:33','2015-06-16 19:54:33'),(414,38,35,0,0,0,0,'2015-06-16 19:54:33','2015-06-16 19:54:33'),(415,18,35,0,0,0,0,'2015-06-16 19:54:33','2015-06-16 19:54:33'),(416,19,35,1,1,1,1,'2015-06-16 19:54:33','2015-06-16 19:54:33'),(417,39,35,0,0,0,0,'2015-06-16 19:54:33','2015-06-16 19:54:33'),(418,22,35,1,1,1,1,'2015-06-16 19:54:33','2015-06-16 19:54:33'),(419,25,35,1,1,1,1,'2015-06-16 19:54:33','2015-06-16 19:54:33'),(420,26,35,1,1,1,1,'2015-06-16 19:54:33','2015-06-16 19:54:33'),(421,1,36,1,1,1,1,'2015-06-16 19:54:33','2015-06-16 19:54:33'),(422,2,36,1,1,1,1,'2015-06-16 19:54:33','2015-06-16 19:54:33'),(423,27,36,1,1,1,1,'2015-06-16 19:54:33','2015-06-16 19:54:33'),(424,3,36,1,1,1,1,'2015-06-16 19:54:33','2015-06-16 19:54:33'),(425,5,36,1,1,1,1,'2015-06-16 19:54:33','2015-06-16 19:54:33'),(426,28,36,1,1,1,1,'2015-06-16 19:54:33','2015-06-16 19:54:33'),(427,6,36,1,1,1,1,'2015-06-16 19:54:33','2015-06-16 19:54:33'),(428,29,36,1,1,1,1,'2015-06-16 19:54:33','2015-06-16 19:54:33'),(429,30,36,0,0,0,0,'2015-06-16 19:54:33','2015-06-16 19:54:33'),(430,9,36,1,1,1,1,'2015-06-16 19:54:33','2015-06-16 19:54:33'),(431,31,36,0,0,0,0,'2015-06-16 19:54:33','2015-06-16 19:54:33'),(432,10,36,1,1,1,1,'2015-06-16 19:54:33','2015-06-16 19:54:33'),(433,11,36,1,1,1,1,'2015-06-16 19:54:33','2015-06-16 19:54:33'),(434,14,36,1,1,1,1,'2015-06-16 19:54:34','2015-06-16 19:54:34'),(435,32,36,0,0,0,0,'2015-06-16 19:54:34','2015-06-16 19:54:34'),(436,33,36,0,0,0,0,'2015-06-16 19:54:34','2015-06-16 19:54:34'),(437,34,36,0,0,0,0,'2015-06-16 19:54:34','2015-06-16 19:54:34'),(438,15,36,1,1,1,1,'2015-06-16 19:54:34','2015-06-16 19:54:34'),(439,35,36,0,0,0,0,'2015-06-16 19:54:34','2015-06-16 19:54:34'),(440,16,36,1,1,1,1,'2015-06-16 19:54:34','2015-06-16 19:54:34'),(441,36,36,0,0,0,0,'2015-06-16 19:54:34','2015-06-16 19:54:34'),(442,17,36,1,1,1,1,'2015-06-16 19:54:34','2015-06-16 19:54:34'),(443,37,36,0,0,0,0,'2015-06-16 19:54:34','2015-06-16 19:54:34'),(444,38,36,0,0,0,0,'2015-06-16 19:54:34','2015-06-16 19:54:34'),(445,18,36,1,1,1,1,'2015-06-16 19:54:34','2015-06-16 19:54:34'),(446,19,36,1,1,1,1,'2015-06-16 19:54:34','2015-06-16 19:54:34'),(447,39,36,0,0,0,0,'2015-06-16 19:54:34','2015-06-16 19:54:34'),(448,22,36,1,1,1,1,'2015-06-16 19:54:34','2015-06-16 19:54:34'),(449,25,36,1,1,1,1,'2015-06-16 19:54:34','2015-06-16 19:54:34'),(450,26,36,1,1,1,1,'2015-06-16 19:54:34','2015-06-16 19:54:34'),(451,1,37,1,1,1,1,'2015-06-16 19:54:34','2015-06-16 19:54:34'),(452,2,37,1,1,1,1,'2015-06-16 19:54:34','2015-06-16 19:54:34'),(453,27,37,0,0,0,0,'2015-06-16 19:54:34','2015-06-16 19:54:34'),(454,3,37,1,1,1,1,'2015-06-16 19:54:34','2015-06-16 19:54:34'),(455,5,37,1,1,1,1,'2015-06-16 19:54:35','2015-06-16 19:54:35'),(456,28,37,1,1,1,1,'2015-06-16 19:54:35','2015-06-16 19:54:35'),(457,6,37,1,1,1,1,'2015-06-16 19:54:35','2015-06-16 19:54:35'),(458,29,37,0,0,0,0,'2015-06-16 19:54:35','2015-06-16 19:54:35'),(459,30,37,0,0,0,0,'2015-06-16 19:54:35','2015-06-16 19:54:35'),(460,9,37,1,1,1,1,'2015-06-16 19:54:35','2015-06-16 19:54:35'),(461,31,37,0,0,0,0,'2015-06-16 19:54:35','2015-06-16 19:54:35'),(462,10,37,1,1,1,1,'2015-06-16 19:54:35','2015-06-16 19:54:35'),(463,11,37,1,1,1,1,'2015-06-16 19:54:35','2015-06-16 19:54:35'),(464,14,37,1,1,1,1,'2015-06-16 19:54:35','2015-06-16 19:54:35'),(465,32,37,0,0,0,0,'2015-06-16 19:54:35','2015-06-16 19:54:35'),(466,33,37,0,0,0,0,'2015-06-16 19:54:35','2015-06-16 19:54:35'),(467,34,37,0,0,0,0,'2015-06-16 19:54:35','2015-06-16 19:54:35'),(468,15,37,1,1,1,1,'2015-06-16 19:54:35','2015-06-16 19:54:35'),(469,35,37,0,0,0,0,'2015-06-16 19:54:35','2015-06-16 19:54:35'),(470,16,37,1,1,1,1,'2015-06-16 19:54:35','2015-06-16 19:54:35'),(471,36,37,0,0,0,0,'2015-06-16 19:54:35','2015-06-16 19:54:35'),(472,17,37,1,1,1,1,'2015-06-16 19:54:35','2015-06-16 19:54:35'),(473,37,37,0,0,0,0,'2015-06-16 19:54:36','2015-06-16 19:54:36'),(474,38,37,0,0,0,0,'2015-06-16 19:54:36','2015-06-16 19:54:36'),(475,18,37,1,1,1,1,'2015-06-16 19:54:36','2015-06-16 19:54:36'),(476,19,37,1,1,1,1,'2015-06-16 19:54:36','2015-06-16 19:54:36'),(477,39,37,0,0,0,0,'2015-06-16 19:54:36','2015-06-16 19:54:36'),(478,22,37,1,1,1,1,'2015-06-16 19:54:36','2015-06-16 19:54:36'),(479,25,37,1,1,1,1,'2015-06-16 19:54:36','2015-06-16 19:54:36'),(480,26,37,1,1,1,1,'2015-06-16 19:54:36','2015-06-16 19:54:36'),(481,1,38,1,1,1,1,'2015-06-16 19:54:36','2015-06-16 19:54:36'),(482,2,38,1,1,1,1,'2015-06-16 19:54:36','2015-06-16 19:54:36'),(483,27,38,0,0,0,0,'2015-06-16 19:54:36','2015-06-16 19:54:36'),(484,3,38,1,1,1,1,'2015-06-16 19:54:36','2015-06-16 19:54:36'),(485,5,38,0,0,0,0,'2015-06-16 19:54:36','2015-06-16 19:54:36'),(486,28,38,1,1,1,1,'2015-06-16 19:54:36','2015-06-16 19:54:36'),(487,6,38,1,1,1,1,'2015-06-16 19:54:36','2015-06-16 19:54:36'),(488,29,38,0,0,0,0,'2015-06-16 19:54:36','2015-06-16 19:54:36'),(489,30,38,0,0,0,0,'2015-06-16 19:54:36','2015-06-16 19:54:36'),(490,9,38,1,1,1,1,'2015-06-16 19:54:36','2015-06-16 19:54:36'),(491,31,38,0,0,0,0,'2015-06-16 19:54:36','2015-06-16 19:54:36'),(492,10,38,1,1,1,1,'2015-06-16 19:54:36','2015-06-16 19:54:36'),(493,11,38,1,1,1,1,'2015-06-16 19:54:36','2015-06-16 19:54:36'),(494,14,38,1,1,1,1,'2015-06-16 19:54:36','2015-06-16 19:54:36'),(495,32,38,0,0,0,0,'2015-06-16 19:54:36','2015-06-16 19:54:36'),(496,33,38,0,0,0,0,'2015-06-16 19:54:36','2015-06-16 19:54:36'),(497,34,38,0,0,0,0,'2015-06-16 19:54:36','2015-06-16 19:54:36'),(498,15,38,1,1,1,1,'2015-06-16 19:54:36','2015-06-16 19:54:36'),(499,35,38,0,0,0,0,'2015-06-16 19:54:36','2015-06-16 19:54:36'),(500,16,38,1,1,1,1,'2015-06-16 19:54:37','2015-06-16 19:54:37'),(501,36,38,0,0,0,0,'2015-06-16 19:54:37','2015-06-16 19:54:37'),(502,17,38,1,1,1,1,'2015-06-16 19:54:37','2015-06-16 19:54:37'),(503,37,38,0,0,0,0,'2015-06-16 19:54:37','2015-06-16 19:54:37'),(504,38,38,0,0,0,0,'2015-06-16 19:54:37','2015-06-16 19:54:37'),(505,18,38,1,1,1,1,'2015-06-16 19:54:37','2015-06-16 19:54:37'),(506,19,38,1,1,1,1,'2015-06-16 19:54:37','2015-06-16 19:54:37'),(507,39,38,0,0,0,0,'2015-06-16 19:54:37','2015-06-16 19:54:37'),(508,22,38,1,1,1,1,'2015-06-16 19:54:37','2015-06-16 19:54:37'),(509,25,38,1,1,1,1,'2015-06-16 19:54:37','2015-06-16 19:54:37'),(510,26,38,1,1,1,1,'2015-06-16 19:54:37','2015-06-16 19:54:37'),(511,1,39,0,0,0,0,'2015-06-16 19:54:37','2015-06-16 19:54:37'),(512,2,39,1,1,1,1,'2015-06-16 19:54:37','2015-06-16 19:54:37'),(513,27,39,0,0,0,0,'2015-06-16 19:54:37','2015-06-16 19:54:37'),(514,3,39,1,1,1,1,'2015-06-16 19:54:37','2015-06-16 19:54:37'),(515,5,39,1,1,1,1,'2015-06-16 19:54:37','2015-06-16 19:54:37'),(516,28,39,1,1,1,1,'2015-06-16 19:54:37','2015-06-16 19:54:37'),(517,6,39,1,1,1,1,'2015-06-16 19:54:37','2015-06-16 19:54:37'),(518,29,39,0,0,0,0,'2015-06-16 19:54:37','2015-06-16 19:54:37'),(519,30,39,0,0,0,0,'2015-06-16 19:54:37','2015-06-16 19:54:37'),(520,9,39,1,1,1,1,'2015-06-16 19:54:37','2015-06-16 19:54:37'),(521,31,39,0,0,0,0,'2015-06-16 19:54:37','2015-06-16 19:54:37'),(522,10,39,1,1,1,1,'2015-06-16 19:54:37','2015-06-16 19:54:37'),(523,11,39,1,1,1,1,'2015-06-16 19:54:37','2015-06-16 19:54:37'),(524,14,39,1,1,1,1,'2015-06-16 19:54:37','2015-06-16 19:54:37'),(525,32,39,0,0,0,0,'2015-06-16 19:54:37','2015-06-16 19:54:37'),(526,33,39,0,0,0,0,'2015-06-16 19:54:37','2015-06-16 19:54:37'),(527,34,39,0,0,0,0,'2015-06-16 19:54:37','2015-06-16 19:54:37'),(528,15,39,1,1,1,1,'2015-06-16 19:54:38','2015-06-16 19:54:38'),(529,35,39,0,0,0,0,'2015-06-16 19:54:38','2015-06-16 19:54:38'),(530,16,39,1,1,1,1,'2015-06-16 19:54:38','2015-06-16 19:54:38'),(531,36,39,0,0,0,0,'2015-06-16 19:54:38','2015-06-16 19:54:38'),(532,17,39,1,1,1,1,'2015-06-16 19:54:38','2015-06-16 19:54:38'),(533,37,39,0,0,0,0,'2015-06-16 19:54:38','2015-06-16 19:54:38'),(534,38,39,0,0,0,0,'2015-06-16 19:54:38','2015-06-16 19:54:38'),(535,18,39,1,1,1,1,'2015-06-16 19:54:38','2015-06-16 19:54:38'),(536,19,39,1,1,1,1,'2015-06-16 19:54:38','2015-06-16 19:54:38'),(537,39,39,0,0,0,0,'2015-06-16 19:54:38','2015-06-16 19:54:38'),(538,22,39,1,1,1,1,'2015-06-16 19:54:38','2015-06-16 19:54:38'),(539,25,39,0,0,0,0,'2015-06-16 19:54:38','2015-06-16 19:54:38'),(540,26,39,1,1,1,1,'2015-06-16 19:54:38','2015-06-16 19:54:38'),(541,1,40,1,1,1,1,'2015-06-16 19:54:38','2015-06-16 19:54:38'),(542,2,40,1,1,1,1,'2015-06-16 19:54:38','2015-06-16 19:54:38'),(543,27,40,0,0,0,0,'2015-06-16 19:54:38','2015-06-16 19:54:38'),(544,3,40,1,1,1,1,'2015-06-16 19:54:38','2015-06-16 19:54:38'),(545,5,40,1,1,1,1,'2015-06-16 19:54:38','2015-06-16 19:54:38'),(546,28,40,1,1,1,1,'2015-06-16 19:54:38','2015-06-16 19:54:38'),(547,6,40,1,1,1,1,'2015-06-16 19:54:38','2015-06-16 19:54:38'),(548,29,40,0,0,0,0,'2015-06-16 19:54:38','2015-06-16 19:54:38'),(549,30,40,0,0,0,0,'2015-06-16 19:54:38','2015-06-16 19:54:38'),(550,9,40,1,1,1,1,'2015-06-16 19:54:39','2015-06-16 19:54:39'),(551,31,40,0,0,0,0,'2015-06-16 19:54:39','2015-06-16 19:54:39'),(552,10,40,1,1,1,1,'2015-06-16 19:54:39','2015-06-16 19:54:39'),(553,11,40,1,1,1,1,'2015-06-16 19:54:39','2015-06-16 19:54:39'),(554,14,40,1,1,1,1,'2015-06-16 19:54:39','2015-06-16 19:54:39'),(555,32,40,0,0,0,0,'2015-06-16 19:54:39','2015-06-16 19:54:39'),(556,33,40,0,0,0,0,'2015-06-16 19:54:39','2015-06-16 19:54:39'),(557,34,40,0,0,0,0,'2015-06-16 19:54:39','2015-06-16 19:54:39'),(558,15,40,1,1,1,1,'2015-06-16 19:54:39','2015-06-16 19:54:39'),(559,35,40,0,0,0,0,'2015-06-16 19:54:39','2015-06-16 19:54:39'),(560,16,40,1,1,1,1,'2015-06-16 19:54:39','2015-06-16 19:54:39'),(561,36,40,0,0,0,0,'2015-06-16 19:54:39','2015-06-16 19:54:39'),(562,17,40,1,1,1,1,'2015-06-16 19:54:39','2015-06-16 19:54:39'),(563,37,40,0,0,0,0,'2015-06-16 19:54:39','2015-06-16 19:54:39'),(564,38,40,0,0,0,0,'2015-06-16 19:54:39','2015-06-16 19:54:39'),(565,18,40,1,1,1,1,'2015-06-16 19:54:39','2015-06-16 19:54:39'),(566,19,40,1,1,1,1,'2015-06-16 19:54:39','2015-06-16 19:54:39'),(567,39,40,0,0,0,0,'2015-06-16 19:54:39','2015-06-16 19:54:39'),(568,22,40,1,1,1,1,'2015-06-16 19:54:40','2015-06-16 19:54:40'),(569,25,40,0,0,0,0,'2015-06-16 19:54:40','2015-06-16 19:54:40'),(570,26,40,1,1,1,1,'2015-06-16 19:54:40','2015-06-16 19:54:40'),(571,1,41,1,1,1,1,'2015-06-16 19:54:40','2015-06-16 19:54:40'),(572,2,41,1,1,1,1,'2015-06-16 19:54:40','2015-06-16 19:54:40'),(573,27,41,0,0,0,0,'2015-06-16 19:54:40','2015-06-16 19:54:40'),(574,3,41,1,1,1,1,'2015-06-16 19:54:40','2015-06-16 19:54:40'),(575,5,41,1,1,1,1,'2015-06-16 19:54:40','2015-06-16 19:54:40'),(576,28,41,1,1,1,1,'2015-06-16 19:54:40','2015-06-16 19:54:40'),(577,6,41,1,1,1,1,'2015-06-16 19:54:40','2015-06-16 19:54:40'),(578,29,41,0,0,0,0,'2015-06-16 19:54:40','2015-06-16 19:54:40'),(579,30,41,0,0,0,0,'2015-06-16 19:54:40','2015-06-16 19:54:40'),(580,9,41,1,1,1,1,'2015-06-16 19:54:40','2015-06-16 19:54:40'),(581,31,41,0,0,0,0,'2015-06-16 19:54:40','2015-06-16 19:54:40'),(582,10,41,1,1,1,1,'2015-06-16 19:54:40','2015-06-16 19:54:40'),(583,11,41,1,1,1,1,'2015-06-16 19:54:40','2015-06-16 19:54:40'),(584,14,41,1,1,1,1,'2015-06-16 19:54:40','2015-06-16 19:54:40'),(585,32,41,0,0,0,0,'2015-06-16 19:54:40','2015-06-16 19:54:40'),(586,33,41,0,0,0,0,'2015-06-16 19:54:40','2015-06-16 19:54:40'),(587,34,41,0,0,0,0,'2015-06-16 19:54:40','2015-06-16 19:54:40'),(588,15,41,1,1,1,1,'2015-06-16 19:54:40','2015-06-16 19:54:40'),(589,35,41,0,0,0,0,'2015-06-16 19:54:40','2015-06-16 19:54:40'),(590,16,41,1,1,1,1,'2015-06-16 19:54:40','2015-06-16 19:54:40'),(591,36,41,0,0,0,0,'2015-06-16 19:54:41','2015-06-16 19:54:41'),(592,17,41,1,1,1,1,'2015-06-16 19:54:41','2015-06-16 19:54:41'),(593,37,41,0,0,0,0,'2015-06-16 19:54:41','2015-06-16 19:54:41'),(594,38,41,0,0,0,0,'2015-06-16 19:54:41','2015-06-16 19:54:41'),(595,18,41,1,1,1,1,'2015-06-16 19:54:41','2015-06-16 19:54:41'),(596,19,41,1,1,1,1,'2015-06-16 19:54:41','2015-06-16 19:54:41'),(597,39,41,0,0,0,0,'2015-06-16 19:54:41','2015-06-16 19:54:41'),(598,22,41,1,1,1,1,'2015-06-16 19:54:41','2015-06-16 19:54:41'),(599,25,41,0,0,0,0,'2015-06-16 19:54:41','2015-06-16 19:54:41'),(600,26,41,1,1,1,1,'2015-06-16 19:54:41','2015-06-16 19:54:41'),(601,1,102,1,1,1,1,'2015-06-16 19:54:41','2015-06-16 19:54:41'),(602,3,102,1,1,1,1,'2015-06-16 19:54:41','2015-06-16 19:54:41'),(603,5,102,1,1,1,1,'2015-06-16 19:54:41','2015-06-16 19:54:41'),(604,6,102,1,1,1,1,'2015-06-16 19:54:41','2015-06-16 19:54:41'),(605,9,102,1,1,1,1,'2015-06-16 19:54:41','2015-06-16 19:54:41'),(606,10,102,1,1,1,1,'2015-06-16 19:54:41','2015-06-16 19:54:41'),(607,14,102,1,1,1,1,'2015-06-16 19:54:41','2015-06-16 19:54:41'),(608,16,102,1,1,1,1,'2015-06-16 19:54:41','2015-06-16 19:54:41'),(609,18,102,1,1,1,1,'2015-06-16 19:54:41','2015-06-16 19:54:41'),(610,19,102,1,1,1,1,'2015-06-16 19:54:41','2015-06-16 19:54:41'),(611,22,102,1,1,1,1,'2015-06-16 19:54:42','2015-06-16 19:54:42'),(612,25,102,1,1,1,1,'2015-06-16 19:54:42','2015-06-16 19:54:42'),(613,1,1,0,0,0,0,'2015-06-16 19:54:42','2015-06-16 19:54:42'),(614,2,1,1,0,0,0,'2015-06-16 19:54:42','2015-06-16 19:54:42'),(615,3,1,1,0,0,0,'2015-06-16 19:54:42','2015-06-16 19:54:42'),(616,4,1,0,1,1,0,'2015-06-16 19:54:42','2015-06-16 19:54:42'),(617,5,1,0,0,0,1,'2015-06-16 19:54:42','2015-06-16 19:54:42'),(618,6,1,0,0,0,0,'2015-06-16 19:54:42','2015-06-16 19:54:42'),(619,7,1,1,1,1,1,'2015-06-16 19:54:42','2015-06-16 19:54:42'),(620,8,1,0,0,0,0,'2015-06-16 19:54:42','2015-06-16 19:54:42'),(621,9,1,0,0,0,0,'2015-06-16 19:54:42','2015-06-16 19:54:42'),(622,10,1,0,0,0,0,'2015-06-16 19:54:42','2015-06-16 19:54:42'),(623,11,1,0,0,0,0,'2015-06-16 19:54:42','2015-06-16 19:54:42'),(624,12,1,0,0,0,0,'2015-06-16 19:54:42','2015-06-16 19:54:42'),(625,13,1,0,0,0,0,'2015-06-16 19:54:42','2015-06-16 19:54:42'),(626,14,1,0,0,0,0,'2015-06-16 19:54:42','2015-06-16 19:54:42'),(627,15,1,0,0,0,0,'2015-06-16 19:54:42','2015-06-16 19:54:42'),(628,16,1,0,0,0,0,'2015-06-16 19:54:42','2015-06-16 19:54:42'),(629,17,1,0,0,0,0,'2015-06-16 19:54:42','2015-06-16 19:54:42'),(630,18,1,0,0,0,0,'2015-06-16 19:54:42','2015-06-16 19:54:42'),(631,19,1,0,0,0,0,'2015-06-16 19:54:42','2015-06-16 19:54:42'),(632,20,1,0,0,0,0,'2015-06-16 19:54:42','2015-06-16 19:54:42'),(633,21,1,0,0,0,0,'2015-06-16 19:54:42','2015-06-16 19:54:42'),(634,22,1,0,0,0,0,'2015-06-16 19:54:42','2015-06-16 19:54:42'),(635,23,1,0,0,0,0,'2015-06-16 19:54:42','2015-06-16 19:54:42'),(636,24,1,0,0,0,0,'2015-06-16 19:54:42','2015-06-16 19:54:42'),(637,25,1,0,0,0,0,'2015-06-16 19:54:42','2015-06-16 19:54:42'),(638,26,1,0,0,0,0,'2015-06-16 19:54:42','2015-06-16 19:54:42'),(639,1,103,1,1,1,1,'2015-06-16 19:54:43','2015-06-16 19:54:43'),(640,3,103,1,1,1,1,'2015-06-16 19:54:43','2015-06-16 19:54:43'),(641,5,103,1,1,1,1,'2015-06-16 19:54:43','2015-06-16 19:54:43'),(642,6,103,1,1,1,1,'2015-06-16 19:54:43','2015-06-16 19:54:43'),(643,9,103,0,0,0,0,'2015-06-16 19:54:43','2015-06-16 19:54:43'),(644,10,103,1,1,1,1,'2015-06-16 19:54:43','2015-06-16 19:54:43'),(645,14,103,1,1,1,1,'2015-06-16 19:54:43','2015-06-16 19:54:43'),(646,16,103,1,1,1,1,'2015-06-16 19:54:43','2015-06-16 19:54:43'),(647,18,103,1,1,1,1,'2015-06-16 19:54:43','2015-06-16 19:54:43'),(648,19,103,1,1,1,1,'2015-06-16 19:54:43','2015-06-16 19:54:43'),(649,22,103,1,1,1,1,'2015-06-16 19:54:43','2015-06-16 19:54:43'),(650,25,103,1,1,1,1,'2015-06-16 19:54:43','2015-06-16 19:54:43'),(651,1,2,1,1,1,1,'2015-06-16 19:54:43','2015-06-16 19:54:43'),(652,2,2,1,1,1,1,'2015-06-16 19:54:43','2015-06-16 19:54:43'),(653,3,2,1,1,1,1,'2015-06-16 19:54:43','2015-06-16 19:54:43'),(654,4,2,1,1,1,1,'2015-06-16 19:54:43','2015-06-16 19:54:43'),(655,5,2,1,1,1,1,'2015-06-16 19:54:43','2015-06-16 19:54:43'),(656,6,2,1,1,1,1,'2015-06-16 19:54:43','2015-06-16 19:54:43'),(657,7,2,1,1,1,1,'2015-06-16 19:54:43','2015-06-16 19:54:43'),(658,8,2,1,1,1,1,'2015-06-16 19:54:43','2015-06-16 19:54:43'),(659,9,2,1,1,1,1,'2015-06-16 19:54:44','2015-06-16 19:54:44'),(660,10,2,1,1,1,1,'2015-06-16 19:54:44','2015-06-16 19:54:44'),(661,11,2,1,1,1,1,'2015-06-16 19:54:44','2015-06-16 19:54:44'),(662,12,2,1,1,1,1,'2015-06-16 19:54:44','2015-06-16 19:54:44'),(663,13,2,1,1,1,1,'2015-06-16 19:54:44','2015-06-16 19:54:44'),(664,14,2,1,1,1,1,'2015-06-16 19:54:44','2015-06-16 19:54:44'),(665,15,2,1,1,1,1,'2015-06-16 19:54:44','2015-06-16 19:54:44'),(666,16,2,0,0,0,0,'2015-06-16 19:54:44','2015-06-16 19:54:44'),(667,17,2,1,1,1,1,'2015-06-16 19:54:44','2015-06-16 19:54:44'),(668,18,2,1,1,1,1,'2015-06-16 19:54:44','2015-06-16 19:54:44'),(669,19,2,1,1,1,1,'2015-06-16 19:54:44','2015-06-16 19:54:44'),(670,20,2,1,1,1,1,'2015-06-16 19:54:44','2015-06-16 19:54:44'),(671,21,2,1,1,1,1,'2015-06-16 19:54:44','2015-06-16 19:54:44'),(672,22,2,1,1,1,1,'2015-06-16 19:54:44','2015-06-16 19:54:44'),(673,23,2,1,1,1,1,'2015-06-16 19:54:44','2015-06-16 19:54:44'),(674,24,2,1,1,1,1,'2015-06-16 19:54:44','2015-06-16 19:54:44'),(675,25,2,1,1,1,1,'2015-06-16 19:54:44','2015-06-16 19:54:44'),(676,26,2,1,1,1,1,'2015-06-16 19:54:44','2015-06-16 19:54:44'),(677,1,104,0,0,0,0,'2015-06-16 19:54:44','2015-06-16 19:54:44'),(678,3,104,1,1,1,1,'2015-06-16 19:54:44','2015-06-16 19:54:44'),(679,5,104,1,1,1,1,'2015-06-16 19:54:44','2015-06-16 19:54:44'),(680,6,104,1,1,1,1,'2015-06-16 19:54:44','2015-06-16 19:54:44'),(681,9,104,1,1,1,1,'2015-06-16 19:54:44','2015-06-16 19:54:44'),(682,10,104,1,1,1,1,'2015-06-16 19:54:44','2015-06-16 19:54:44'),(683,14,104,1,1,1,1,'2015-06-16 19:54:44','2015-06-16 19:54:44'),(684,16,104,1,1,1,1,'2015-06-16 19:54:45','2015-06-16 19:54:45'),(685,18,104,1,1,1,1,'2015-06-16 19:54:45','2015-06-16 19:54:45'),(686,19,104,1,1,1,1,'2015-06-16 19:54:45','2015-06-16 19:54:45'),(687,22,104,1,1,1,1,'2015-06-16 19:54:45','2015-06-16 19:54:45'),(688,25,104,1,1,1,1,'2015-06-16 19:54:45','2015-06-16 19:54:45'),(689,1,3,0,0,0,0,'2015-06-16 19:54:45','2015-06-16 19:54:45'),(690,2,3,1,1,1,1,'2015-06-16 19:54:45','2015-06-16 19:54:45'),(691,3,3,1,1,1,1,'2015-06-16 19:54:45','2015-06-16 19:54:45'),(692,4,3,1,1,1,1,'2015-06-16 19:54:45','2015-06-16 19:54:45'),(693,5,3,1,1,1,1,'2015-06-16 19:54:45','2015-06-16 19:54:45'),(694,6,3,1,1,1,1,'2015-06-16 19:54:45','2015-06-16 19:54:45'),(695,7,3,0,0,0,0,'2015-06-16 19:54:45','2015-06-16 19:54:45'),(696,8,3,1,1,1,1,'2015-06-16 19:54:45','2015-06-16 19:54:45'),(697,9,3,0,0,0,0,'2015-06-16 19:54:45','2015-06-16 19:54:45'),(698,10,3,1,1,1,1,'2015-06-16 19:54:45','2015-06-16 19:54:45'),(699,11,3,0,0,0,0,'2015-06-16 19:54:45','2015-06-16 19:54:45'),(700,12,3,0,0,0,0,'2015-06-16 19:54:45','2015-06-16 19:54:45'),(701,13,3,1,1,1,1,'2015-06-16 19:54:45','2015-06-16 19:54:45'),(702,14,3,1,1,1,1,'2015-06-16 19:54:45','2015-06-16 19:54:45'),(703,15,3,1,1,1,1,'2015-06-16 19:54:45','2015-06-16 19:54:45'),(704,16,3,1,1,1,1,'2015-06-16 19:54:45','2015-06-16 19:54:45'),(705,17,3,0,0,0,0,'2015-06-16 19:54:46','2015-06-16 19:54:46'),(706,18,3,1,1,1,1,'2015-06-16 19:54:46','2015-06-16 19:54:46'),(707,19,3,1,1,1,1,'2015-06-16 19:54:46','2015-06-16 19:54:46'),(708,20,3,1,1,1,1,'2015-06-16 19:54:46','2015-06-16 19:54:46'),(709,21,3,1,1,1,1,'2015-06-16 19:54:46','2015-06-16 19:54:46'),(710,22,3,1,1,1,1,'2015-06-16 19:54:46','2015-06-16 19:54:46'),(711,23,3,1,1,1,1,'2015-06-16 19:54:46','2015-06-16 19:54:46'),(712,24,3,1,1,1,1,'2015-06-16 19:54:46','2015-06-16 19:54:46'),(713,25,3,1,1,1,1,'2015-06-16 19:54:46','2015-06-16 19:54:46'),(714,26,3,1,1,1,1,'2015-06-16 19:54:46','2015-06-16 19:54:46'),(715,1,105,0,0,0,0,'2015-06-16 19:54:46','2015-06-16 19:54:46'),(716,3,105,1,1,1,1,'2015-06-16 19:54:46','2015-06-16 19:54:46'),(717,5,105,1,1,1,1,'2015-06-16 19:54:46','2015-06-16 19:54:46'),(718,6,105,1,1,1,1,'2015-06-16 19:54:46','2015-06-16 19:54:46'),(719,9,105,0,0,0,0,'2015-06-16 19:54:46','2015-06-16 19:54:46'),(720,10,105,1,1,1,1,'2015-06-16 19:54:46','2015-06-16 19:54:46'),(721,14,105,1,1,1,1,'2015-06-16 19:54:46','2015-06-16 19:54:46'),(722,16,105,0,1,1,1,'2015-06-16 19:54:46','2015-06-16 19:54:46'),(723,18,105,1,1,1,1,'2015-06-16 19:54:46','2015-06-16 19:54:46'),(724,19,105,1,1,1,1,'2015-06-16 19:54:46','2015-06-16 19:54:46'),(725,22,105,1,1,1,1,'2015-06-16 19:54:46','2015-06-16 19:54:46'),(726,25,105,0,0,0,0,'2015-06-16 19:54:46','2015-06-16 19:54:46'),(727,1,4,0,0,0,0,'2015-06-16 19:54:47','2015-06-16 19:54:47'),(728,2,4,0,0,0,0,'2015-06-16 19:54:47','2015-06-16 19:54:47'),(729,3,4,1,1,1,1,'2015-06-16 19:54:47','2015-06-16 19:54:47'),(730,4,4,1,1,1,1,'2015-06-16 19:54:47','2015-06-16 19:54:47'),(731,5,4,0,0,0,0,'2015-06-16 19:54:47','2015-06-16 19:54:47'),(732,6,4,1,1,1,1,'2015-06-16 19:54:47','2015-06-16 19:54:47'),(733,7,4,1,1,1,1,'2015-06-16 19:54:47','2015-06-16 19:54:47'),(734,8,4,1,1,1,1,'2015-06-16 19:54:47','2015-06-16 19:54:47'),(735,9,4,1,1,1,1,'2015-06-16 19:54:47','2015-06-16 19:54:47'),(736,10,4,1,1,1,1,'2015-06-16 19:54:47','2015-06-16 19:54:47'),(737,11,4,1,1,1,1,'2015-06-16 19:54:47','2015-06-16 19:54:47'),(738,12,4,0,0,0,0,'2015-06-16 19:54:47','2015-06-16 19:54:47'),(739,13,4,1,1,1,1,'2015-06-16 19:54:47','2015-06-16 19:54:47'),(740,14,4,0,0,0,0,'2015-06-16 19:54:47','2015-06-16 19:54:47'),(741,15,4,0,0,0,0,'2015-06-16 19:54:47','2015-06-16 19:54:47'),(742,16,4,0,0,0,0,'2015-06-16 19:54:47','2015-06-16 19:54:47'),(743,17,4,1,1,1,1,'2015-06-16 19:54:47','2015-06-16 19:54:47'),(744,18,4,1,1,1,1,'2015-06-16 19:54:47','2015-06-16 19:54:47'),(745,19,4,1,1,1,1,'2015-06-16 19:54:47','2015-06-16 19:54:47'),(746,20,4,1,1,1,1,'2015-06-16 19:54:47','2015-06-16 19:54:47'),(747,21,4,1,1,1,1,'2015-06-16 19:54:47','2015-06-16 19:54:47'),(748,22,4,1,1,1,1,'2015-06-16 19:54:47','2015-06-16 19:54:47'),(749,23,4,1,1,1,1,'2015-06-16 19:54:47','2015-06-16 19:54:47'),(750,24,4,1,1,1,1,'2015-06-16 19:54:47','2015-06-16 19:54:47'),(751,25,4,1,1,1,1,'2015-06-16 19:54:47','2015-06-16 19:54:47'),(752,26,4,1,1,0,0,'2015-06-16 19:54:48','2015-06-16 19:54:48'),(753,1,106,0,0,0,0,'2015-06-16 19:54:48','2015-06-16 19:54:48'),(754,3,106,1,1,1,1,'2015-06-16 19:54:48','2015-06-16 19:54:48'),(755,5,106,1,1,1,1,'2015-06-16 19:54:48','2015-06-16 19:54:48'),(756,6,106,1,1,1,1,'2015-06-16 19:54:48','2015-06-16 19:54:48'),(757,9,106,1,1,1,1,'2015-06-16 19:54:48','2015-06-16 19:54:48'),(758,10,106,1,1,1,1,'2015-06-16 19:54:48','2015-06-16 19:54:48'),(759,14,106,0,0,0,0,'2015-06-16 19:54:48','2015-06-16 19:54:48'),(760,16,106,0,0,0,0,'2015-06-16 19:54:48','2015-06-16 19:54:48'),(761,18,106,0,0,0,0,'2015-06-16 19:54:48','2015-06-16 19:54:48'),(762,19,106,1,1,1,1,'2015-06-16 19:54:48','2015-06-16 19:54:48'),(763,22,106,0,0,0,0,'2015-06-16 19:54:48','2015-06-16 19:54:48'),(764,25,106,1,1,1,1,'2015-06-16 19:54:48','2015-06-16 19:54:48'),(765,1,5,0,0,0,0,'2015-06-16 19:54:48','2015-06-16 19:54:48'),(766,2,5,1,1,1,1,'2015-06-16 19:54:48','2015-06-16 19:54:48'),(767,3,5,1,1,1,1,'2015-06-16 19:54:48','2015-06-16 19:54:48'),(768,4,5,1,1,1,1,'2015-06-16 19:54:48','2015-06-16 19:54:48'),(769,5,5,1,1,1,1,'2015-06-16 19:54:48','2015-06-16 19:54:48'),(770,6,5,1,1,1,1,'2015-06-16 19:54:48','2015-06-16 19:54:48'),(771,7,5,1,1,1,1,'2015-06-16 19:54:48','2015-06-16 19:54:48'),(772,8,5,1,1,1,1,'2015-06-16 19:54:48','2015-06-16 19:54:48'),(773,9,5,1,1,1,1,'2015-06-16 19:54:48','2015-06-16 19:54:48'),(774,10,5,1,1,1,1,'2015-06-16 19:54:48','2015-06-16 19:54:48'),(775,11,5,1,1,1,1,'2015-06-16 19:54:48','2015-06-16 19:54:48'),(776,12,5,0,0,0,0,'2015-06-16 19:54:49','2015-06-16 19:54:49'),(777,13,5,0,0,0,0,'2015-06-16 19:54:49','2015-06-16 19:54:49'),(778,14,5,1,1,1,1,'2015-06-16 19:54:49','2015-06-16 19:54:49'),(779,15,5,1,1,1,1,'2015-06-16 19:54:49','2015-06-16 19:54:49'),(780,16,5,1,1,1,1,'2015-06-16 19:54:49','2015-06-16 19:54:49'),(781,17,5,1,1,1,1,'2015-06-16 19:54:49','2015-06-16 19:54:49'),(782,18,5,1,1,1,1,'2015-06-16 19:54:49','2015-06-16 19:54:49'),(783,19,5,1,1,1,1,'2015-06-16 19:54:49','2015-06-16 19:54:49'),(784,20,5,1,1,1,1,'2015-06-16 19:54:49','2015-06-16 19:54:49'),(785,21,5,1,1,1,1,'2015-06-16 19:54:49','2015-06-16 19:54:49'),(786,22,5,1,1,1,1,'2015-06-16 19:54:49','2015-06-16 19:54:49'),(787,23,5,1,1,1,1,'2015-06-16 19:54:49','2015-06-16 19:54:49'),(788,24,5,1,1,1,1,'2015-06-16 19:54:49','2015-06-16 19:54:49'),(789,25,5,1,1,1,1,'2015-06-16 19:54:49','2015-06-16 19:54:49'),(790,26,5,1,1,1,1,'2015-06-16 19:54:49','2015-06-16 19:54:49'),(791,1,107,0,0,0,0,'2015-06-16 19:54:49','2015-06-16 19:54:49'),(792,3,107,1,1,1,1,'2015-06-16 19:54:49','2015-06-16 19:54:49'),(793,5,107,1,1,1,1,'2015-06-16 19:54:49','2015-06-16 19:54:49'),(794,6,107,1,1,1,1,'2015-06-16 19:54:50','2015-06-16 19:54:50'),(795,9,107,0,0,0,0,'2015-06-16 19:54:50','2015-06-16 19:54:50'),(796,10,107,0,0,0,0,'2015-06-16 19:54:50','2015-06-16 19:54:50'),(797,14,107,1,1,1,1,'2015-06-16 19:54:50','2015-06-16 19:54:50'),(798,16,107,0,0,0,0,'2015-06-16 19:54:50','2015-06-16 19:54:50'),(799,18,107,1,1,1,1,'2015-06-16 19:54:50','2015-06-16 19:54:50'),(800,19,107,1,1,1,1,'2015-06-16 19:54:50','2015-06-16 19:54:50'),(801,22,107,1,1,1,1,'2015-06-16 19:54:50','2015-06-16 19:54:50'),(802,25,107,1,1,1,1,'2015-06-16 19:54:50','2015-06-16 19:54:50'),(803,1,6,0,0,0,0,'2015-06-16 19:54:50','2015-06-16 19:54:50'),(804,2,6,1,1,1,1,'2015-06-16 19:54:50','2015-06-16 19:54:50'),(805,3,6,1,1,1,1,'2015-06-16 19:54:50','2015-06-16 19:54:50'),(806,4,6,1,1,1,1,'2015-06-16 19:54:50','2015-06-16 19:54:50'),(807,5,6,1,1,1,1,'2015-06-16 19:54:50','2015-06-16 19:54:50'),(808,6,6,1,1,1,1,'2015-06-16 19:54:50','2015-06-16 19:54:50'),(809,7,6,1,1,1,1,'2015-06-16 19:54:50','2015-06-16 19:54:50'),(810,8,6,0,0,0,0,'2015-06-16 19:54:50','2015-06-16 19:54:50'),(811,9,6,0,0,0,0,'2015-06-16 19:54:51','2015-06-16 19:54:51'),(812,10,6,1,1,1,1,'2015-06-16 19:54:51','2015-06-16 19:54:51'),(813,11,6,1,1,1,1,'2015-06-16 19:54:51','2015-06-16 19:54:51'),(814,12,6,0,0,0,0,'2015-06-16 19:54:51','2015-06-16 19:54:51'),(815,13,6,1,1,1,1,'2015-06-16 19:54:51','2015-06-16 19:54:51'),(816,14,6,1,1,1,1,'2015-06-16 19:54:51','2015-06-16 19:54:51'),(817,15,6,1,1,1,1,'2015-06-16 19:54:51','2015-06-16 19:54:51'),(818,16,6,0,0,0,0,'2015-06-16 19:54:51','2015-06-16 19:54:51'),(819,17,6,0,0,0,0,'2015-06-16 19:54:51','2015-06-16 19:54:51'),(820,18,6,1,1,1,1,'2015-06-16 19:54:51','2015-06-16 19:54:51'),(821,19,6,1,1,1,1,'2015-06-16 19:54:51','2015-06-16 19:54:51'),(822,20,6,0,0,0,0,'2015-06-16 19:54:51','2015-06-16 19:54:51'),(823,21,6,1,1,1,1,'2015-06-16 19:54:51','2015-06-16 19:54:51'),(824,22,6,1,1,1,1,'2015-06-16 19:54:51','2015-06-16 19:54:51'),(825,23,6,1,1,1,1,'2015-06-16 19:54:51','2015-06-16 19:54:51'),(826,24,6,1,1,1,1,'2015-06-16 19:54:51','2015-06-16 19:54:51'),(827,25,6,1,1,1,1,'2015-06-16 19:54:51','2015-06-16 19:54:51'),(828,26,6,1,1,1,1,'2015-06-16 19:54:51','2015-06-16 19:54:51'),(829,1,108,0,0,0,0,'2015-06-16 19:54:51','2015-06-16 19:54:51'),(830,3,108,1,1,1,1,'2015-06-16 19:54:51','2015-06-16 19:54:51'),(831,5,108,0,0,0,0,'2015-06-16 19:54:52','2015-06-16 19:54:52'),(832,6,108,1,1,1,1,'2015-06-16 19:54:52','2015-06-16 19:54:52'),(833,9,108,1,1,1,1,'2015-06-16 19:54:52','2015-06-16 19:54:52'),(834,10,108,0,0,0,0,'2015-06-16 19:54:52','2015-06-16 19:54:52'),(835,14,108,1,1,1,1,'2015-06-16 19:54:52','2015-06-16 19:54:52'),(836,16,108,0,0,0,0,'2015-06-16 19:54:52','2015-06-16 19:54:52'),(837,18,108,1,1,1,1,'2015-06-16 19:54:52','2015-06-16 19:54:52'),(838,19,108,0,0,0,0,'2015-06-16 19:54:52','2015-06-16 19:54:52'),(839,22,108,1,1,1,1,'2015-06-16 19:54:52','2015-06-16 19:54:52'),(840,25,108,1,1,1,1,'2015-06-16 19:54:52','2015-06-16 19:54:52'),(841,1,7,0,0,0,0,'2015-06-16 19:54:52','2015-06-16 19:54:52'),(842,2,7,1,1,1,1,'2015-06-16 19:54:52','2015-06-16 19:54:52'),(843,3,7,1,1,1,1,'2015-06-16 19:54:52','2015-06-16 19:54:52'),(844,4,7,1,1,1,1,'2015-06-16 19:54:52','2015-06-16 19:54:52'),(845,5,7,1,1,1,1,'2015-06-16 19:54:52','2015-06-16 19:54:52'),(846,6,7,1,1,1,1,'2015-06-16 19:54:52','2015-06-16 19:54:52'),(847,7,7,1,1,1,1,'2015-06-16 19:54:52','2015-06-16 19:54:52'),(848,8,7,1,1,1,1,'2015-06-16 19:54:52','2015-06-16 19:54:52'),(849,9,7,0,0,0,0,'2015-06-16 19:54:52','2015-06-16 19:54:52'),(850,10,7,1,1,1,1,'2015-06-16 19:54:52','2015-06-16 19:54:52'),(851,11,7,1,1,1,1,'2015-06-16 19:54:52','2015-06-16 19:54:52'),(852,12,7,0,0,0,0,'2015-06-16 19:54:52','2015-06-16 19:54:52'),(853,13,7,1,1,1,1,'2015-06-16 19:54:52','2015-06-16 19:54:52'),(854,14,7,1,1,1,1,'2015-06-16 19:54:52','2015-06-16 19:54:52'),(855,15,7,1,1,1,1,'2015-06-16 19:54:52','2015-06-16 19:54:52'),(856,16,7,0,0,0,0,'2015-06-16 19:54:52','2015-06-16 19:54:52'),(857,17,7,1,1,1,1,'2015-06-16 19:54:52','2015-06-16 19:54:52'),(858,18,7,1,1,1,1,'2015-06-16 19:54:53','2015-06-16 19:54:53'),(859,19,7,1,1,1,1,'2015-06-16 19:54:53','2015-06-16 19:54:53'),(860,20,7,1,1,1,1,'2015-06-16 19:54:53','2015-06-16 19:54:53'),(861,21,7,1,1,1,1,'2015-06-16 19:54:53','2015-06-16 19:54:53'),(862,22,7,1,1,1,1,'2015-06-16 19:54:53','2015-06-16 19:54:53'),(863,23,7,1,1,1,1,'2015-06-16 19:54:53','2015-06-16 19:54:53'),(864,24,7,1,1,1,1,'2015-06-16 19:54:53','2015-06-16 19:54:53'),(865,25,7,1,1,1,1,'2015-06-16 19:54:53','2015-06-16 19:54:53'),(866,26,7,1,1,1,1,'2015-06-16 19:54:53','2015-06-16 19:54:53'),(867,1,109,0,0,0,0,'2015-06-16 19:54:53','2015-06-16 19:54:53'),(868,3,109,1,1,1,1,'2015-06-16 19:54:53','2015-06-16 19:54:53'),(869,5,109,1,1,1,1,'2015-06-16 19:54:53','2015-06-16 19:54:53'),(870,6,109,1,1,1,1,'2015-06-16 19:54:53','2015-06-16 19:54:53'),(871,9,109,1,1,0,0,'2015-06-16 19:54:53','2015-06-16 19:54:53'),(872,10,109,0,0,0,0,'2015-06-16 19:54:53','2015-06-16 19:54:53'),(873,14,109,0,0,0,0,'2015-06-16 19:54:53','2015-06-16 19:54:53'),(874,16,109,0,0,0,0,'2015-06-16 19:54:53','2015-06-16 19:54:53'),(875,18,109,1,1,1,1,'2015-06-16 19:54:53','2015-06-16 19:54:53'),(876,19,109,1,1,1,1,'2015-06-16 19:54:53','2015-06-16 19:54:53'),(877,22,109,1,1,1,1,'2015-06-16 19:54:53','2015-06-16 19:54:53'),(878,25,109,1,1,1,1,'2015-06-16 19:54:53','2015-06-16 19:54:53'),(879,1,8,0,0,0,0,'2015-06-16 19:54:53','2015-06-16 19:54:53'),(880,2,8,1,1,1,1,'2015-06-16 19:54:53','2015-06-16 19:54:53'),(881,3,8,1,1,1,1,'2015-06-16 19:54:53','2015-06-16 19:54:53'),(882,4,8,1,1,1,1,'2015-06-16 19:54:53','2015-06-16 19:54:53'),(883,5,8,1,1,1,1,'2015-06-16 19:54:53','2015-06-16 19:54:53'),(884,6,8,1,1,1,1,'2015-06-16 19:54:53','2015-06-16 19:54:53'),(885,7,8,1,1,1,1,'2015-06-16 19:54:53','2015-06-16 19:54:53'),(886,8,8,1,1,1,1,'2015-06-16 19:54:53','2015-06-16 19:54:53'),(887,9,8,0,0,0,0,'2015-06-16 19:54:53','2015-06-16 19:54:53'),(888,10,8,1,1,1,1,'2015-06-16 19:54:54','2015-06-16 19:54:54'),(889,11,8,1,1,1,1,'2015-06-16 19:54:54','2015-06-16 19:54:54'),(890,12,8,0,0,0,0,'2015-06-16 19:54:54','2015-06-16 19:54:54'),(891,13,8,0,0,0,0,'2015-06-16 19:54:54','2015-06-16 19:54:54'),(892,14,8,1,1,1,1,'2015-06-16 19:54:54','2015-06-16 19:54:54'),(893,15,8,1,1,1,1,'2015-06-16 19:54:54','2015-06-16 19:54:54'),(894,16,8,0,0,0,0,'2015-06-16 19:54:54','2015-06-16 19:54:54'),(895,17,8,1,1,1,1,'2015-06-16 19:54:54','2015-06-16 19:54:54'),(896,18,8,1,1,1,1,'2015-06-16 19:54:54','2015-06-16 19:54:54'),(897,19,8,1,1,1,1,'2015-06-16 19:54:54','2015-06-16 19:54:54'),(898,20,8,1,1,1,1,'2015-06-16 19:54:54','2015-06-16 19:54:54'),(899,21,8,1,1,1,1,'2015-06-16 19:54:54','2015-06-16 19:54:54'),(900,22,8,1,1,1,1,'2015-06-16 19:54:54','2015-06-16 19:54:54'),(901,23,8,1,1,1,1,'2015-06-16 19:54:54','2015-06-16 19:54:54'),(902,24,8,1,1,1,1,'2015-06-16 19:54:54','2015-06-16 19:54:54'),(903,25,8,1,1,1,1,'2015-06-16 19:54:54','2015-06-16 19:54:54'),(904,26,8,1,1,1,1,'2015-06-16 19:54:54','2015-06-16 19:54:54'),(905,1,110,0,0,0,0,'2015-06-16 19:54:54','2015-06-16 19:54:54'),(906,3,110,1,1,1,1,'2015-06-16 19:54:54','2015-06-16 19:54:54'),(907,5,110,1,1,1,1,'2015-06-16 19:54:54','2015-06-16 19:54:54'),(908,6,110,1,1,1,1,'2015-06-16 19:54:54','2015-06-16 19:54:54'),(909,9,110,0,0,0,0,'2015-06-16 19:54:54','2015-06-16 19:54:54'),(910,10,110,1,1,1,1,'2015-06-16 19:54:54','2015-06-16 19:54:54'),(911,14,110,1,1,1,1,'2015-06-16 19:54:54','2015-06-16 19:54:54'),(912,16,110,1,1,1,1,'2015-06-16 19:54:54','2015-06-16 19:54:54'),(913,18,110,1,1,1,1,'2015-06-16 19:54:54','2015-06-16 19:54:54'),(914,19,110,1,1,1,1,'2015-06-16 19:54:55','2015-06-16 19:54:55'),(915,22,110,1,1,1,1,'2015-06-16 19:54:55','2015-06-16 19:54:55'),(916,25,110,1,1,1,1,'2015-06-16 19:54:55','2015-06-16 19:54:55'),(917,1,9,0,0,0,0,'2015-06-16 19:54:55','2015-06-16 19:54:55'),(918,2,9,1,1,1,1,'2015-06-16 19:54:55','2015-06-16 19:54:55'),(919,3,9,1,1,1,1,'2015-06-16 19:54:55','2015-06-16 19:54:55'),(920,4,9,1,1,1,1,'2015-06-16 19:54:55','2015-06-16 19:54:55'),(921,5,9,1,1,1,1,'2015-06-16 19:54:55','2015-06-16 19:54:55'),(922,6,9,1,1,1,1,'2015-06-16 19:54:55','2015-06-16 19:54:55'),(923,7,9,1,1,1,1,'2015-06-16 19:54:55','2015-06-16 19:54:55'),(924,8,9,1,1,1,1,'2015-06-16 19:54:55','2015-06-16 19:54:55'),(925,9,9,1,1,1,1,'2015-06-16 19:54:55','2015-06-16 19:54:55'),(926,10,9,1,1,1,1,'2015-06-16 19:54:55','2015-06-16 19:54:55'),(927,11,9,1,1,1,1,'2015-06-16 19:54:55','2015-06-16 19:54:55'),(928,12,9,0,0,0,0,'2015-06-16 19:54:55','2015-06-16 19:54:55'),(929,13,9,1,1,1,1,'2015-06-16 19:54:55','2015-06-16 19:54:55'),(930,14,9,1,1,1,1,'2015-06-16 19:54:55','2015-06-16 19:54:55'),(931,15,9,1,1,1,1,'2015-06-16 19:54:55','2015-06-16 19:54:55'),(932,16,9,1,1,1,1,'2015-06-16 19:54:55','2015-06-16 19:54:55'),(933,17,9,1,1,1,1,'2015-06-16 19:54:55','2015-06-16 19:54:55'),(934,18,9,1,1,1,1,'2015-06-16 19:54:55','2015-06-16 19:54:55'),(935,19,9,1,1,1,1,'2015-06-16 19:54:56','2015-06-16 19:54:56'),(936,20,9,1,1,1,1,'2015-06-16 19:54:56','2015-06-16 19:54:56'),(937,21,9,1,1,1,1,'2015-06-16 19:54:56','2015-06-16 19:54:56'),(938,22,9,1,1,1,1,'2015-06-16 19:54:56','2015-06-16 19:54:56'),(939,23,9,1,1,1,1,'2015-06-16 19:54:56','2015-06-16 19:54:56'),(940,24,9,1,1,1,1,'2015-06-16 19:54:56','2015-06-16 19:54:56'),(941,25,9,1,1,1,1,'2015-06-16 19:54:56','2015-06-16 19:54:56'),(942,26,9,1,1,1,1,'2015-06-16 19:54:56','2015-06-16 19:54:56'),(943,1,111,0,0,0,0,'2015-06-16 19:54:56','2015-06-16 19:54:56'),(944,3,111,1,1,1,1,'2015-06-16 19:54:56','2015-06-16 19:54:56'),(945,5,111,1,1,1,1,'2015-06-16 19:54:56','2015-06-16 19:54:56'),(946,6,111,1,1,1,1,'2015-06-16 19:54:56','2015-06-16 19:54:56'),(947,9,111,0,0,0,0,'2015-06-16 19:54:56','2015-06-16 19:54:56'),(948,10,111,1,1,1,1,'2015-06-16 19:54:56','2015-06-16 19:54:56'),(949,14,111,0,0,0,0,'2015-06-16 19:54:56','2015-06-16 19:54:56'),(950,16,111,1,1,1,1,'2015-06-16 19:54:56','2015-06-16 19:54:56'),(951,18,111,1,1,1,1,'2015-06-16 19:54:56','2015-06-16 19:54:56'),(952,19,111,0,0,0,0,'2015-06-16 19:54:56','2015-06-16 19:54:56'),(953,22,111,1,1,1,1,'2015-06-16 19:54:56','2015-06-16 19:54:56'),(954,25,111,1,1,1,1,'2015-06-16 19:54:56','2015-06-16 19:54:56'),(955,1,10,0,0,0,0,'2015-06-16 19:54:56','2015-06-16 19:54:56'),(956,2,10,1,1,1,1,'2015-06-16 19:54:56','2015-06-16 19:54:56'),(957,3,10,1,1,1,1,'2015-06-16 19:54:56','2015-06-16 19:54:56'),(958,4,10,1,1,1,1,'2015-06-16 19:54:56','2015-06-16 19:54:56'),(959,5,10,0,0,0,0,'2015-06-16 19:54:57','2015-06-16 19:54:57'),(960,6,10,1,1,1,1,'2015-06-16 19:54:57','2015-06-16 19:54:57'),(961,7,10,1,1,1,1,'2015-06-16 19:54:57','2015-06-16 19:54:57'),(962,8,10,0,0,0,0,'2015-06-16 19:54:57','2015-06-16 19:54:57'),(963,9,10,0,0,0,0,'2015-06-16 19:54:57','2015-06-16 19:54:57'),(964,10,10,1,1,1,1,'2015-06-16 19:54:57','2015-06-16 19:54:57'),(965,11,10,1,1,1,1,'2015-06-16 19:54:57','2015-06-16 19:54:57'),(966,12,10,0,0,0,0,'2015-06-16 19:54:57','2015-06-16 19:54:57'),(967,13,10,0,0,0,0,'2015-06-16 19:54:57','2015-06-16 19:54:57'),(968,14,10,1,1,1,1,'2015-06-16 19:54:57','2015-06-16 19:54:57'),(969,15,10,1,1,1,1,'2015-06-16 19:54:57','2015-06-16 19:54:57'),(970,16,10,1,1,1,1,'2015-06-16 19:54:57','2015-06-16 19:54:57'),(971,17,10,1,1,1,1,'2015-06-16 19:54:57','2015-06-16 19:54:57'),(972,18,10,1,1,1,1,'2015-06-16 19:54:57','2015-06-16 19:54:57'),(973,19,10,0,0,0,0,'2015-06-16 19:54:57','2015-06-16 19:54:57'),(974,20,10,1,1,1,1,'2015-06-16 19:54:57','2015-06-16 19:54:57'),(975,21,10,1,1,1,1,'2015-06-16 19:54:57','2015-06-16 19:54:57'),(976,22,10,1,1,1,1,'2015-06-16 19:54:57','2015-06-16 19:54:57'),(977,23,10,1,1,1,1,'2015-06-16 19:54:57','2015-06-16 19:54:57'),(978,24,10,1,1,1,1,'2015-06-16 19:54:57','2015-06-16 19:54:57'),(979,25,10,1,1,1,1,'2015-06-16 19:54:57','2015-06-16 19:54:57'),(980,26,10,1,1,1,1,'2015-06-16 19:54:57','2015-06-16 19:54:57'),(981,1,112,0,0,0,0,'2015-06-16 19:54:57','2015-06-16 19:54:57'),(982,3,112,1,1,1,1,'2015-06-16 19:54:57','2015-06-16 19:54:57'),(983,5,112,1,1,1,1,'2015-06-16 19:54:57','2015-06-16 19:54:57'),(984,6,112,0,0,0,0,'2015-06-16 19:54:57','2015-06-16 19:54:57'),(985,9,112,0,0,0,0,'2015-06-16 19:54:57','2015-06-16 19:54:57'),(986,10,112,1,1,1,1,'2015-06-16 19:54:58','2015-06-16 19:54:58'),(987,14,112,1,1,1,1,'2015-06-16 19:54:58','2015-06-16 19:54:58'),(988,16,112,1,1,1,1,'2015-06-16 19:54:58','2015-06-16 19:54:58'),(989,18,112,1,1,1,1,'2015-06-16 19:54:58','2015-06-16 19:54:58'),(990,19,112,0,0,0,0,'2015-06-16 19:54:58','2015-06-16 19:54:58'),(991,22,112,1,1,1,1,'2015-06-16 19:54:58','2015-06-16 19:54:58'),(992,25,112,1,1,1,1,'2015-06-16 19:54:58','2015-06-16 19:54:58'),(993,1,11,0,0,0,0,'2015-06-16 19:54:58','2015-06-16 19:54:58'),(994,2,11,1,1,1,1,'2015-06-16 19:54:58','2015-06-16 19:54:58'),(995,3,11,1,1,1,1,'2015-06-16 19:54:58','2015-06-16 19:54:58'),(996,4,11,1,1,1,1,'2015-06-16 19:54:58','2015-06-16 19:54:58'),(997,5,11,1,1,1,1,'2015-06-16 19:54:58','2015-06-16 19:54:58'),(998,6,11,1,1,1,1,'2015-06-16 19:54:58','2015-06-16 19:54:58'),(999,7,11,1,1,1,1,'2015-06-16 19:54:58','2015-06-16 19:54:58'),(1000,8,11,1,1,1,1,'2015-06-16 19:54:58','2015-06-16 19:54:58');
/*!40000 ALTER TABLE `chamadas` ENABLE KEYS */;
UNLOCK TABLES;

--
-- Table structure for table `cursos`
--

DROP TABLE IF EXISTS `cursos`;
/*!40101 SET @saved_cs_client     = @@character_set_client */;
/*!40101 SET character_set_client = utf8 */;
CREATE TABLE `cursos` (
  `id` int(10) unsigned NOT NULL AUTO_INCREMENT,
  `nome` varchar(255) COLLATE utf8_unicode_ci NOT NULL,
  `sigla` varchar(5) COLLATE utf8_unicode_ci NOT NULL,
  `created_at` timestamp NOT NULL DEFAULT '0000-00-00 00:00:00',
  `updated_at` timestamp NOT NULL DEFAULT '0000-00-00 00:00:00',
  `coordenador_id` int(10) unsigned NOT NULL,
  PRIMARY KEY (`id`),
  KEY `cursos_coordenador_id_foreign` (`coordenador_id`),
  CONSTRAINT `cursos_coordenador_id_foreign` FOREIGN KEY (`coordenador_id`) REFERENCES `usuarios` (`id`)
) ENGINE=InnoDB AUTO_INCREMENT=6 DEFAULT CHARSET=utf8 COLLATE=utf8_unicode_ci;
/*!40101 SET character_set_client = @saved_cs_client */;

--
-- Dumping data for table `cursos`
--

LOCK TABLES `cursos` WRITE;
/*!40000 ALTER TABLE `cursos` DISABLE KEYS */;
INSERT INTO `cursos` VALUES (1,'AUTOMAÇÃO INDUSTRIAL','AI','2015-06-16 19:54:00','2015-06-16 19:54:00',55),(2,'ANÁLISE E DESENVOLVIMENTO DE SISTEMAS','ADS','2015-06-16 19:54:00','2015-06-16 19:54:00',49),(3,'REDES DE COMPUTADORES','RC','2015-06-16 19:54:00','2015-06-16 19:54:00',54),(4,'SISTEMAS EMBARCADOS','SE','2015-06-16 19:54:00','2015-06-16 19:54:00',55),(5,'SISTEMAS DE TELECOMUNICAÇÕES','ST','2015-06-16 19:54:00','2015-06-16 19:54:00',54);
/*!40000 ALTER TABLE `cursos` ENABLE KEYS */;
UNLOCK TABLES;

--
-- Table structure for table `cursos_alunos`
--

DROP TABLE IF EXISTS `cursos_alunos`;
/*!40101 SET @saved_cs_client     = @@character_set_client */;
/*!40101 SET character_set_client = utf8 */;
CREATE TABLE `cursos_alunos` (
  `curso_id` int(10) unsigned NOT NULL,
  `aluno_id` int(10) unsigned NOT NULL,
  `created_at` timestamp NOT NULL DEFAULT '0000-00-00 00:00:00',
  `updated_at` timestamp NOT NULL DEFAULT '0000-00-00 00:00:00',
  PRIMARY KEY (`curso_id`,`aluno_id`),
  KEY `cursos_alunos_aluno_id_foreign` (`aluno_id`),
  CONSTRAINT `cursos_alunos_aluno_id_foreign` FOREIGN KEY (`aluno_id`) REFERENCES `alunos` (`id`),
  CONSTRAINT `cursos_alunos_curso_id_foreign` FOREIGN KEY (`curso_id`) REFERENCES `cursos` (`id`)
) ENGINE=InnoDB DEFAULT CHARSET=utf8 COLLATE=utf8_unicode_ci;
/*!40101 SET character_set_client = @saved_cs_client */;

--
-- Dumping data for table `cursos_alunos`
--

LOCK TABLES `cursos_alunos` WRITE;
/*!40000 ALTER TABLE `cursos_alunos` DISABLE KEYS */;
INSERT INTO `cursos_alunos` VALUES (2,1,'0000-00-00 00:00:00','0000-00-00 00:00:00'),(2,2,'0000-00-00 00:00:00','0000-00-00 00:00:00'),(2,3,'0000-00-00 00:00:00','0000-00-00 00:00:00'),(2,5,'0000-00-00 00:00:00','0000-00-00 00:00:00'),(2,6,'0000-00-00 00:00:00','0000-00-00 00:00:00'),(2,9,'0000-00-00 00:00:00','0000-00-00 00:00:00'),(2,10,'0000-00-00 00:00:00','0000-00-00 00:00:00'),(2,11,'0000-00-00 00:00:00','0000-00-00 00:00:00'),(2,13,'0000-00-00 00:00:00','0000-00-00 00:00:00'),(2,14,'0000-00-00 00:00:00','0000-00-00 00:00:00'),(2,15,'0000-00-00 00:00:00','0000-00-00 00:00:00'),(2,16,'0000-00-00 00:00:00','0000-00-00 00:00:00'),(2,17,'0000-00-00 00:00:00','0000-00-00 00:00:00'),(2,18,'0000-00-00 00:00:00','0000-00-00 00:00:00'),(2,19,'0000-00-00 00:00:00','0000-00-00 00:00:00'),(2,22,'0000-00-00 00:00:00','0000-00-00 00:00:00'),(2,25,'0000-00-00 00:00:00','0000-00-00 00:00:00'),(2,26,'0000-00-00 00:00:00','0000-00-00 00:00:00'),(2,27,'0000-00-00 00:00:00','0000-00-00 00:00:00'),(2,28,'0000-00-00 00:00:00','0000-00-00 00:00:00'),(2,29,'0000-00-00 00:00:00','0000-00-00 00:00:00'),(2,30,'0000-00-00 00:00:00','0000-00-00 00:00:00'),(2,31,'0000-00-00 00:00:00','0000-00-00 00:00:00'),(2,32,'0000-00-00 00:00:00','0000-00-00 00:00:00'),(2,33,'0000-00-00 00:00:00','0000-00-00 00:00:00'),(2,34,'0000-00-00 00:00:00','0000-00-00 00:00:00'),(2,35,'0000-00-00 00:00:00','0000-00-00 00:00:00'),(2,36,'0000-00-00 00:00:00','0000-00-00 00:00:00'),(2,37,'0000-00-00 00:00:00','0000-00-00 00:00:00'),(2,38,'0000-00-00 00:00:00','0000-00-00 00:00:00'),(2,39,'0000-00-00 00:00:00','0000-00-00 00:00:00'),(2,40,'0000-00-00 00:00:00','0000-00-00 00:00:00'),(2,41,'0000-00-00 00:00:00','0000-00-00 00:00:00'),(2,43,'0000-00-00 00:00:00','0000-00-00 00:00:00'),(2,44,'0000-00-00 00:00:00','0000-00-00 00:00:00'),(2,45,'0000-00-00 00:00:00','0000-00-00 00:00:00'),(2,48,'0000-00-00 00:00:00','0000-00-00 00:00:00'),(3,4,'0000-00-00 00:00:00','0000-00-00 00:00:00'),(3,7,'0000-00-00 00:00:00','0000-00-00 00:00:00'),(3,12,'0000-00-00 00:00:00','0000-00-00 00:00:00'),(3,20,'0000-00-00 00:00:00','0000-00-00 00:00:00'),(3,21,'0000-00-00 00:00:00','0000-00-00 00:00:00'),(3,23,'0000-00-00 00:00:00','0000-00-00 00:00:00'),(3,24,'0000-00-00 00:00:00','0000-00-00 00:00:00'),(3,42,'0000-00-00 00:00:00','0000-00-00 00:00:00'),(5,8,'0000-00-00 00:00:00','0000-00-00 00:00:00'),(5,46,'0000-00-00 00:00:00','0000-00-00 00:00:00'),(5,47,'0000-00-00 00:00:00','0000-00-00 00:00:00');
/*!40000 ALTER TABLE `cursos_alunos` ENABLE KEYS */;
UNLOCK TABLES;

--
-- Table structure for table `cursos_unidades_curriculares`
--

DROP TABLE IF EXISTS `cursos_unidades_curriculares`;
/*!40101 SET @saved_cs_client     = @@character_set_client */;
/*!40101 SET character_set_client = utf8 */;
CREATE TABLE `cursos_unidades_curriculares` (
  `curso_id` int(10) unsigned NOT NULL,
  `uni_curr_id` int(10) unsigned NOT NULL,
  `created_at` timestamp NOT NULL DEFAULT '0000-00-00 00:00:00',
  `updated_at` timestamp NOT NULL DEFAULT '0000-00-00 00:00:00',
  PRIMARY KEY (`curso_id`,`uni_curr_id`),
  KEY `cursos_unidades_curriculares_uni_curr_id_foreign` (`uni_curr_id`),
  CONSTRAINT `cursos_unidades_curriculares_uni_curr_id_foreign` FOREIGN KEY (`uni_curr_id`) REFERENCES `unidades_curriculares` (`id`),
  CONSTRAINT `cursos_unidades_curriculares_curso_id_foreign` FOREIGN KEY (`curso_id`) REFERENCES `cursos` (`id`)
) ENGINE=InnoDB DEFAULT CHARSET=utf8 COLLATE=utf8_unicode_ci;
/*!40101 SET character_set_client = @saved_cs_client */;

--
-- Dumping data for table `cursos_unidades_curriculares`
--

LOCK TABLES `cursos_unidades_curriculares` WRITE;
/*!40000 ALTER TABLE `cursos_unidades_curriculares` DISABLE KEYS */;
INSERT INTO `cursos_unidades_curriculares` VALUES (2,1,'0000-00-00 00:00:00','0000-00-00 00:00:00'),(2,2,'0000-00-00 00:00:00','0000-00-00 00:00:00'),(2,3,'0000-00-00 00:00:00','0000-00-00 00:00:00'),(2,4,'0000-00-00 00:00:00','0000-00-00 00:00:00'),(2,5,'0000-00-00 00:00:00','0000-00-00 00:00:00'),(3,1,'0000-00-00 00:00:00','0000-00-00 00:00:00'),(5,1,'0000-00-00 00:00:00','0000-00-00 00:00:00');
/*!40000 ALTER TABLE `cursos_unidades_curriculares` ENABLE KEYS */;
UNLOCK TABLES;

--
-- Table structure for table `diarios_envios`
--

DROP TABLE IF EXISTS `diarios_envios`;
/*!40101 SET @saved_cs_client     = @@character_set_client */;
/*!40101 SET character_set_client = utf8 */;
CREATE TABLE `diarios_envios` (
  `id` int(10) unsigned NOT NULL AUTO_INCREMENT,
  `diario_id` int(10) unsigned NOT NULL,
  `professor_id` int(10) unsigned NOT NULL,
  `filename` varchar(255) COLLATE utf8_unicode_ci NOT NULL,
  `created_at` timestamp NOT NULL DEFAULT '0000-00-00 00:00:00',
  `updated_at` timestamp NOT NULL DEFAULT '0000-00-00 00:00:00',
  PRIMARY KEY (`id`),
  KEY `diarios_envios_diario_id_foreign` (`diario_id`),
  KEY `diarios_envios_professor_id_foreign` (`professor_id`),
  CONSTRAINT `diarios_envios_professor_id_foreign` FOREIGN KEY (`professor_id`) REFERENCES `professores` (`id`),
  CONSTRAINT `diarios_envios_diario_id_foreign` FOREIGN KEY (`diario_id`) REFERENCES `status_diarios` (`id`)
) ENGINE=InnoDB DEFAULT CHARSET=utf8 COLLATE=utf8_unicode_ci;
/*!40101 SET character_set_client = @saved_cs_client */;

--
-- Dumping data for table `diarios_envios`
--

LOCK TABLES `diarios_envios` WRITE;
/*!40000 ALTER TABLE `diarios_envios` DISABLE KEYS */;
/*!40000 ALTER TABLE `diarios_envios` ENABLE KEYS */;
UNLOCK TABLES;

--
-- Table structure for table `migrations`
--

DROP TABLE IF EXISTS `migrations`;
/*!40101 SET @saved_cs_client     = @@character_set_client */;
/*!40101 SET character_set_client = utf8 */;
CREATE TABLE `migrations` (
  `migration` varchar(255) COLLATE utf8_unicode_ci NOT NULL,
  `batch` int(11) NOT NULL
) ENGINE=InnoDB DEFAULT CHARSET=utf8 COLLATE=utf8_unicode_ci;
/*!40101 SET character_set_client = @saved_cs_client */;

--
-- Dumping data for table `migrations`
--

LOCK TABLES `migrations` WRITE;
/*!40000 ALTER TABLE `migrations` DISABLE KEYS */;
INSERT INTO `migrations` VALUES ('2014_10_12_000000_create_users_table',1),('2014_10_12_100000_create_password_resets_table',1),('2015_05_13_203712_create_tipos_usuarios_table',1),('2015_05_13_203905_add_tipo_usuario_id_to_usuarios',1),('2015_05_13_204103_create_professores_table',1),('2015_05_13_205424_create_alunos_table',1),('2015_05_13_205736_create_cursos_table',1),('2015_05_13_210102_create_unidades_curriculares_table',1),('2015_05_13_210222_create_turmas_table',1),('2015_05_13_210604_create_alunos_turmas_table',1),('2015_05_13_210808_create_cursos_unidades_curriculares_table',1),('2015_05_13_211235_create_professores_turmas_table',1),('2015_05_13_211408_create_cursos_alunos_table',1),('2015_05_13_211606_create_aulas_table',1),('2015_05_13_211945_create_chamadas_table',1),('2015_05_13_212447_create_status_diarios_table',1),('2015_05_14_180140_add_curso_origem_to_professores',1),('2015_05_15_115104_add_fields_to_aulas_table',1),('2015_05_22_122856_entrust_setup_tables',1),('2015_05_22_123044_remove_tipo_usuario_table',1),('2015_05_26_153726_add_curso_origem_alunos_turmas_table',1),('2015_05_26_154851_add_turno__column_to_turmas_table',1),('2015_05_26_155647_add_corrdenador_to_cursos_table',1),('2015_06_15_163041_create_diarios_envios_table',1);
/*!40000 ALTER TABLE `migrations` ENABLE KEYS */;
UNLOCK TABLES;

--
-- Table structure for table `password_resets`
--

DROP TABLE IF EXISTS `password_resets`;
/*!40101 SET @saved_cs_client     = @@character_set_client */;
/*!40101 SET character_set_client = utf8 */;
CREATE TABLE `password_resets` (
  `email` varchar(255) COLLATE utf8_unicode_ci NOT NULL,
  `token` varchar(255) COLLATE utf8_unicode_ci NOT NULL,
  `created_at` timestamp NOT NULL DEFAULT '0000-00-00 00:00:00',
  KEY `password_resets_email_index` (`email`),
  KEY `password_resets_token_index` (`token`)
) ENGINE=InnoDB DEFAULT CHARSET=utf8 COLLATE=utf8_unicode_ci;
/*!40101 SET character_set_client = @saved_cs_client */;

--
-- Dumping data for table `password_resets`
--

LOCK TABLES `password_resets` WRITE;
/*!40000 ALTER TABLE `password_resets` DISABLE KEYS */;
/*!40000 ALTER TABLE `password_resets` ENABLE KEYS */;
UNLOCK TABLES;

--
-- Table structure for table `permission_role`
--

DROP TABLE IF EXISTS `permission_role`;
/*!40101 SET @saved_cs_client     = @@character_set_client */;
/*!40101 SET character_set_client = utf8 */;
CREATE TABLE `permission_role` (
  `permission_id` int(10) unsigned NOT NULL,
  `role_id` int(10) unsigned NOT NULL,
  PRIMARY KEY (`permission_id`,`role_id`),
  KEY `permission_role_role_id_foreign` (`role_id`),
  CONSTRAINT `permission_role_permission_id_foreign` FOREIGN KEY (`permission_id`) REFERENCES `permissions` (`id`) ON DELETE CASCADE ON UPDATE CASCADE,
  CONSTRAINT `permission_role_role_id_foreign` FOREIGN KEY (`role_id`) REFERENCES `roles` (`id`) ON DELETE CASCADE ON UPDATE CASCADE
) ENGINE=InnoDB DEFAULT CHARSET=utf8 COLLATE=utf8_unicode_ci;
/*!40101 SET character_set_client = @saved_cs_client */;

--
-- Dumping data for table `permission_role`
--

LOCK TABLES `permission_role` WRITE;
/*!40000 ALTER TABLE `permission_role` DISABLE KEYS */;
INSERT INTO `permission_role` VALUES (28,1),(31,1),(28,2),(29,2),(30,2),(31,2),(32,2),(33,2),(34,2),(35,2),(1,3),(2,3),(3,3),(4,3),(5,3),(6,3),(7,3),(8,3),(9,3),(10,3),(11,3),(12,3),(13,3),(14,3),(15,3),(16,3),(17,3),(18,3),(19,3),(20,3),(21,3),(22,3),(23,3),(24,3),(25,3),(26,3),(27,3);
/*!40000 ALTER TABLE `permission_role` ENABLE KEYS */;
UNLOCK TABLES;

--
-- Table structure for table `permissions`
--

DROP TABLE IF EXISTS `permissions`;
/*!40101 SET @saved_cs_client     = @@character_set_client */;
/*!40101 SET character_set_client = utf8 */;
CREATE TABLE `permissions` (
  `id` int(10) unsigned NOT NULL AUTO_INCREMENT,
  `name` varchar(255) COLLATE utf8_unicode_ci NOT NULL,
  `display_name` varchar(255) COLLATE utf8_unicode_ci DEFAULT NULL,
  `description` varchar(255) COLLATE utf8_unicode_ci DEFAULT NULL,
  `created_at` timestamp NOT NULL DEFAULT '0000-00-00 00:00:00',
  `updated_at` timestamp NOT NULL DEFAULT '0000-00-00 00:00:00',
  PRIMARY KEY (`id`),
  UNIQUE KEY `permissions_name_unique` (`name`)
) ENGINE=InnoDB AUTO_INCREMENT=36 DEFAULT CHARSET=utf8 COLLATE=utf8_unicode_ci;
/*!40101 SET character_set_client = @saved_cs_client */;

--
-- Dumping data for table `permissions`
--

LOCK TABLES `permissions` WRITE;
/*!40000 ALTER TABLE `permissions` DISABLE KEYS */;
INSERT INTO `permissions` VALUES (1,'create-aluno',NULL,NULL,'2015-06-16 19:53:46','2015-06-16 19:53:46'),(2,'edit-aluno',NULL,NULL,'2015-06-16 19:53:46','2015-06-16 19:53:46'),(3,'view-aluno',NULL,NULL,'2015-06-16 19:53:47','2015-06-16 19:53:47'),(4,'list-alunos',NULL,NULL,'2015-06-16 19:53:47','2015-06-16 19:53:47'),(5,'create-professor',NULL,NULL,'2015-06-16 19:53:47','2015-06-16 19:53:47'),(6,'edit-professor',NULL,NULL,'2015-06-16 19:53:47','2015-06-16 19:53:47'),(7,'view-professor',NULL,NULL,'2015-06-16 19:53:47','2015-06-16 19:53:47'),(8,'list-professor',NULL,NULL,'2015-06-16 19:53:47','2015-06-16 19:53:47'),(9,'create-coordenador',NULL,NULL,'2015-06-16 19:53:47','2015-06-16 19:53:47'),(10,'edit-coordenador',NULL,NULL,'2015-06-16 19:53:47','2015-06-16 19:53:47'),(11,'view-coordenador',NULL,NULL,'2015-06-16 19:53:47','2015-06-16 19:53:47'),(12,'list-coordenador',NULL,NULL,'2015-06-16 19:53:47','2015-06-16 19:53:47'),(13,'create-unidade-curricular',NULL,NULL,'2015-06-16 19:53:47','2015-06-16 19:53:47'),(14,'edit-unidade-curricular',NULL,NULL,'2015-06-16 19:53:47','2015-06-16 19:53:47'),(15,'view-unidade-curricular',NULL,NULL,'2015-06-16 19:53:47','2015-06-16 19:53:47'),(16,'list-unidade-curricular',NULL,NULL,'2015-06-16 19:53:47','2015-06-16 19:53:47'),(17,'create-turma',NULL,NULL,'2015-06-16 19:53:47','2015-06-16 19:53:47'),(18,'edit-turma',NULL,NULL,'2015-06-16 19:53:47','2015-06-16 19:53:47'),(19,'view-turma',NULL,NULL,'2015-06-16 19:53:48','2015-06-16 19:53:48'),(20,'list-turma',NULL,NULL,'2015-06-16 19:53:48','2015-06-16 19:53:48'),(21,'view-controle-faltas',NULL,NULL,'2015-06-16 19:53:48','2015-06-16 19:53:48'),(22,'create-aula',NULL,NULL,'2015-06-16 19:53:48','2015-06-16 19:53:48'),(23,'edit-aula',NULL,NULL,'2015-06-16 19:53:48','2015-06-16 19:53:48'),(24,'view-aula',NULL,NULL,'2015-06-16 19:53:48','2015-06-16 19:53:48'),(25,'list-aula',NULL,NULL,'2015-06-16 19:53:48','2015-06-16 19:53:48'),(26,'view-chamada',NULL,NULL,'2015-06-16 19:53:48','2015-06-16 19:53:48'),(27,'edit-chamada',NULL,NULL,'2015-06-16 19:53:48','2015-06-16 19:53:48'),(28,'view-own-turma',NULL,NULL,'2015-06-16 19:53:48','2015-06-16 19:53:48'),(29,'edit-own-turma',NULL,NULL,'2015-06-16 19:53:49','2015-06-16 19:53:49'),(30,'view-own-controle-faltas',NULL,NULL,'2015-06-16 19:53:49','2015-06-16 19:53:49'),(31,'view-own-aula',NULL,NULL,'2015-06-16 19:53:49','2015-06-16 19:53:49'),(32,'edit-own-aula',NULL,NULL,'2015-06-16 19:53:49','2015-06-16 19:53:49'),(33,'create-own-aula',NULL,NULL,'2015-06-16 19:53:49','2015-06-16 19:53:49'),(34,'view-own-chamada',NULL,NULL,'2015-06-16 19:53:49','2015-06-16 19:53:49'),(35,'edit-own-chamada',NULL,NULL,'2015-06-16 19:53:49','2015-06-16 19:53:49');
/*!40000 ALTER TABLE `permissions` ENABLE KEYS */;
UNLOCK TABLES;

--
-- Table structure for table `professores`
--

DROP TABLE IF EXISTS `professores`;
/*!40101 SET @saved_cs_client     = @@character_set_client */;
/*!40101 SET character_set_client = utf8 */;
CREATE TABLE `professores` (
  `id` int(10) unsigned NOT NULL,
  `created_at` timestamp NOT NULL DEFAULT '0000-00-00 00:00:00',
  `updated_at` timestamp NOT NULL DEFAULT '0000-00-00 00:00:00',
  `curso_origem_id` int(10) unsigned NOT NULL,
  PRIMARY KEY (`id`),
  KEY `professores_curso_origem_id_foreign` (`curso_origem_id`),
  CONSTRAINT `professores_curso_origem_id_foreign` FOREIGN KEY (`curso_origem_id`) REFERENCES `cursos` (`id`),
  CONSTRAINT `professores_id_foreign` FOREIGN KEY (`id`) REFERENCES `usuarios` (`id`)
) ENGINE=InnoDB DEFAULT CHARSET=utf8 COLLATE=utf8_unicode_ci;
/*!40101 SET character_set_client = @saved_cs_client */;

--
-- Dumping data for table `professores`
--

LOCK TABLES `professores` WRITE;
/*!40000 ALTER TABLE `professores` DISABLE KEYS */;
INSERT INTO `professores` VALUES (49,'2015-06-16 19:54:00','2015-06-16 19:54:00',2),(50,'2015-06-16 19:54:00','2015-06-16 19:54:00',2),(51,'2015-06-16 19:54:00','2015-06-16 19:54:00',2),(52,'2015-06-16 19:54:00','2015-06-16 19:54:00',3),(53,'2015-06-16 19:54:00','2015-06-16 19:54:00',2),(54,'2015-06-16 19:54:00','2015-06-16 19:54:00',5),(55,'2015-06-16 19:54:01','2015-06-16 19:54:01',1);
/*!40000 ALTER TABLE `professores` ENABLE KEYS */;
UNLOCK TABLES;

--
-- Table structure for table `professores_turmas`
--

DROP TABLE IF EXISTS `professores_turmas`;
/*!40101 SET @saved_cs_client     = @@character_set_client */;
/*!40101 SET character_set_client = utf8 */;
CREATE TABLE `professores_turmas` (
  `professor_id` int(10) unsigned NOT NULL,
  `turma_id` int(10) unsigned NOT NULL,
  `created_at` timestamp NOT NULL DEFAULT '0000-00-00 00:00:00',
  `updated_at` timestamp NOT NULL DEFAULT '0000-00-00 00:00:00',
  PRIMARY KEY (`professor_id`,`turma_id`),
  KEY `professores_turmas_turma_id_foreign` (`turma_id`),
  CONSTRAINT `professores_turmas_turma_id_foreign` FOREIGN KEY (`turma_id`) REFERENCES `turmas` (`id`),
  CONSTRAINT `professores_turmas_professor_id_foreign` FOREIGN KEY (`professor_id`) REFERENCES `professores` (`id`)
) ENGINE=InnoDB DEFAULT CHARSET=utf8 COLLATE=utf8_unicode_ci;
/*!40101 SET character_set_client = @saved_cs_client */;

--
-- Dumping data for table `professores_turmas`
--

LOCK TABLES `professores_turmas` WRITE;
/*!40000 ALTER TABLE `professores_turmas` DISABLE KEYS */;
INSERT INTO `professores_turmas` VALUES (49,2,'0000-00-00 00:00:00','0000-00-00 00:00:00'),(49,4,'0000-00-00 00:00:00','0000-00-00 00:00:00'),(49,5,'0000-00-00 00:00:00','0000-00-00 00:00:00'),(50,1,'0000-00-00 00:00:00','0000-00-00 00:00:00'),(50,3,'0000-00-00 00:00:00','0000-00-00 00:00:00'),(50,6,'0000-00-00 00:00:00','0000-00-00 00:00:00'),(51,1,'0000-00-00 00:00:00','0000-00-00 00:00:00');
/*!40000 ALTER TABLE `professores_turmas` ENABLE KEYS */;
UNLOCK TABLES;

--
-- Table structure for table `role_user`
--

DROP TABLE IF EXISTS `role_user`;
/*!40101 SET @saved_cs_client     = @@character_set_client */;
/*!40101 SET character_set_client = utf8 */;
CREATE TABLE `role_user` (
  `user_id` int(10) unsigned NOT NULL,
  `role_id` int(10) unsigned NOT NULL,
  PRIMARY KEY (`user_id`,`role_id`),
  KEY `role_user_role_id_foreign` (`role_id`),
  CONSTRAINT `role_user_role_id_foreign` FOREIGN KEY (`role_id`) REFERENCES `roles` (`id`) ON DELETE CASCADE ON UPDATE CASCADE,
  CONSTRAINT `role_user_user_id_foreign` FOREIGN KEY (`user_id`) REFERENCES `usuarios` (`id`) ON DELETE CASCADE ON UPDATE CASCADE
) ENGINE=InnoDB DEFAULT CHARSET=utf8 COLLATE=utf8_unicode_ci;
/*!40101 SET character_set_client = @saved_cs_client */;

--
-- Dumping data for table `role_user`
--

LOCK TABLES `role_user` WRITE;
/*!40000 ALTER TABLE `role_user` DISABLE KEYS */;
INSERT INTO `role_user` VALUES (1,1),(2,1),(3,1),(4,1),(5,1),(6,1),(7,1),(8,1),(9,1),(10,1),(11,1),(12,1),(13,1),(14,1),(15,1),(16,1),(17,1),(18,1),(19,1),(20,1),(21,1),(22,1),(23,1),(24,1),(25,1),(26,1),(27,1),(28,1),(29,1),(30,1),(31,1),(32,1),(33,1),(34,1),(35,1),(36,1),(37,1),(38,1),(39,1),(40,1),(41,1),(42,1),(43,1),(44,1),(45,1),(46,1),(47,1),(48,1),(49,2),(50,2),(51,2),(52,2),(53,2),(54,2),(55,2),(49,3),(54,3),(55,3);
/*!40000 ALTER TABLE `role_user` ENABLE KEYS */;
UNLOCK TABLES;

--
-- Table structure for table `roles`
--

DROP TABLE IF EXISTS `roles`;
/*!40101 SET @saved_cs_client     = @@character_set_client */;
/*!40101 SET character_set_client = utf8 */;
CREATE TABLE `roles` (
  `id` int(10) unsigned NOT NULL AUTO_INCREMENT,
  `name` varchar(255) COLLATE utf8_unicode_ci NOT NULL,
  `display_name` varchar(255) COLLATE utf8_unicode_ci DEFAULT NULL,
  `description` varchar(255) COLLATE utf8_unicode_ci DEFAULT NULL,
  `created_at` timestamp NOT NULL DEFAULT '0000-00-00 00:00:00',
  `updated_at` timestamp NOT NULL DEFAULT '0000-00-00 00:00:00',
  PRIMARY KEY (`id`),
  UNIQUE KEY `roles_name_unique` (`name`)
) ENGINE=InnoDB AUTO_INCREMENT=4 DEFAULT CHARSET=utf8 COLLATE=utf8_unicode_ci;
/*!40101 SET character_set_client = @saved_cs_client */;

--
-- Dumping data for table `roles`
--

LOCK TABLES `roles` WRITE;
/*!40000 ALTER TABLE `roles` DISABLE KEYS */;
INSERT INTO `roles` VALUES (1,'aluno','Aluno',NULL,'2015-06-16 19:53:46','2015-06-16 19:53:46'),(2,'professor','Professor',NULL,'2015-06-16 19:53:46','2015-06-16 19:53:46'),(3,'coordenador','Coordenador',NULL,'2015-06-16 19:53:46','2015-06-16 19:53:46');
/*!40000 ALTER TABLE `roles` ENABLE KEYS */;
UNLOCK TABLES;

--
-- Table structure for table `status_diarios`
--

DROP TABLE IF EXISTS `status_diarios`;
/*!40101 SET @saved_cs_client     = @@character_set_client */;
/*!40101 SET character_set_client = utf8 */;
CREATE TABLE `status_diarios` (
  `id` int(10) unsigned NOT NULL AUTO_INCREMENT,
  `status` int(11) NOT NULL,
  `mes` int(11) NOT NULL,
  `turma_id` int(10) unsigned NOT NULL,
  `professor_id` int(10) unsigned NOT NULL,
  `created_at` timestamp NOT NULL DEFAULT '0000-00-00 00:00:00',
  `updated_at` timestamp NOT NULL DEFAULT '0000-00-00 00:00:00',
  PRIMARY KEY (`id`),
  KEY `status_diarios_turma_id_foreign` (`turma_id`),
  KEY `status_diarios_professor_id_foreign` (`professor_id`),
  CONSTRAINT `status_diarios_professor_id_foreign` FOREIGN KEY (`professor_id`) REFERENCES `professores` (`id`),
  CONSTRAINT `status_diarios_turma_id_foreign` FOREIGN KEY (`turma_id`) REFERENCES `turmas` (`id`)
) ENGINE=InnoDB DEFAULT CHARSET=utf8 COLLATE=utf8_unicode_ci;
/*!40101 SET character_set_client = @saved_cs_client */;

--
-- Dumping data for table `status_diarios`
--

LOCK TABLES `status_diarios` WRITE;
/*!40000 ALTER TABLE `status_diarios` DISABLE KEYS */;
/*!40000 ALTER TABLE `status_diarios` ENABLE KEYS */;
UNLOCK TABLES;

--
-- Table structure for table `turmas`
--

DROP TABLE IF EXISTS `turmas`;
/*!40101 SET @saved_cs_client     = @@character_set_client */;
/*!40101 SET character_set_client = utf8 */;
CREATE TABLE `turmas` (
  `id` int(10) unsigned NOT NULL AUTO_INCREMENT,
  `nome` varchar(30) COLLATE utf8_unicode_ci NOT NULL,
  `data_inicio` date NOT NULL,
  `data_fim` date NOT NULL,
  `unidade_curricular_id` int(10) unsigned NOT NULL,
  `created_at` timestamp NOT NULL DEFAULT '0000-00-00 00:00:00',
  `updated_at` timestamp NOT NULL DEFAULT '0000-00-00 00:00:00',
  `turno` varchar(10) COLLATE utf8_unicode_ci NOT NULL DEFAULT 'Noite',
  PRIMARY KEY (`id`),
  KEY `turmas_unidade_curricular_id_foreign` (`unidade_curricular_id`),
  CONSTRAINT `turmas_unidade_curricular_id_foreign` FOREIGN KEY (`unidade_curricular_id`) REFERENCES `unidades_curriculares` (`id`)
) ENGINE=InnoDB AUTO_INCREMENT=7 DEFAULT CHARSET=utf8 COLLATE=utf8_unicode_ci;
/*!40101 SET character_set_client = @saved_cs_client */;

--
-- Dumping data for table `turmas`
--

LOCK TABLES `turmas` WRITE;
/*!40000 ALTER TABLE `turmas` DISABLE KEYS */;
INSERT INTO `turmas` VALUES (1,'S032N','2015-02-19','2015-07-14',3,'2015-06-16 19:54:01','2015-06-16 19:54:01','Noite'),(2,'S049','2014-07-31','2014-12-18',1,'2015-06-16 19:54:01','2015-06-16 19:54:01','Noite'),(3,'S049N','2015-02-19','2015-07-14',1,'2015-06-16 19:54:01','2015-06-16 19:54:01','Noite'),(4,'S075N','2014-07-31','2014-12-18',5,'2015-06-16 19:54:01','2015-06-16 19:54:01','Noite'),(5,'S087N','2014-02-17','2014-07-15',2,'2015-06-16 19:54:01','2015-06-16 19:54:01','Noite'),(6,'S091N','2015-02-19','2015-07-14',4,'2015-06-16 19:54:01','2015-06-16 19:54:01','Noite');
/*!40000 ALTER TABLE `turmas` ENABLE KEYS */;
UNLOCK TABLES;

--
-- Table structure for table `unidades_curriculares`
--

DROP TABLE IF EXISTS `unidades_curriculares`;
/*!40101 SET @saved_cs_client     = @@character_set_client */;
/*!40101 SET character_set_client = utf8 */;
CREATE TABLE `unidades_curriculares` (
  `id` int(10) unsigned NOT NULL AUTO_INCREMENT,
  `nome` varchar(255) COLLATE utf8_unicode_ci NOT NULL,
  `carga_horaria` int(11) NOT NULL,
  `sigla` varchar(5) COLLATE utf8_unicode_ci NOT NULL,
  `created_at` timestamp NOT NULL DEFAULT '0000-00-00 00:00:00',
  `updated_at` timestamp NOT NULL DEFAULT '0000-00-00 00:00:00',
  PRIMARY KEY (`id`)
) ENGINE=InnoDB AUTO_INCREMENT=6 DEFAULT CHARSET=utf8 COLLATE=utf8_unicode_ci;
/*!40101 SET character_set_client = @saved_cs_client */;

--
-- Dumping data for table `unidades_curriculares`
--

LOCK TABLES `unidades_curriculares` WRITE;
/*!40000 ALTER TABLE `unidades_curriculares` DISABLE KEYS */;
INSERT INTO `unidades_curriculares` VALUES (1,'S049 - Modelagem de Banco de Dados',70,'S049','2015-06-16 19:54:01','2015-06-16 19:54:01'),(2,'S087- Sistemas Operacionais',70,'S087','2015-06-16 19:54:01','2015-06-16 19:54:01'),(3,'S032 - Fundamentos de Sistemas de Informação',70,'S032','2015-06-16 19:54:01','2015-06-16 19:54:01'),(4,'S091 - Técnicas de Programação',70,'S091','2015-06-16 19:54:01','2015-06-16 19:54:01'),(5,'S075 - Sistema de Gerenciamento de Banco de Dados',70,'S075','2015-06-16 19:54:01','2015-06-16 19:54:01');
/*!40000 ALTER TABLE `unidades_curriculares` ENABLE KEYS */;
UNLOCK TABLES;

--
-- Table structure for table `usuarios`
--

DROP TABLE IF EXISTS `usuarios`;
/*!40101 SET @saved_cs_client     = @@character_set_client */;
/*!40101 SET character_set_client = utf8 */;
CREATE TABLE `usuarios` (
  `id` int(10) unsigned NOT NULL AUTO_INCREMENT,
  `matricula` varchar(30) COLLATE utf8_unicode_ci NOT NULL,
  `nome` varchar(255) COLLATE utf8_unicode_ci NOT NULL,
  `email` varchar(255) COLLATE utf8_unicode_ci NOT NULL,
  `password` varchar(60) COLLATE utf8_unicode_ci NOT NULL,
  `remember_token` varchar(100) COLLATE utf8_unicode_ci DEFAULT NULL,
  `created_at` timestamp NOT NULL DEFAULT '0000-00-00 00:00:00',
  `updated_at` timestamp NOT NULL DEFAULT '0000-00-00 00:00:00',
  PRIMARY KEY (`id`),
  UNIQUE KEY `usuarios_email_unique` (`email`)
) ENGINE=InnoDB AUTO_INCREMENT=56 DEFAULT CHARSET=utf8 COLLATE=utf8_unicode_ci;
/*!40101 SET character_set_client = @saved_cs_client */;

--
-- Dumping data for table `usuarios`
--

LOCK TABLES `usuarios` WRITE;
/*!40000 ALTER TABLE `usuarios` DISABLE KEYS */;
INSERT INTO `usuarios` VALUES (1,'15726','ABNER BORDA FONSECA','abner_borda_fonseca@gmail.com','$2y$10$GLPyfm3uQK0nhFZ0u6kpJ.3H/Xjewdtpq3SD9t69ujDbKG5/kCULG',NULL,'2015-06-16 19:53:49','2015-06-16 19:53:49'),(2,'15722','ADRIAN RUBILAR LEMES CAETANO','adrian_rubilar_lemes_caetano@gmail.com','$2y$10$TL3MiHZUGWvmZSyewi./Q.w4jys.RMbfNmXwRWfHDnreCfivgkhw.',NULL,'2015-06-16 19:53:49','2015-06-16 19:53:49'),(3,'20569','ALEXANDRE GABIATTI VIEIRA','alexandre_gabiatti_vieira@gmail.com','$2y$10$UighbveVK4dcQkMXpvVKHuAzrWIg.XmkhOxo1oYx/OaxCjS4XKkQS',NULL,'2015-06-16 19:53:50','2015-06-16 19:53:50'),(4,'16049','ALEXSANDRO GIOVANNI DA SILVA DIAS','alexsandro_giovanni_da_silva_dias@gmail.com','$2y$10$suWlMzvxD6D8LugP.WF.X.Ikq6QQKWwfbtNmw1FQfLLR.Q7RSPeh2',NULL,'2015-06-16 19:53:50','2015-06-16 19:53:50'),(5,'20628','ANA CARLA MESSIAS DE MOURA','ana_carla_messias_de_moura@gmail.com','$2y$10$M.FbHiAIdB/op.wP0ijTB.QcMjwe.Qr5NXsMVMp21dCXqonsJtwES',NULL,'2015-06-16 19:53:50','2015-06-16 19:53:50'),(6,'20531','ANGELO VICTOR ISRAEL MUNIZ','angelo_victor_israel_muniz@gmail.com','$2y$10$p7EmiwZ94cdaOCQ6kYPZyODZUSSYKgdiWz0lvEYF7gGhUxcx4yWWm',NULL,'2015-06-16 19:53:50','2015-06-16 19:53:50'),(7,'20579','BRUNO DA SILVA BRIXIUS','bruno_da_silva_brixius@gmail.com','$2y$10$g.YvtZQ1SKZ/sotnuHEX/uTuoBG7IwVXBz1AR/7m2Gyu/TpaG0s3C',NULL,'2015-06-16 19:53:50','2015-06-16 19:53:50'),(8,'17486','CRISTIANO DE MOURA','cristiano_de_moura@gmail.com','$2y$10$C1OOwR.vW64YmMX4d3osv.CyAufjQB/SscXs0XYQO6i7h1Xar90TO',NULL,'2015-06-16 19:53:51','2015-06-16 19:53:51'),(9,'20624','DANIEL OLIVEIRA RODRIGUES','daniel_oliveira_rodrigues@gmail.com','$2y$10$vIJYNHKEF1K6zjDzANOVKecOE1ZVheM1xCJhjSxfNIL5EtxB0EYNK',NULL,'2015-06-16 19:53:51','2015-06-16 19:53:51'),(10,'15717','DIONATA LEONEL MACHADO FERRAZ','dionata_leonel_machado_ferraz@gmail.com','$2y$10$LhMYFcpnwMc0YX5TAMssxeH5jhfyduui.7XOvuAm0anLxLqas/ueq',NULL,'2015-06-16 19:53:51','2015-06-16 19:53:51'),(11,'14186','DOUGLAS COSTA DA ROCHA','douglas_costa_da_rocha@gmail.com','$2y$10$X.6Tcfou4qsJT/EcyxRXGef5xfCJFBf4nRbV/nHYZReiDaX3WU.UC',NULL,'2015-06-16 19:53:51','2015-06-16 19:53:51'),(12,'17509','FABIANO BORBA VIANA FEIJÓ','fabiano_borba_viana_feijÓ@gmail.com','$2y$10$x.TFZRG6o9jBirdVoEXX.enZLTE7nq.xfA5H369xXoTfLE1YZ25JK',NULL,'2015-06-16 19:53:52','2015-06-16 19:53:52'),(13,'19024','FELIPE DA SILVA PACHECO','felipe_da_silva_pacheco@gmail.com','$2y$10$SWEdmzt/HQ7KG.3TheQjduE/wVZj2/R9q2ylqFDkdr59hBNhS.zPe',NULL,'2015-06-16 19:53:52','2015-06-16 19:53:52'),(14,'19026','FERNANDO LEITE SZEZECINSKI','fernando_leite_szezecinski@gmail.com','$2y$10$kH/w4mhVUobV4gV4oFhfde4c5kT77epdr34U9/nT6xa3dOIchKmUC',NULL,'2015-06-16 19:53:52','2015-06-16 19:53:52'),(15,'15639','GUILHERME PEREIRA SILVEIRA','guilherme_pereira_silveira@gmail.com','$2y$10$1e5gP13DjkZZR5HGjmtOQ.Zv7UEkb73ITE2opmwGs3WeD3LCjReo6',NULL,'2015-06-16 19:53:52','2015-06-16 19:53:52'),(16,'19020','LEONARDO GOMES MONTEIRO MIGUEIS CERQUEIRA','leonardo_gomes_monteiro_migueis_cerqueira@gmail.com','$2y$10$XbWIZ3iLXSYeiqMSxgXGpuFtao2wWiMtXehM98qlK7hmjv9cY.BZi',NULL,'2015-06-16 19:53:52','2015-06-16 19:53:52'),(17,'8059','LOGAN OLIVEIRA LOUREIRO','logan_oliveira_loureiro@gmail.com','$2y$10$XrzWFHb0SFxbwcVjpPbWMOYHvD7o94/1tGzZxgIebHZKx/4jZQOJW',NULL,'2015-06-16 19:53:52','2015-06-16 19:53:52'),(18,'15701','NÍKOLAS MARTINS VARGAS','nÍkolas_martins_vargas@gmail.com','$2y$10$10apugbkfamxL4r1GMkDVesUNnFvOxHEI4eQmTY1QCuUUec771Bqq',NULL,'2015-06-16 19:53:53','2015-06-16 19:53:53'),(19,'15719','PEDRO LUIZ SROCZYNSKI','pedro_luiz_sroczynski@gmail.com','$2y$10$M1Yko5wRSGxSKZKZYJWRp.q0Uw8C0ZWC4YJ9YpfD5Oik/Z4sYKJCW',NULL,'2015-06-16 19:53:53','2015-06-16 19:53:53'),(20,'13886','RAFAEL LOPES SANTOS','rafael_lopes_santos@gmail.com','$2y$10$bpzRFusoNddQ3kGJ0TmM0OXbLAZjs2KnIFNNuEe4d/yLpaZLyjXFm',NULL,'2015-06-16 19:53:53','2015-06-16 19:53:53'),(21,'17513','RENAN AGUIAR OLIVEIRA','renan_aguiar_oliveira@gmail.com','$2y$10$zBKrsPo7j3jd63fWQ2onAuXh2c.s170e4IJDxnBIy0iePIOMLWoHm',NULL,'2015-06-16 19:53:53','2015-06-16 19:53:53'),(22,'15737','STEFANI SILVA DE LIMA','stefani_silva_de_lima@gmail.com','$2y$10$bjF5Dl9dwHWeuJu5xG7BwuknUdVcVut91lpfvPec6hnGXjCByQN1a',NULL,'2015-06-16 19:53:53','2015-06-16 19:53:53'),(23,'20619','VITHOR SAMPAIO MARQUES','vithor_sampaio_marques@gmail.com','$2y$10$VMlyOniDMtJd.pu65dRaEOBfXHwuq1/XOi43/O8Cktu4WzVllNcpW',NULL,'2015-06-16 19:53:54','2015-06-16 19:53:54'),(24,'20580','VITOR DA SILVA BRIXIUS','vitor_da_silva_brixius@gmail.com','$2y$10$D5MfqddT7RQIW1c.m1rUiOfddzH72WzsjcBM0ZPVDtN79gmhVPlSi',NULL,'2015-06-16 19:53:54','2015-06-16 19:53:54'),(25,'16102','WELLYNTON LOPES TOZON','wellynton_lopes_tozon@gmail.com','$2y$10$SQ3J8IGS1fFJPEsZon9NfO1r66pAWDajG9lS7O7BrfMEP/pyAYE.O',NULL,'2015-06-16 19:53:54','2015-06-16 19:53:54'),(26,'20537','WILLIAN FERREIRA PEIXOTO','willian_ferreira_peixoto@gmail.com','$2y$10$30JqotR7dEZS3COgUT7y.edSg1wEw.4Xywg1ev9VHZ2lKXL4AUGe6',NULL,'2015-06-16 19:53:54','2015-06-16 19:53:54'),(27,'20525','ALAN PINHEIRO DOS SANTOS','alan_pinheiro_dos_santos@gmail.com','$2y$10$M9.YLZDmwg8NtJ17xhICE.KKWrrG9WOYhdrrC6gn2gDduWjpRRQQ6',NULL,'2015-06-16 19:53:54','2015-06-16 19:53:54'),(28,'20565','ANDERSON GUIMARAES MACHADO','anderson_guimaraes_machado@gmail.com','$2y$10$XDe4WJaZNw9IkS2NaDTMiOsfP8Ao4B/TXR2j.r6p/LzpXuxaPCrC2',NULL,'2015-06-16 19:53:55','2015-06-16 19:53:55'),(29,'20635','ARTHUR HENRIQUE MENDES BERTE','arthur_henrique_mendes_berte@gmail.com','$2y$10$0xX438MyB/10FH8zvrWUgOvIY3BNUS/UBi4/YXxaVozxU7InEpuyq',NULL,'2015-06-16 19:53:55','2015-06-16 19:53:55'),(30,'20532','CASSIO LANGLOIS MACHADO','cassio_langlois_machado@gmail.com','$2y$10$b65nhMLY3v8UASwlCxGEbumRDnjNQhNbkBdIC.ZNNEjTpntVOr7FO',NULL,'2015-06-16 19:53:55','2015-06-16 19:53:55'),(31,'20562','DEIVIDI OLIVEIRA DA SILVA','deividi_oliveira_da_silva@gmail.com','$2y$10$p6lFv8YvZFsRz/1a12Izbe8eZn9y73UpiGch5ghwFs2kQxCO69A.C',NULL,'2015-06-16 19:53:55','2015-06-16 19:53:55'),(32,'20529','FRANCISCO PEDRO FERNANDES ALMEIDA','francisco_pedro_fernandes_almeida@gmail.com','$2y$10$Zi7gfO1KMq0OvCUUFg.jyeKdhUajxCcxcCwHpOI1MabnVjP09naae',NULL,'2015-06-16 19:53:55','2015-06-16 19:53:55'),(33,'5901','GABRIEL GONÇALVES STANOSKI','gabriel_gonÇalves_stanoski@gmail.com','$2y$10$jhD3AftJcZwNYCAUwizbr.pSi0oLTgrMP8FHtPCMQxgfPYoza6fZS',NULL,'2015-06-16 19:53:55','2015-06-16 19:53:55'),(34,'20566','GUILHERME DOS SANTOS SILVA','guilherme_dos_santos_silva@gmail.com','$2y$10$ZQfJzIICzCHMS448fHwlIuh3.1E6ofdqnL.McGzRLimUjWx1IafxW',NULL,'2015-06-16 19:53:56','2015-06-16 19:53:56'),(35,'20522','JHONATAS DAVI DE SOUZA','jhonatas_davi_de_souza@gmail.com','$2y$10$aaiBGLpvyLNQHTb29ZhQ7uGPvPEzSajsCbnJIP6vQW8YPxzki4dWi',NULL,'2015-06-16 19:53:56','2015-06-16 19:53:56'),(36,'20570','LEONARDO NUNES','leonardo_nunes@gmail.com','$2y$10$88P2jUjj6FId1xiwqLpvTey3xChVVWbTZMCB2pkAK0kLE8oo/YzeW',NULL,'2015-06-16 19:53:56','2015-06-16 19:53:56'),(37,'20519','LUCIANO GAMA MEDEIROS','luciano_gama_medeiros@gmail.com','$2y$10$i1iYzebw8u.69HkWjndWg.XgJCTiV3SWa3lsLIHkYrUdtwweg8Ury',NULL,'2015-06-16 19:53:57','2015-06-16 19:53:57'),(38,'20512','LUIZ CARLOS TORRES DE CASTILHOS','luiz_carlos_torres_de_castilhos@gmail.com','$2y$10$HTeIFVaTEvj5q0DE9mZOfuxTAWdESwy8k6rEjqvioMuAtRvo9mVjW',NULL,'2015-06-16 19:53:57','2015-06-16 19:53:57'),(39,'20505','RAFAEL CAMMARANO GUGLIELMI','rafael_cammarano_guglielmi@gmail.com','$2y$10$VIKJVJYelGLj5fdQEX.IZOePM.X9tSWAZIPwbVoNkIRsCfpkL2bZO',NULL,'2015-06-16 19:53:57','2015-06-16 19:53:57'),(40,'21365','BEATRICE VICTORIA FERNANDES','beatrice_victoria_fernandes@gmail.com','$2y$10$jMZ6QgsDNJJxaLonyAEUVelovF5wKq7GV0VtAN0mIu4xUQLsAi.ku',NULL,'2015-06-16 19:53:57','2015-06-16 19:53:57'),(41,'21367','BRUNO PRATES BOFF','bruno_prates_boff@gmail.com','$2y$10$z6p0kctb3m0btJfxiYg1KuMrmnOH46oRJAf8co45BaGodkppzHL2.',NULL,'2015-06-16 19:53:57','2015-06-16 19:53:57'),(42,'258','FAGNER DAVID NUNES','fagner_david_nunes@gmail.com','$2y$10$m/8iyFsNytqrBaTJBR30U.W.slHfO0Knjp0kP3elz7FUrLdGzZr8y',NULL,'2015-06-16 19:53:58','2015-06-16 19:53:58'),(43,'21391','FELIPE AMANCIO VIEIRA','felipe_amancio_vieira@gmail.com','$2y$10$lf9W4Oj7UoIDibu2QGuA6u/GDUhp/E4ZRR.W6LgllxgzQYfn0o6c6',NULL,'2015-06-16 19:53:58','2015-06-16 19:53:58'),(44,'21364','GREGORY PITTOL BORIN','gregory_pittol_borin@gmail.com','$2y$10$f3isTDQTNkII95X/BgROmeocPeOfRUmrDQXT9y1wgpTzD9yjreI7C',NULL,'2015-06-16 19:53:58','2015-06-16 19:53:58'),(45,'21393','GUILHERME NEUMANN','guilherme_neumann@gmail.com','$2y$10$GKyk9Bu0jHp/Mq9o.RaWme5Kil6.b2W6RWjcgzhFhUsi2/uPF8Qly',NULL,'2015-06-16 19:53:58','2015-06-16 19:53:58'),(46,'23090','JULIANO ANTÔNIO DA ROSA SOARES','juliano_antÔnio_da_rosa_soares@gmail.com','$2y$10$tmvaBUXTfD1QyXQ4Efcrhe1/Gx1dCAuTOdDl5thq34vzg4NgM39RC',NULL,'2015-06-16 19:53:58','2015-06-16 19:53:58'),(47,'14216','ROBSON LUIS RAMOS','robson_luis_ramos@gmail.com','$2y$10$3qHCsILGp8c7cSQqnC9VK.JjqQkcIBxWGXporNpZyK8df/tkFlGii',NULL,'2015-06-16 19:53:58','2015-06-16 19:53:58'),(48,'23301','NATANIEL LEONAM  DA COSTA GOMES','nataniel_leonam__da_costa_gomes@gmail.com','$2y$10$JTATMwBfRprrvWWoceYPdOsPKnx5OqqTW6v5O4OFIHk.4XAxRKYhK',NULL,'2015-06-16 19:53:59','2015-06-16 19:53:59'),(49,'1234','Valderi R. Q. Leithardt','valderi_r._q._leithardt@gmail.com','$2y$10$lO3UV2mSP/DhwKsROLM3g.ZTjSn0pxoiSijhnOKlvpUIRSuzwFim.',NULL,'2015-06-16 19:53:59','2015-06-16 19:53:59'),(50,'2345','Gustavo B. Brand','gustavo_b._brand@gmail.com','$2y$10$0qkM8/.Ko9C3oVjE1ub9cO8Zx5eh4XN.CSeMp2dzvCStgENLeVx.W',NULL,'2015-06-16 19:53:59','2015-06-16 19:53:59'),(51,'3456','Dione Taschetto','dione_taschetto@gmail.com','$2y$10$jV4icFiyXBXFXKRZqiqOXesfZdZOW9raao6e637C.w9u5PFMGnrOS',NULL,'2015-06-16 19:53:59','2015-06-16 19:53:59'),(52,'4567','Terezinha I. M.Torres','terezinha_i._m.torres@gmail.com','$2y$10$JkmWSrufLHpVKrEifUHmve2r5.o5Zs/J0ozZqvg3xSCQzCEVVApSC',NULL,'2015-06-16 19:53:59','2015-06-16 19:53:59'),(53,'5678','Guilherme Dal Bianco','guilherme_dal_bianco@gmail.com','$2y$10$KPZhslC8CbXAINXcBgfPo.u1MQ2SbxgLzQEwajahn2IC/ARGIOHK.',NULL,'2015-06-16 19:54:00','2015-06-16 19:54:00'),(54,'7889','Leandro José Cassol','leandro_josé_cassol@gmail.com','$2y$10$DcNb8TCQ1rdHW92Wwg2xUOs.w6ul1HxQtraEorqa.2YdGEm9VDjzq',NULL,'2015-06-16 19:54:00','2015-06-16 19:54:00'),(55,'4844','Alexandre Gaspary Haupt','alexandre_gaspary_haupt@gmail.com','$2y$10$i5DLA4Oo1.lBIH/0bxYAB.EpuMkZYPNvmOCLf3cDH3eLnVPzxBX/m',NULL,'2015-06-16 19:54:00','2015-06-16 19:54:00');
/*!40000 ALTER TABLE `usuarios` ENABLE KEYS */;
UNLOCK TABLES;
/*!40103 SET TIME_ZONE=@OLD_TIME_ZONE */;

/*!40101 SET SQL_MODE=@OLD_SQL_MODE */;
/*!40014 SET FOREIGN_KEY_CHECKS=@OLD_FOREIGN_KEY_CHECKS */;
/*!40014 SET UNIQUE_CHECKS=@OLD_UNIQUE_CHECKS */;
/*!40101 SET CHARACTER_SET_CLIENT=@OLD_CHARACTER_SET_CLIENT */;
/*!40101 SET CHARACTER_SET_RESULTS=@OLD_CHARACTER_SET_RESULTS */;
/*!40101 SET COLLATION_CONNECTION=@OLD_COLLATION_CONNECTION */;
/*!40111 SET SQL_NOTES=@OLD_SQL_NOTES */;

-- Dump completed on 2015-06-16 16:20:24