-- MySQL dump 10.13  Distrib 5.5.43, for debian-linux-gnu (i686)
--
-- Host: localhost    Database: sigai_test
-- ------------------------------------------------------
-- Server version	5.5.43-0ubuntu0.14.04.1

/*!40101 SET @OLD_CHARACTER_SET_CLIENT=@@CHARACTER_SET_CLIENT */;
/*!40101 SET @OLD_CHARACTER_SET_RESULTS=@@CHARACTER_SET_RESULTS */;
/*!40101 SET @OLD_COLLATION_CONNECTION=@@COLLATION_CONNECTION */;
/*!40101 SET NAMES utf8 */;
/*!40103 SET @OLD_TIME_ZONE=@@TIME_ZONE */;
/*!40103 SET TIME_ZONE='+00:00' */;
/*!40014 SET @OLD_UNIQUE_CHECKS=@@UNIQUE_CHECKS, UNIQUE_CHECKS=0 */;
/*!40014 SET @OLD_FOREIGN_KEY_CHECKS=@@FOREIGN_KEY_CHECKS, FOREIGN_KEY_CHECKS=0 */;
/*!40101 SET @OLD_SQL_MODE=@@SQL_MODE, SQL_MODE='NO_AUTO_VALUE_ON_ZERO' */;
/*!40111 SET @OLD_SQL_NOTES=@@SQL_NOTES, SQL_NOTES=0 */;

--
-- Dumping data for table `alunos`
--

LOCK TABLES `alunos` WRITE;
/*!40000 ALTER TABLE `alunos` DISABLE KEYS */;
REPLACE INTO `alunos` VALUES (1,'2015-07-08 19:31:54','2015-07-08 19:31:54'),(2,'2015-07-08 19:31:54','2015-07-08 19:31:54'),(3,'2015-07-08 19:31:54','2015-07-08 19:31:54'),(4,'2015-07-08 19:31:54','2015-07-08 19:31:54'),(5,'2015-07-08 19:31:54','2015-07-08 19:31:54'),(6,'2015-07-08 19:31:55','2015-07-08 19:31:55'),(7,'2015-07-08 19:31:55','2015-07-08 19:31:55'),(8,'2015-07-08 19:31:55','2015-07-08 19:31:55'),(9,'2015-07-08 19:31:55','2015-07-08 19:31:55'),(10,'2015-07-08 19:31:55','2015-07-08 19:31:55'),(11,'2015-07-08 19:31:55','2015-07-08 19:31:55'),(12,'2015-07-08 19:31:56','2015-07-08 19:31:56'),(13,'2015-07-08 19:31:56','2015-07-08 19:31:56'),(14,'2015-07-08 19:31:56','2015-07-08 19:31:56'),(15,'2015-07-08 19:31:56','2015-07-08 19:31:56'),(16,'2015-07-08 19:31:56','2015-07-08 19:31:56'),(17,'2015-07-08 19:31:57','2015-07-08 19:31:57'),(18,'2015-07-08 19:31:57','2015-07-08 19:31:57'),(19,'2015-07-08 19:31:57','2015-07-08 19:31:57'),(20,'2015-07-08 19:31:57','2015-07-08 19:31:57'),(21,'2015-07-08 19:31:57','2015-07-08 19:31:57'),(22,'2015-07-08 19:31:58','2015-07-08 19:31:58'),(23,'2015-07-08 19:31:58','2015-07-08 19:31:58'),(24,'2015-07-08 19:31:58','2015-07-08 19:31:58'),(25,'2015-07-08 19:31:58','2015-07-08 19:31:58'),(26,'2015-07-08 19:31:59','2015-07-08 19:31:59'),(27,'2015-07-08 19:31:59','2015-07-08 19:31:59'),(28,'2015-07-08 19:31:59','2015-07-08 19:31:59'),(29,'2015-07-08 19:31:59','2015-07-08 19:31:59'),(30,'2015-07-08 19:32:00','2015-07-08 19:32:00'),(31,'2015-07-08 19:32:00','2015-07-08 19:32:00'),(32,'2015-07-08 19:32:00','2015-07-08 19:32:00'),(33,'2015-07-08 19:32:00','2015-07-08 19:32:00'),(34,'2015-07-08 19:32:00','2015-07-08 19:32:00'),(35,'2015-07-08 19:32:00','2015-07-08 19:32:00'),(36,'2015-07-08 19:32:01','2015-07-08 19:32:01'),(37,'2015-07-08 19:32:01','2015-07-08 19:32:01'),(38,'2015-07-08 19:32:01','2015-07-08 19:32:01'),(39,'2015-07-08 19:32:01','2015-07-08 19:32:01'),(40,'2015-07-08 19:32:01','2015-07-08 19:32:01'),(41,'2015-07-08 19:32:02','2015-07-08 19:32:02'),(42,'2015-07-08 19:32:02','2015-07-08 19:32:02'),(43,'2015-07-08 19:32:02','2015-07-08 19:32:02'),(44,'2015-07-08 19:32:02','2015-07-08 19:32:02'),(45,'2015-07-08 19:32:02','2015-07-08 19:32:02'),(46,'2015-07-08 19:32:02','2015-07-08 19:32:02'),(47,'2015-07-08 19:32:03','2015-07-08 19:32:03'),(48,'2015-07-08 19:32:03','2015-07-08 19:32:03');
/*!40000 ALTER TABLE `alunos` ENABLE KEYS */;
UNLOCK TABLES;

--
-- Dumping data for table `alunos_turmas`
--

LOCK TABLES `alunos_turmas` WRITE;
/*!40000 ALTER TABLE `alunos_turmas` DISABLE KEYS */;
REPLACE INTO `alunos_turmas` VALUES (1,2,'cancelado','0000-00-00 00:00:00','0000-00-00 00:00:00',2),(1,4,'cancelado','0000-00-00 00:00:00','0000-00-00 00:00:00',2),(1,5,'normal','0000-00-00 00:00:00','0000-00-00 00:00:00',2),(2,2,'normal','0000-00-00 00:00:00','0000-00-00 00:00:00',2),(2,5,'normal','0000-00-00 00:00:00','0000-00-00 00:00:00',2),(3,2,'normal','0000-00-00 00:00:00','0000-00-00 00:00:00',2),(3,3,'normal','0000-00-00 00:00:00','0000-00-00 00:00:00',2),(3,4,'normal','0000-00-00 00:00:00','0000-00-00 00:00:00',2),(3,5,'normal','0000-00-00 00:00:00','0000-00-00 00:00:00',2),(3,6,'normal','0000-00-00 00:00:00','0000-00-00 00:00:00',2),(4,2,'normal','0000-00-00 00:00:00','0000-00-00 00:00:00',3),(5,2,'normal','0000-00-00 00:00:00','0000-00-00 00:00:00',2),(5,4,'normal','0000-00-00 00:00:00','0000-00-00 00:00:00',2),(5,5,'normal','0000-00-00 00:00:00','0000-00-00 00:00:00',2),(6,2,'normal','0000-00-00 00:00:00','0000-00-00 00:00:00',2),(6,4,'normal','0000-00-00 00:00:00','0000-00-00 00:00:00',2),(6,5,'normal','0000-00-00 00:00:00','0000-00-00 00:00:00',2),(6,6,'normal','0000-00-00 00:00:00','0000-00-00 00:00:00',2),(7,2,'normal','0000-00-00 00:00:00','0000-00-00 00:00:00',3),(8,2,'normal','0000-00-00 00:00:00','0000-00-00 00:00:00',5),(9,2,'cancelado','0000-00-00 00:00:00','0000-00-00 00:00:00',2),(9,4,'cancelado','0000-00-00 00:00:00','0000-00-00 00:00:00',2),(9,5,'normal','0000-00-00 00:00:00','0000-00-00 00:00:00',2),(10,2,'normal','0000-00-00 00:00:00','0000-00-00 00:00:00',2),(10,4,'normal','0000-00-00 00:00:00','0000-00-00 00:00:00',2),(10,5,'normal','0000-00-00 00:00:00','0000-00-00 00:00:00',2),(11,2,'normal','0000-00-00 00:00:00','0000-00-00 00:00:00',2),(11,5,'normal','0000-00-00 00:00:00','0000-00-00 00:00:00',2),(11,6,'cancelado','0000-00-00 00:00:00','0000-00-00 00:00:00',2),(12,2,'cancelado','0000-00-00 00:00:00','0000-00-00 00:00:00',3),(13,2,'cancelado','0000-00-00 00:00:00','0000-00-00 00:00:00',2),(14,2,'normal','0000-00-00 00:00:00','0000-00-00 00:00:00',2),(14,4,'normal','0000-00-00 00:00:00','0000-00-00 00:00:00',2),(14,5,'normal','0000-00-00 00:00:00','0000-00-00 00:00:00',2),(15,2,'normal','0000-00-00 00:00:00','0000-00-00 00:00:00',2),(15,5,'normal','0000-00-00 00:00:00','0000-00-00 00:00:00',2),(15,6,'normal','0000-00-00 00:00:00','0000-00-00 00:00:00',2),(16,2,'normal','0000-00-00 00:00:00','0000-00-00 00:00:00',2),(16,3,'normal','0000-00-00 00:00:00','0000-00-00 00:00:00',2),(16,4,'normal','0000-00-00 00:00:00','0000-00-00 00:00:00',2),(16,5,'normal','0000-00-00 00:00:00','0000-00-00 00:00:00',2),(17,2,'normal','0000-00-00 00:00:00','0000-00-00 00:00:00',2),(17,5,'normal','0000-00-00 00:00:00','0000-00-00 00:00:00',2),(18,2,'normal','0000-00-00 00:00:00','0000-00-00 00:00:00',2),(18,4,'normal','0000-00-00 00:00:00','0000-00-00 00:00:00',2),(18,5,'normal','0000-00-00 00:00:00','0000-00-00 00:00:00',2),(18,6,'normal','0000-00-00 00:00:00','0000-00-00 00:00:00',2),(19,2,'normal','0000-00-00 00:00:00','0000-00-00 00:00:00',2),(19,4,'normal','0000-00-00 00:00:00','0000-00-00 00:00:00',2),(19,5,'normal','0000-00-00 00:00:00','0000-00-00 00:00:00',2),(19,6,'normal','0000-00-00 00:00:00','0000-00-00 00:00:00',2),(20,2,'normal','0000-00-00 00:00:00','0000-00-00 00:00:00',3),(20,3,'normal','0000-00-00 00:00:00','0000-00-00 00:00:00',3),(21,2,'normal','0000-00-00 00:00:00','0000-00-00 00:00:00',3),(22,2,'normal','0000-00-00 00:00:00','0000-00-00 00:00:00',2),(22,4,'normal','0000-00-00 00:00:00','0000-00-00 00:00:00',2),(22,5,'normal','0000-00-00 00:00:00','0000-00-00 00:00:00',2),(22,6,'normal','0000-00-00 00:00:00','0000-00-00 00:00:00',2),(23,2,'normal','0000-00-00 00:00:00','0000-00-00 00:00:00',3),(24,2,'normal','0000-00-00 00:00:00','0000-00-00 00:00:00',3),(25,2,'normal','0000-00-00 00:00:00','0000-00-00 00:00:00',2),(25,4,'normal','0000-00-00 00:00:00','0000-00-00 00:00:00',2),(25,5,'normal','0000-00-00 00:00:00','0000-00-00 00:00:00',2),(25,6,'normal','0000-00-00 00:00:00','0000-00-00 00:00:00',2),(26,2,'normal','0000-00-00 00:00:00','0000-00-00 00:00:00',2),(26,5,'normal','0000-00-00 00:00:00','0000-00-00 00:00:00',2),(26,6,'normal','0000-00-00 00:00:00','0000-00-00 00:00:00',2),(27,5,'cancelado','0000-00-00 00:00:00','0000-00-00 00:00:00',2),(28,5,'normal','0000-00-00 00:00:00','0000-00-00 00:00:00',2),(29,5,'normal','0000-00-00 00:00:00','0000-00-00 00:00:00',2),(30,5,'cancelado','0000-00-00 00:00:00','0000-00-00 00:00:00',2),(31,5,'cancelado','0000-00-00 00:00:00','0000-00-00 00:00:00',2),(32,5,'cancelado','0000-00-00 00:00:00','0000-00-00 00:00:00',2),(33,5,'cancelado','0000-00-00 00:00:00','0000-00-00 00:00:00',2),(34,5,'cancelado','0000-00-00 00:00:00','0000-00-00 00:00:00',2),(35,5,'cancelado','0000-00-00 00:00:00','0000-00-00 00:00:00',2),(36,5,'cancelado','0000-00-00 00:00:00','0000-00-00 00:00:00',2),(37,5,'cancelado','0000-00-00 00:00:00','0000-00-00 00:00:00',2),(38,5,'cancelado','0000-00-00 00:00:00','0000-00-00 00:00:00',2),(39,5,'normal','0000-00-00 00:00:00','0000-00-00 00:00:00',2),(40,3,'normal','0000-00-00 00:00:00','0000-00-00 00:00:00',2),(41,3,'cancelado','0000-00-00 00:00:00','0000-00-00 00:00:00',2),(42,3,'normal','0000-00-00 00:00:00','0000-00-00 00:00:00',3),(43,1,'normal','0000-00-00 00:00:00','0000-00-00 00:00:00',2),(43,3,'normal','0000-00-00 00:00:00','0000-00-00 00:00:00',2),(44,1,'normal','0000-00-00 00:00:00','0000-00-00 00:00:00',2),(44,3,'normal','0000-00-00 00:00:00','0000-00-00 00:00:00',2),(45,1,'cancelado','0000-00-00 00:00:00','0000-00-00 00:00:00',2),(45,3,'normal','0000-00-00 00:00:00','0000-00-00 00:00:00',2),(46,3,'normal','0000-00-00 00:00:00','0000-00-00 00:00:00',5),(47,3,'normal','0000-00-00 00:00:00','0000-00-00 00:00:00',5),(48,3,'normal','0000-00-00 00:00:00','0000-00-00 00:00:00',2);
/*!40000 ALTER TABLE `alunos_turmas` ENABLE KEYS */;
UNLOCK TABLES;

--
-- Dumping data for table `ambientes`
--

LOCK TABLES `ambientes` WRITE;
/*!40000 ALTER TABLE `ambientes` DISABLE KEYS */;
REPLACE INTO `ambientes` VALUES (1,'sala 101',1,'2015-07-08 19:31:44','2015-07-08 19:31:44'),(2,'sala 102',1,'2015-07-08 19:31:44','2015-07-08 19:31:44'),(3,'sala 103',1,'2015-07-08 19:31:44','2015-07-08 19:31:44'),(4,'sala 104',1,'2015-07-08 19:31:44','2015-07-08 19:31:44'),(5,'sala 105',1,'2015-07-08 19:31:44','2015-07-08 19:31:44'),(6,'sala 201',1,'2015-07-08 19:31:44','2015-07-08 19:31:44'),(7,'sala 202',1,'2015-07-08 19:31:44','2015-07-08 19:31:44'),(8,'sala 203',1,'2015-07-08 19:31:44','2015-07-08 19:31:44'),(9,'sala 204',1,'2015-07-08 19:31:44','2015-07-08 19:31:44'),(10,'sala 205',1,'2015-07-08 19:31:44','2015-07-08 19:31:44'),(11,'lab 01',2,'2015-07-08 19:31:44','2015-07-08 19:31:44'),(12,'lab 02',2,'2015-07-08 19:31:44','2015-07-08 19:31:44'),(13,'lab 03',2,'2015-07-08 19:31:44','2015-07-08 19:31:44'),(14,'lab 04',2,'2015-07-08 19:31:44','2015-07-08 19:31:44'),(15,'lab 05',2,'2015-07-08 19:31:44','2015-07-08 19:31:44'),(16,'lab 06',2,'2015-07-08 19:31:44','2015-07-08 19:31:44');
/*!40000 ALTER TABLE `ambientes` ENABLE KEYS */;
UNLOCK TABLES;

--
-- Dumping data for table `aulas`
--

LOCK TABLES `aulas` WRITE;
/*!40000 ALTER TABLE `aulas` DISABLE KEYS */;
REPLACE INTO `aulas` VALUES (1,'2014-08-05',0,'Introdução a disciplina. Plano de ensino. Situação do tema banco de dados dentro da computação. Arquivos convencionais, problemas; conceitos de banco de dados (BD) e SGBD: noções gerais de um sistema de BD; arquitetura de SGBD; gerência de bancos funções básicas de SGBD; usuários de BD;',2,'2015-07-08 19:32:13','2015-07-08 19:32:13',0,'',NULL,'18:30:00','22:50:00'),(2,'2014-08-12',0,'Abstração de dados.  Modelo conceitual; modelo lógico; modelo físico. Introdução a modelagem conceitual.  modelo de dados entidade relacionamento (ER)',2,'2015-07-08 19:32:13','2015-07-08 19:32:13',0,'',NULL,'18:30:00','22:50:00'),(3,'2014-08-19',0,'Modelagem conceitual: objetivos; propriedades de um modelo conceitual; notações. Estudo de caso.',2,'2015-07-08 19:32:13','2015-07-08 19:32:13',0,'NULL',NULL,'18:30:00','22:50:00'),(4,'2014-08-26',0,'modelagem conceitual (mecanismos de abstração; classificação/instanciação; generalização/especialização;). Exercícios de fixação. Descrição do trabalho G1.',2,'2015-07-08 19:32:13','2015-07-08 19:32:13',0,'NULL',NULL,'18:30:00','22:50:00'),(5,'2014-09-02',0,'Modelagem conceitual (restrições de integridade, construtores, notação diagramática, semelhanças e diferenças entre modelos conceituais).',2,'2015-07-08 19:32:13','2015-07-08 19:32:13',0,'NULL',NULL,'18:30:00','22:50:00'),(6,'2014-09-09',0,'Projeto de banco de dados (transformação de diagramas  conceituais para modelos de banco de dados I ). Exercícios práticos.',2,'2015-07-08 19:32:13','2015-07-08 19:32:13',0,'NULL',NULL,'18:30:00','22:50:00'),(7,'2014-09-16',0,'Projeto de banco de dados (transformação de diagramas conceituais para modelos de bancos de dados II). Exercícios práticos.',2,'2015-07-08 19:32:13','2015-07-08 19:32:13',0,'NULL',NULL,'18:30:00','22:50:00'),(8,'2014-09-23',0,'Apresentação dos trabalhos. Revisão do conteúdo para a avaliação. Exercícios práticos.',2,'2015-07-08 19:32:14','2015-07-08 19:32:14',0,'NULL',NULL,'18:30:00','22:50:00'),(9,'2014-09-30',0,'Avaliação teórica/prática grau 1.',2,'2015-07-08 19:32:14','2015-07-08 19:32:14',0,'NULL',NULL,'18:30:00','22:50:00'),(10,'2014-10-07',0,'Entrega das notas e correção da prova. Descrição do trabalho.Introdução à normalização de modelos.',2,'2015-07-08 19:32:14','2015-07-08 19:32:14',0,'NULL',NULL,'18:30:00','22:50:00'),(11,'2014-10-14',0,'Estudo de caso da normalização de modelos. Linguagem de definição de dados (DDL). Linguagem de modelagem de banco de dados.  Exercícios práticos.',2,'2015-07-08 19:32:14','2015-07-08 19:32:14',0,'NULL',NULL,'18:30:00','22:50:00'),(12,'2014-10-21',0,'Manipulação de dados (DML). Andamento do trabalho.',2,'2015-07-08 19:32:14','2015-07-08 19:32:14',0,'NULL',NULL,'18:30:00','22:50:00'),(13,'2014-10-28',0,'Restrições de integridade. Exercícios práticos.',2,'2015-07-08 19:32:14','2015-07-08 19:32:14',0,'NULL',NULL,'18:30:00','22:50:00'),(14,'2014-11-04',0,'',2,'2015-07-08 19:32:14','2015-07-08 19:32:14',0,'NULL',NULL,'18:30:00','22:50:00'),(15,'2014-11-11',0,'',2,'2015-07-08 19:32:14','2015-07-08 19:32:14',0,'NULL',NULL,'18:30:00','22:50:00'),(16,'2014-11-18',0,'',2,'2015-07-08 19:32:14','2015-07-08 19:32:14',0,'NULL',NULL,'18:30:00','22:50:00'),(17,'2014-11-25',0,'',2,'2015-07-08 19:32:14','2015-07-08 19:32:14',0,'NULL',NULL,'18:30:00','22:50:00'),(18,'2014-12-02',0,'',2,'2015-07-08 19:32:14','2015-07-08 19:32:14',0,'NULL',NULL,'18:30:00','22:50:00'),(19,'2014-12-09',0,'',2,'2015-07-08 19:32:14','2015-07-08 19:32:14',0,'NULL',NULL,'18:30:00','22:50:00'),(20,'2014-12-16',0,'',2,'2015-07-08 19:32:14','2015-07-08 19:32:14',0,'NULL',NULL,'18:30:00','22:50:00'),(21,'2014-02-20',0,'Introdução aos SO\'s: Apresentação da disciplina: conteúdo, metodologia de ensino, critérios de avaliação, cronograma, material apoio (livros).',5,'2015-07-08 19:32:14','2015-07-08 19:32:14',0,'NULL',NULL,'18:30:00','22:50:00'),(22,'2014-02-27',0,'Introdução aos Sistemas Operacionais: Estudo das definições de sistema operacional (SO), objetivos, visões.',5,'2015-07-08 19:32:14','2015-07-08 19:32:14',0,'NULL',NULL,'18:30:00','22:50:00'),(23,'2014-03-06',0,'Gerência de entrada e Saída: controle e gerenciamento realizado pelo sistema operacional: Multiprogramação.',5,'2015-07-08 19:32:14','2015-07-08 19:32:14',0,'NULL',NULL,'18:30:00','22:50:00'),(24,'2014-03-13',0,'Estudo dos tipos de sistemas operacionais: monoprogramáveis, multiprogramaveis e sistemas com múltiplos processadores.',5,'2015-07-08 19:32:14','2015-07-08 19:32:14',0,'NULL',NULL,'18:30:00','22:50:00'),(25,'2014-03-20',0,'Conceitos de Deadlock, prevenção e tratamento em Sistemas Operacionais.',5,'2015-07-08 19:32:14','2015-07-08 19:32:14',0,'NULL',NULL,'18:30:00','22:50:00'),(26,'2014-03-27',0,'Estudo das estruturas de um sistema operacional: sistemas monolíticos, sistemas em camadas e cliente/servidor.',5,'2015-07-08 19:32:14','2015-07-08 19:32:14',0,'NULL',NULL,'18:30:00','22:50:00'),(27,'2014-04-03',0,'Estudo dos sistemas multiprogramáveis: definição, conceitos, gerência de filas, tipos (cooperativa e preemptiva), proteção.',5,'2015-07-08 19:32:14','2015-07-08 19:32:14',0,'NULL',NULL,'18:30:00','22:50:00'),(28,'2014-04-10',0,'Estudo de processos: modelos de processos, estados de um process, mudanças de estados entre processos, subprocessos e threads.',5,'2015-07-08 19:32:14','2015-07-08 19:32:14',0,'NULL',NULL,'18:30:00','22:50:00'),(29,'2014-04-17',0,'Especificação de tarefas e prioridades.',5,'2015-07-08 19:32:14','2015-07-08 19:32:14',0,'NULL',NULL,'18:30:00','22:50:00'),(30,'2014-04-23',0,'Introdução a escalonadores',5,'2015-07-08 19:32:14','2015-07-08 19:32:14',0,'NULL',NULL,'18:30:00','22:50:00'),(31,'2014-04-24',0,'Atividades extraclasse: exercícios e trabalhos individuais.',5,'2015-07-08 19:32:15','2015-07-08 19:32:15',0,'NULL',NULL,'18:30:00','22:50:00'),(32,'2014-05-08',0,'Correção de exercício, revisão de conteúdo.',5,'2015-07-08 19:32:15','2015-07-08 19:32:15',0,'NULL',NULL,'18:30:00','22:50:00'),(33,'2014-05-15',0,'Avaliação de grau 1 (G1).',5,'2015-07-08 19:32:15','2015-07-08 19:32:15',0,'NULL',NULL,'18:30:00','22:50:00'),(34,'2014-05-22',0,'Analisar os resultados da avaliação G1. Gerência de processos: introdução, descritor de processo, controle de processos, processos de sistema, escalonamento de processos',5,'2015-07-08 19:32:15','2015-07-08 19:32:15',0,'NULL',NULL,'18:30:00','22:50:00'),(35,'2014-05-29',0,'Gerência de Memória: introdução, endereços lógicos e fisicos, formas de alicação, swapping.',5,'2015-07-08 19:32:15','2015-07-08 19:32:15',0,'NULL',NULL,'18:30:00','22:50:00'),(36,'2014-06-05',0,'Memória virtual: funcionamento da paginação por demanda, substituição de páginas, algoritmos de substituição de páginas, alocação de quadros, trashing.',5,'2015-07-08 19:32:15','2015-07-08 19:32:15',0,'NULL',NULL,'18:30:00','22:50:00'),(37,'2014-06-12',0,'Programação concorrente: definição, motivação, especificação de paralelismo, problema da seção crítica, semáforos, mensagens, visão geral e comparação, paralisação (deadlock).',5,'2015-07-08 19:32:15','2015-07-08 19:32:15',0,'NULL',NULL,'18:30:00','22:50:00'),(38,'2014-06-26',0,'Elaboração de exercícios e correção.',5,'2015-07-08 19:32:15','2015-07-08 19:32:15',0,'NULL',NULL,'18:30:00','22:50:00'),(39,'2014-07-03',0,'Sistema de Arquivos: Introdução, nomes de arquivos, comandos, árvore de diretórios do SO, discos (particionamento e formatação), acesso a arquivos, atributos, controle e gerenciamento.',5,'2015-07-08 19:32:15','2015-07-08 19:32:15',0,'NULL',NULL,'18:30:00','22:50:00'),(40,'2014-07-04',0,'Apresentação de trabalhos (estudo de caso) de sistemas operacionais.',5,'2015-07-08 19:32:15','2015-07-08 19:32:15',0,'NULL',NULL,'18:30:00','22:50:00'),(41,'2014-07-10',0,'Avaliação Grau 2. Divulgação de resultados parciais, revisão e prova de substituição.',5,'2015-07-08 19:32:15','2015-07-08 19:32:15',0,'NULL',NULL,'18:30:00','22:50:00'),(42,'2015-02-20',0,'Introdução a disciplina. Plano de ensino. Situação do tema banco de dados dentro da computação. Arquivos convencionais, problemas; conceitos de banco de dados (BD) e SGBD: noções gerais de um sistema de BD;',3,'2015-07-08 19:32:15','2015-07-08 19:32:15',0,'NULL',NULL,'18:30:00','22:50:00'),(43,'2015-02-27',0,'Arquitetura de SGBD; gerência de bancos funções básicas de SGBD; usuários de BD; Abstração de dados. modelo lógico; modelo físico.  Introdução a modelagem conceitual.  modelo de dados entidade relacionamento (ER). Processo de projeto e Implementação de BD.',3,'2015-07-08 19:32:15','2015-07-08 19:32:15',0,'',NULL,'18:30:00','22:50:00'),(44,'2015-03-06',0,'Modelos de dados; Modelagem conceitual: objetivos; propriedades de um modelo conceitual; notações. Modelo entidade relacionamento (ER); Agregação/Desagregação.  Estudo de caso.',3,'2015-07-08 19:32:15','2015-07-08 19:32:15',0,'NULL',NULL,'18:30:00','22:50:00'),(45,'2015-03-13',0,'Modelo de dados orientado a objetos (OO) , Modelagem conceitual (mecanismos de abstração; classificação/instanciação; generalização/especialização;).  Exercícios de fixação.',3,'2015-07-08 19:32:15','2015-07-08 19:32:15',0,'NULL',NULL,'18:30:00','22:50:00'),(46,'2015-03-20',0,'Restrições de integridade, Construtores, Notação diagramática, Semelhanças e diferenças entre modelos conceituais).',3,'2015-07-08 19:32:16','2015-07-08 19:32:16',0,'NULL',NULL,'18:30:00','22:50:00'),(47,'2015-03-27',0,'Projeto de banco de dados (transformação de diagramas  conceituais para modelos de banco de dados I ). Exercícios práticos.',3,'2015-07-08 19:32:16','2015-07-08 19:32:16',0,'NULL',NULL,'18:30:00','22:50:00'),(48,'2015-04-10',0,'Estudo de caso da normalização de modelos.',3,'2015-07-08 19:32:16','2015-07-08 19:32:16',0,'',NULL,'18:30:00','22:50:00'),(49,'2015-04-17',0,'Revisão do conteúdo para a avaliação. Exercícios práticos.',3,'2015-07-08 19:32:16','2015-07-08 19:32:16',0,'',NULL,'18:30:00','22:50:00'),(50,'2015-04-20',0,'Atividade Extraclasse:\".Exercícios de normalização e revisão para prova\"',3,'2015-07-08 19:32:16','2015-07-08 19:32:16',0,'',NULL,'18:30:00','22:50:00'),(51,'2015-04-24',0,'Avaliação teórica/prática grau 1.',3,'2015-07-08 19:32:16','2015-07-08 19:32:16',0,'NULL',NULL,'18:30:00','22:50:00'),(52,'2015-05-08',0,'Entrega das notas e correção da prova. Descrição do trabalho. Linguagem de definição de dados (DDL). Linguagem de modelagem de banco de dados.',3,'2015-07-08 19:32:16','2015-07-08 19:32:16',0,'NULL',NULL,'18:30:00','22:50:00'),(53,'2015-05-15',0,'Linguagem de manipulação de dados (DML)  interativa.',3,'2015-07-08 19:32:16','2015-07-08 19:32:16',0,'NULL',NULL,'18:30:00','22:50:00'),(54,'2015-05-22',0,'Restrições de integridade. Exercícios práticos.',3,'2015-07-08 19:32:16','2015-07-08 19:32:16',0,'NULL',NULL,'18:30:00','22:50:00'),(55,'2015-05-29',0,'Linguagem de manipulação de dados embutida, restrições de integridade. Exercícios práticos.',3,'2015-07-08 19:32:16','2015-07-08 19:32:16',0,'NULL',NULL,'18:30:00','22:50:00'),(56,'2015-06-05',0,'Especificação de gatilhos, asserções e procedimentos. Exercícios práticos.',3,'2015-07-08 19:32:16','2015-07-08 19:32:16',0,'NULL',NULL,'18:30:00','22:50:00'),(57,'2015-06-12',0,'Álgebra relacional.',3,'2015-07-08 19:32:16','2015-07-08 19:32:16',0,'NULL',NULL,'18:30:00','22:50:00'),(58,'2015-06-19',0,'Revisão para prova G2.',3,'2015-07-08 19:32:16','2015-07-08 19:32:16',0,'NULL',NULL,'18:30:00','22:50:00'),(59,'2015-06-26',0,'Avaliação teórica/prática grau 2.',3,'2015-07-08 19:32:16','2015-07-08 19:32:16',0,'NULL',NULL,'18:30:00','22:50:00'),(60,'2015-07-03',0,'Entrega das notas e correção da prova.  Revisão para prova de substituição.',3,'2015-07-08 19:32:16','2015-07-08 19:32:16',0,'NULL',NULL,'18:30:00','22:50:00'),(61,'2015-07-10',0,'Prova de substituição. Entrega das notas finais e correção da prova.',3,'2015-07-08 19:32:16','2015-07-08 19:32:16',0,'NULL',NULL,'18:30:00','22:50:00'),(62,'2015-02-25',0,'Apresentação da disciplina. Introdução às técnicas de programação.',6,'2015-07-08 19:32:16','2015-07-08 19:32:16',0,'NULL',NULL,'18:30:00','22:50:00'),(63,'2015-03-04',0,'Orientação para projeto de classes',6,'2015-07-08 19:32:17','2015-07-08 19:32:17',0,'NULL',NULL,'18:30:00','22:50:00'),(64,'2015-03-11',0,'Programação por contratos ? parte 1: especificações de interface precisas e verificáveis dos componentes de desenvolvimento de software. Exercícios práticos.',6,'2015-07-08 19:32:17','2015-07-08 19:32:17',0,'NULL',NULL,'18:30:00','22:50:00'),(65,'2015-03-18',0,'Programação por contratos ? parte 2: especificações de interface precisas e verificáveis dos componentes de desenvolvimento de software. Exercícios práticos.',6,'2015-07-08 19:32:17','2015-07-08 19:32:17',0,'NULL',NULL,'18:30:00','22:50:00'),(66,'2015-03-25',0,'Introdução ao Teste do Software. Exercícios práticos.',6,'2015-07-08 19:32:17','2015-07-08 19:32:17',0,'',NULL,'18:30:00','22:50:00'),(67,'2015-04-01',0,'Teste de software: validação de comportamento e unidades de trabalho. Descrição do  trabalho a ser desenvolvido.',6,'2015-07-08 19:32:17','2015-07-08 19:32:17',0,'',NULL,'18:30:00','22:50:00'),(68,'2015-04-08',0,'Ferramentas de apoio ao teste unitário (Junit). Exercícios práticos.',6,'2015-07-08 19:32:17','2015-07-08 19:32:17',0,'',NULL,'18:30:00','22:50:00'),(69,'2015-04-15',0,'Apresentação do trabalho e realização de um simulado referente ao G1.',6,'2015-07-08 19:32:17','2015-07-08 19:32:17',0,'',NULL,'18:30:00','22:50:00'),(70,'2015-04-22',0,'Avaliação G1',6,'2015-07-08 19:32:17','2015-07-08 19:32:17',0,'',NULL,'18:30:00','22:50:00'),(71,'2015-04-29',0,'Entrega das avaliações G1. Discussão das questões da prova. Programação concorrente: modelagem, threads, sincronização. Exercícios práticos.',6,'2015-07-08 19:32:17','2015-07-08 19:32:17',0,'NULL',NULL,'18:30:00','22:50:00'),(72,'2015-05-06',0,'Aula prática ? programação concorrente.',6,'2015-07-08 19:32:17','2015-07-08 19:32:17',0,'NULL',NULL,'18:30:00','22:50:00'),(73,'2015-05-13',0,'Programação concorrente: vivacidade e métodos protegidos. Descrição do trabalho G2.',6,'2015-07-08 19:32:17','2015-07-08 19:32:17',0,'NULL',NULL,'18:30:00','22:50:00'),(74,'2015-05-20',0,'Programação concorrente: objeto condição e propriedades de concorrência.',6,'2015-07-08 19:32:17','2015-07-08 19:32:17',0,'NULL',NULL,'18:30:00','22:50:00'),(75,'2015-05-27',0,'Arquitetura de Software: componentes do sistema e suas propriedades externas e seus relacionamentos com outros softwares.',6,'2015-07-08 19:32:17','2015-07-08 19:32:17',0,'NULL',NULL,'18:30:00','22:50:00'),(76,'2015-06-03',0,'Modelo de desenvolvimento em camadas: domínios.',6,'2015-07-08 19:32:17','2015-07-08 19:32:17',0,'NULL',NULL,'18:30:00','22:50:00'),(77,'2015-06-10',0,'Modelo de desenvolvimento em camadas: persistência e apresentação.',6,'2015-07-08 19:32:17','2015-07-08 19:32:17',0,'NULL',NULL,'18:30:00','22:50:00'),(78,'2015-06-17',0,'Apresentação do trabalho e revisão para a avaliação  referente ao G2',6,'2015-07-08 19:32:17','2015-07-08 19:32:17',0,'NULL',NULL,'18:30:00','22:50:00'),(79,'2015-06-24',0,'Avaliação G2',6,'2015-07-08 19:32:17','2015-07-08 19:32:17',0,'NULL',NULL,'18:30:00','22:50:00'),(80,'2015-07-01',0,'Entrega das notas G2. Revisão para prova de substituição.',6,'2015-07-08 19:32:17','2015-07-08 19:32:17',0,'NULL',NULL,'18:30:00','22:50:00'),(81,'2015-07-08',0,'Aplicação da prova de substituição G1 ou G2. Entrega das notas.',6,'2015-07-08 19:32:17','2015-07-08 19:32:17',0,'NULL',NULL,'18:30:00','22:50:00'),(82,'2015-02-19',0,'Plano de aula. Arquitetura de computadores. Conceitos de hardware e software. Sistemas numéricos de representação de dados e conversões. Exercícios',1,'2015-07-08 19:32:17','2015-07-08 19:32:17',0,'NULL',NULL,'18:30:00','22:50:00'),(83,'2015-02-26',0,'Álgebra booleana. Contextualização do curso de ADS. Disciplinas que compõem a ciência da computação. Exercícios',1,'2015-07-08 19:32:17','2015-07-08 19:32:17',0,'NULL',NULL,'18:30:00','22:50:00'),(84,'2015-03-05',0,'Conceitos e definições dos Sistemas de informação. Tipos de sistemas de informação. Exemplos de sistemas de informação.',1,'2015-07-08 19:32:17','2015-07-08 19:32:17',0,'NULL',NULL,'18:30:00','22:50:00'),(85,'2015-03-12',0,'Introdução  à Abordagem sistêmica I.',1,'2015-07-08 19:32:17','2015-07-08 19:32:17',0,'NULL',NULL,'18:30:00','22:50:00'),(86,'2015-03-19',0,'Abordagem sistêmica  I - Aula Prática.',1,'2015-07-08 19:32:17','2015-07-08 19:32:17',0,'NULL',NULL,'18:30:00','22:50:00'),(87,'2015-03-26',0,'Conceitos da Abordagem sistêmica II',1,'2015-07-08 19:32:17','2015-07-08 19:32:17',0,'NULL',NULL,'18:30:00','22:50:00'),(88,'2015-04-02',0,'Conceitos da Abordagem sistêmica II ? Aula Prática',1,'2015-07-08 19:32:17','2015-07-08 19:32:17',0,'NULL',NULL,'18:30:00','22:50:00'),(89,'2015-04-09',0,'Revisão dos conteúdos (Exercícios).',1,'2015-07-08 19:32:17','2015-07-08 19:32:17',0,'NULL',NULL,'18:30:00','22:50:00'),(90,'2015-04-16',0,'Avaliação Teórica ? G1 ? Individual.',1,'2015-07-08 19:32:17','2015-07-08 19:32:17',0,'NULL',NULL,'18:30:00','22:50:00'),(91,'2015-04-23',0,'Correção avaliação e divulgação resultados, definição grupos de trabalho.  Estudo da aplicação da tecnologia da informação nas organizações  do papel da modelagem no desenvolvimento de SI.',1,'2015-07-08 19:32:18','2015-07-08 19:32:18',0,'NULL',NULL,'18:30:00','22:50:00'),(92,'2015-04-30',0,'Sistemas de computação. Estudo de caso. Exercícios',1,'2015-07-08 19:32:18','2015-07-08 19:32:18',0,'NULL',NULL,'18:30:00','22:50:00'),(93,'2015-05-07',0,'Sistema de gerenciamento de transação.',1,'2015-07-08 19:32:18','2015-07-08 19:32:18',0,'NULL',NULL,'18:30:00','22:50:00'),(94,'2015-05-14',0,'Sistema de gerenciamento de transação -  Aula prática',1,'2015-07-08 19:32:18','2015-07-08 19:32:18',0,'NULL',NULL,'18:30:00','22:50:00'),(95,'2015-05-21',0,'Sistemas de informação (Planejamento estratégico de TI), aplicação da tecnologia da informação.',1,'2015-07-08 19:32:18','2015-07-08 19:32:18',0,'NULL',NULL,'18:30:00','22:50:00'),(96,'2015-05-28',0,'Gestão de sistemas de informação',1,'2015-07-08 19:32:18','2015-07-08 19:32:18',0,'NULL',NULL,'18:30:00','22:50:00'),(97,'2015-06-11',0,'Modelagem no desenvolvimento de sistemas de informação.',1,'2015-07-08 19:32:18','2015-07-08 19:32:18',0,'NULL',NULL,'18:30:00','22:50:00'),(98,'2015-06-18',0,'Seminários de apresentações. Exercícios de revisão',1,'2015-07-08 19:32:18','2015-07-08 19:32:18',0,'NULL',NULL,'18:30:00','22:50:00'),(99,'2015-06-25',0,'Avaliação Teórica / prática ? G2.',1,'2015-07-08 19:32:18','2015-07-08 19:32:18',0,'NULL',NULL,'18:30:00','22:50:00'),(100,'2015-07-02',0,'Revisão do conteúdo para a substituição de grau',1,'2015-07-08 19:32:18','2015-07-08 19:32:18',0,'NULL',NULL,'18:30:00','22:50:00'),(101,'2015-07-09',0,'Divulgação de resultados parciais, substituição de grau e divulgação de resultados finais.',1,'2015-07-08 19:32:18','2015-07-08 19:32:18',0,'NULL',NULL,'18:30:00','22:50:00'),(102,'2014-08-01',0,'Descrição do plano de ensino. Introdução à disciplina. Plano de ensino. Introdução a linguagem  SQL',4,'2015-07-08 19:32:18','2015-07-08 19:32:18',0,'NULL',NULL,'18:30:00','22:50:00'),(103,'2014-08-08',0,'Consultas (SQL, linguagem de manipulação de dados). Exercícios de fixação',4,'2015-07-08 19:32:18','2015-07-08 19:32:18',0,'NULL',NULL,'18:30:00','22:50:00'),(104,'2014-08-15',0,'Consultas (SQL, linguagem de definição de dados). Exercícios de fixação',4,'2015-07-08 19:32:18','2015-07-08 19:32:18',0,'NULL',NULL,'18:30:00','22:50:00'),(105,'2014-08-22',0,'Consultas Avançadas (introdução a subselects).  Exercícios de fixação. Integração do SQL e com o  JAVA.  Exercícios de fixação',4,'2015-07-08 19:32:18','2015-07-08 19:32:18',0,'NULL',NULL,'18:30:00','22:50:00'),(106,'2014-08-29',0,'Consultas Avançadas (subselects, group by).  Exercícios de fixação',4,'2015-07-08 19:32:18','2015-07-08 19:32:18',0,'NULL',NULL,'18:30:00','22:50:00'),(107,'2014-09-05',0,'Triggers e Store. Exercícios de fixação',4,'2015-07-08 19:32:18','2015-07-08 19:32:18',0,'NULL',NULL,'18:30:00','22:50:00'),(108,'2014-09-12',0,'Procedures. Exercícios de fixação',4,'2015-07-08 19:32:18','2015-07-08 19:32:18',0,'NULL',NULL,'18:30:00','22:50:00'),(109,'2014-09-19',0,'Revisão para prova G1. Simulado',4,'2015-07-08 19:32:18','2015-07-08 19:32:18',0,'NULL',NULL,'18:30:00','22:50:00'),(110,'2014-09-26',0,'Avaliação teórica prática referente ao G1',4,'2015-07-08 19:32:18','2015-07-08 19:32:18',0,'NULL',NULL,'18:30:00','22:50:00'),(111,'2014-10-03',0,'Correção da prova. Cursores',4,'2015-07-08 19:32:18','2015-07-08 19:32:18',0,'NULL',NULL,'18:30:00','22:50:00'),(112,'2014-10-10',0,'Cursores e Introdução a Transações',4,'2015-07-08 19:32:18','2015-07-08 19:32:18',0,'NULL',NULL,'18:30:00','22:50:00'),(113,'2014-10-17',0,'Transação  (Recuperação de falhas, concorrência). Andamento do trabalho.',4,'2015-07-08 19:32:18','2015-07-08 19:32:18',0,'NULL',NULL,'18:30:00','22:50:00'),(114,'2014-10-24',0,'Arquitetura de  Banco de Dados  Distribuídos; Gerência de Objetos;',4,'2015-07-08 19:32:19','2015-07-08 19:32:19',0,'NULL',NULL,'18:30:00','22:50:00'),(115,'2014-10-31',0,'Semana acadêmica',4,'2015-07-08 19:32:19','2015-07-08 19:32:19',0,'NULL',NULL,'18:30:00','22:50:00'),(116,'2014-11-07',0,'Otimização de Consultas.',4,'2015-07-08 19:32:19','2015-07-08 19:32:19',0,'NULL',NULL,'18:30:00','22:50:00'),(117,'2014-11-14',0,'Introdução a  Data Warehouse  e Bussiness  Intelligence (Aplicações emergentes de banco de dados.)',4,'2015-07-08 19:32:19','2015-07-08 19:32:19',0,'NULL',NULL,'18:30:00','22:50:00'),(118,'2014-11-21',0,'Apresentação do trabalho e revisão para prova G2',4,'2015-07-08 19:32:19','2015-07-08 19:32:19',0,'NULL',NULL,'18:30:00','22:50:00'),(119,'2014-11-28',0,'Prova G2',4,'2015-07-08 19:32:19','2015-07-08 19:32:19',0,'NULL',NULL,'18:30:00','22:50:00'),(120,'2014-12-05',0,'Revisão do conteúdo para substituição',4,'2015-07-08 19:32:19','2015-07-08 19:32:19',0,'NULL',NULL,'18:30:00','22:50:00'),(121,'2014-12-12',0,'Prova de substituição',4,'2015-07-08 19:32:19','2015-07-08 19:32:19',0,'NULL',NULL,'18:30:00','22:50:00');
/*!40000 ALTER TABLE `aulas` ENABLE KEYS */;
UNLOCK TABLES;

--
-- Dumping data for table `chamadas`
--

LOCK TABLES `chamadas` WRITE;
/*!40000 ALTER TABLE `chamadas` DISABLE KEYS */;
REPLACE INTO `chamadas` VALUES (1,1,21,1,1,1,1,'2015-07-08 19:32:19','2015-07-08 19:32:19'),(2,2,21,1,1,1,1,'2015-07-08 19:32:19','2015-07-08 19:32:19'),(3,27,21,1,1,1,1,'2015-07-08 19:32:19','2015-07-08 19:32:19'),(4,3,21,1,1,1,1,'2015-07-08 19:32:19','2015-07-08 19:32:19'),(5,5,21,1,1,1,1,'2015-07-08 19:32:19','2015-07-08 19:32:19'),(6,28,21,1,1,1,1,'2015-07-08 19:32:19','2015-07-08 19:32:19'),(7,6,21,1,1,1,1,'2015-07-08 19:32:19','2015-07-08 19:32:19'),(8,29,21,1,1,0,0,'2015-07-08 19:32:19','2015-07-08 19:32:19'),(9,30,21,1,1,1,0,'2015-07-08 19:32:19','2015-07-08 19:32:19'),(10,9,21,1,1,1,1,'2015-07-08 19:32:19','2015-07-08 19:32:19'),(11,31,21,1,1,1,1,'2015-07-08 19:32:19','2015-07-08 19:32:19'),(12,10,21,1,1,1,1,'2015-07-08 19:32:19','2015-07-08 19:32:19'),(13,11,21,1,1,1,1,'2015-07-08 19:32:19','2015-07-08 19:32:19'),(14,14,21,1,1,1,1,'2015-07-08 19:32:19','2015-07-08 19:32:19'),(15,32,21,1,1,1,1,'2015-07-08 19:32:19','2015-07-08 19:32:19'),(16,33,21,1,1,1,1,'2015-07-08 19:32:19','2015-07-08 19:32:19'),(17,34,21,1,1,1,0,'2015-07-08 19:32:19','2015-07-08 19:32:19'),(18,15,21,1,1,1,1,'2015-07-08 19:32:19','2015-07-08 19:32:19'),(19,35,21,0,0,0,0,'2015-07-08 19:32:19','2015-07-08 19:32:19'),(20,16,21,0,0,0,0,'2015-07-08 19:32:19','2015-07-08 19:32:19'),(21,36,21,1,1,1,1,'2015-07-08 19:32:20','2015-07-08 19:32:20'),(22,17,21,1,1,1,1,'2015-07-08 19:32:20','2015-07-08 19:32:20'),(23,37,21,1,1,1,1,'2015-07-08 19:32:20','2015-07-08 19:32:20'),(24,38,21,1,1,1,0,'2015-07-08 19:32:20','2015-07-08 19:32:20'),(25,18,21,1,1,1,1,'2015-07-08 19:32:20','2015-07-08 19:32:20'),(26,19,21,1,1,1,1,'2015-07-08 19:32:20','2015-07-08 19:32:20'),(27,39,21,1,1,1,1,'2015-07-08 19:32:20','2015-07-08 19:32:20'),(28,22,21,1,1,1,1,'2015-07-08 19:32:20','2015-07-08 19:32:20'),(29,25,21,1,1,1,1,'2015-07-08 19:32:20','2015-07-08 19:32:20'),(30,26,21,1,1,1,1,'2015-07-08 19:32:20','2015-07-08 19:32:20'),(31,1,23,1,1,1,1,'2015-07-08 19:32:20','2015-07-08 19:32:20'),(32,2,23,1,1,1,1,'2015-07-08 19:32:20','2015-07-08 19:32:20'),(33,27,23,1,1,1,1,'2015-07-08 19:32:20','2015-07-08 19:32:20'),(34,3,23,1,1,1,1,'2015-07-08 19:32:20','2015-07-08 19:32:20'),(35,5,23,0,1,1,1,'2015-07-08 19:32:20','2015-07-08 19:32:20'),(36,28,23,1,1,1,1,'2015-07-08 19:32:20','2015-07-08 19:32:20'),(37,6,23,1,1,1,1,'2015-07-08 19:32:20','2015-07-08 19:32:20'),(38,29,23,0,0,0,0,'2015-07-08 19:32:20','2015-07-08 19:32:20'),(39,30,23,1,1,1,1,'2015-07-08 19:32:20','2015-07-08 19:32:20'),(40,9,23,1,1,1,1,'2015-07-08 19:32:20','2015-07-08 19:32:20'),(41,31,23,1,1,1,1,'2015-07-08 19:32:20','2015-07-08 19:32:20'),(42,10,23,1,1,1,1,'2015-07-08 19:32:20','2015-07-08 19:32:20'),(43,11,23,1,1,1,1,'2015-07-08 19:32:21','2015-07-08 19:32:21'),(44,14,23,1,1,1,1,'2015-07-08 19:32:21','2015-07-08 19:32:21'),(45,32,23,0,0,0,0,'2015-07-08 19:32:21','2015-07-08 19:32:21'),(46,33,23,0,0,0,0,'2015-07-08 19:32:21','2015-07-08 19:32:21'),(47,34,23,0,1,1,1,'2015-07-08 19:32:21','2015-07-08 19:32:21'),(48,15,23,1,1,1,1,'2015-07-08 19:32:21','2015-07-08 19:32:21'),(49,35,23,0,0,0,0,'2015-07-08 19:32:21','2015-07-08 19:32:21'),(50,16,23,1,1,1,1,'2015-07-08 19:32:21','2015-07-08 19:32:21'),(51,36,23,1,1,1,1,'2015-07-08 19:32:21','2015-07-08 19:32:21'),(52,17,23,1,1,1,1,'2015-07-08 19:32:21','2015-07-08 19:32:21'),(53,37,23,0,0,0,0,'2015-07-08 19:32:21','2015-07-08 19:32:21'),(54,38,23,0,0,0,0,'2015-07-08 19:32:21','2015-07-08 19:32:21'),(55,18,23,1,1,1,1,'2015-07-08 19:32:21','2015-07-08 19:32:21'),(56,19,23,1,1,1,1,'2015-07-08 19:32:21','2015-07-08 19:32:21'),(57,39,23,0,1,1,1,'2015-07-08 19:32:21','2015-07-08 19:32:21'),(58,22,23,1,1,1,1,'2015-07-08 19:32:21','2015-07-08 19:32:21'),(59,25,23,1,1,1,1,'2015-07-08 19:32:21','2015-07-08 19:32:21'),(60,26,23,1,1,1,1,'2015-07-08 19:32:21','2015-07-08 19:32:21'),(61,1,24,1,1,1,1,'2015-07-08 19:32:21','2015-07-08 19:32:21'),(62,2,24,0,0,0,0,'2015-07-08 19:32:21','2015-07-08 19:32:21'),(63,27,24,1,1,1,1,'2015-07-08 19:32:21','2015-07-08 19:32:21'),(64,3,24,1,1,1,1,'2015-07-08 19:32:22','2015-07-08 19:32:22'),(65,5,24,1,1,1,1,'2015-07-08 19:32:22','2015-07-08 19:32:22'),(66,28,24,1,1,1,1,'2015-07-08 19:32:22','2015-07-08 19:32:22'),(67,6,24,1,1,1,1,'2015-07-08 19:32:22','2015-07-08 19:32:22'),(68,29,24,0,0,0,0,'2015-07-08 19:32:22','2015-07-08 19:32:22'),(69,30,24,1,1,1,1,'2015-07-08 19:32:22','2015-07-08 19:32:22'),(70,9,24,0,1,1,1,'2015-07-08 19:32:22','2015-07-08 19:32:22'),(71,31,24,1,1,1,1,'2015-07-08 19:32:22','2015-07-08 19:32:22'),(72,10,24,1,1,1,1,'2015-07-08 19:32:22','2015-07-08 19:32:22'),(73,11,24,1,1,1,1,'2015-07-08 19:32:22','2015-07-08 19:32:22'),(74,14,24,1,1,1,1,'2015-07-08 19:32:22','2015-07-08 19:32:22'),(75,32,24,0,0,0,0,'2015-07-08 19:32:22','2015-07-08 19:32:22'),(76,33,24,1,1,1,1,'2015-07-08 19:32:22','2015-07-08 19:32:22'),(77,34,24,1,1,1,1,'2015-07-08 19:32:22','2015-07-08 19:32:22'),(78,15,24,1,1,0,0,'2015-07-08 19:32:22','2015-07-08 19:32:22'),(79,35,24,0,0,0,0,'2015-07-08 19:32:22','2015-07-08 19:32:22'),(80,16,24,1,1,1,1,'2015-07-08 19:32:22','2015-07-08 19:32:22'),(81,36,24,1,1,1,1,'2015-07-08 19:32:22','2015-07-08 19:32:22'),(82,17,24,1,1,1,1,'2015-07-08 19:32:22','2015-07-08 19:32:22'),(83,37,24,0,0,0,0,'2015-07-08 19:32:22','2015-07-08 19:32:22'),(84,38,24,0,0,0,0,'2015-07-08 19:32:22','2015-07-08 19:32:22'),(85,18,24,1,1,1,1,'2015-07-08 19:32:22','2015-07-08 19:32:22'),(86,19,24,1,1,1,1,'2015-07-08 19:32:22','2015-07-08 19:32:22'),(87,39,24,0,1,1,1,'2015-07-08 19:32:22','2015-07-08 19:32:22'),(88,22,24,1,1,1,1,'2015-07-08 19:32:22','2015-07-08 19:32:22'),(89,25,24,1,1,1,1,'2015-07-08 19:32:22','2015-07-08 19:32:22'),(90,26,24,1,1,1,1,'2015-07-08 19:32:23','2015-07-08 19:32:23'),(91,1,25,1,1,1,1,'2015-07-08 19:32:23','2015-07-08 19:32:23'),(92,2,25,1,1,1,1,'2015-07-08 19:32:23','2015-07-08 19:32:23'),(93,27,25,1,1,1,1,'2015-07-08 19:32:23','2015-07-08 19:32:23'),(94,3,25,1,1,1,1,'2015-07-08 19:32:23','2015-07-08 19:32:23'),(95,5,25,1,1,1,1,'2015-07-08 19:32:23','2015-07-08 19:32:23'),(96,28,25,1,1,1,1,'2015-07-08 19:32:23','2015-07-08 19:32:23'),(97,6,25,1,1,1,1,'2015-07-08 19:32:23','2015-07-08 19:32:23'),(98,29,25,0,0,0,0,'2015-07-08 19:32:23','2015-07-08 19:32:23'),(99,30,25,1,1,1,1,'2015-07-08 19:32:23','2015-07-08 19:32:23'),(100,9,25,1,1,1,1,'2015-07-08 19:32:23','2015-07-08 19:32:23'),(101,31,25,1,1,1,1,'2015-07-08 19:32:23','2015-07-08 19:32:23'),(102,10,25,1,1,1,1,'2015-07-08 19:32:23','2015-07-08 19:32:23'),(103,11,25,1,1,1,1,'2015-07-08 19:32:23','2015-07-08 19:32:23'),(104,14,25,0,0,0,0,'2015-07-08 19:32:23','2015-07-08 19:32:23'),(105,32,25,0,0,0,0,'2015-07-08 19:32:23','2015-07-08 19:32:23'),(106,33,25,1,1,1,1,'2015-07-08 19:32:23','2015-07-08 19:32:23'),(107,34,25,0,0,0,0,'2015-07-08 19:32:23','2015-07-08 19:32:23'),(108,15,25,0,0,0,0,'2015-07-08 19:32:23','2015-07-08 19:32:23'),(109,35,25,0,0,0,0,'2015-07-08 19:32:23','2015-07-08 19:32:23'),(110,16,25,0,0,0,0,'2015-07-08 19:32:23','2015-07-08 19:32:23'),(111,36,25,1,1,1,1,'2015-07-08 19:32:23','2015-07-08 19:32:23'),(112,17,25,1,1,1,1,'2015-07-08 19:32:23','2015-07-08 19:32:23'),(113,37,25,0,0,0,0,'2015-07-08 19:32:23','2015-07-08 19:32:23'),(114,38,25,0,0,0,0,'2015-07-08 19:32:23','2015-07-08 19:32:23'),(115,18,25,1,1,1,1,'2015-07-08 19:32:24','2015-07-08 19:32:24'),(116,19,25,1,1,1,1,'2015-07-08 19:32:24','2015-07-08 19:32:24'),(117,39,25,0,0,1,1,'2015-07-08 19:32:24','2015-07-08 19:32:24'),(118,22,25,1,1,1,1,'2015-07-08 19:32:24','2015-07-08 19:32:24'),(119,25,25,1,1,1,1,'2015-07-08 19:32:24','2015-07-08 19:32:24'),(120,26,25,1,1,1,1,'2015-07-08 19:32:24','2015-07-08 19:32:24'),(121,1,26,1,1,1,1,'2015-07-08 19:32:24','2015-07-08 19:32:24'),(122,2,26,1,1,1,1,'2015-07-08 19:32:24','2015-07-08 19:32:24'),(123,27,26,0,0,0,0,'2015-07-08 19:32:24','2015-07-08 19:32:24'),(124,3,26,1,1,1,1,'2015-07-08 19:32:24','2015-07-08 19:32:24'),(125,5,26,1,1,1,1,'2015-07-08 19:32:24','2015-07-08 19:32:24'),(126,28,26,1,1,1,1,'2015-07-08 19:32:24','2015-07-08 19:32:24'),(127,6,26,1,1,1,1,'2015-07-08 19:32:24','2015-07-08 19:32:24'),(128,29,26,0,0,0,0,'2015-07-08 19:32:24','2015-07-08 19:32:24'),(129,30,26,0,0,0,0,'2015-07-08 19:32:24','2015-07-08 19:32:24'),(130,9,26,1,1,1,1,'2015-07-08 19:32:24','2015-07-08 19:32:24'),(131,31,26,0,0,0,0,'2015-07-08 19:32:24','2015-07-08 19:32:24'),(132,10,26,1,1,1,1,'2015-07-08 19:32:24','2015-07-08 19:32:24'),(133,11,26,1,1,1,1,'2015-07-08 19:32:24','2015-07-08 19:32:24'),(134,14,26,1,1,1,1,'2015-07-08 19:32:24','2015-07-08 19:32:24'),(135,32,26,0,0,0,0,'2015-07-08 19:32:24','2015-07-08 19:32:24'),(136,33,26,0,0,0,0,'2015-07-08 19:32:24','2015-07-08 19:32:24'),(137,34,26,0,0,0,0,'2015-07-08 19:32:24','2015-07-08 19:32:24'),(138,15,26,1,1,1,1,'2015-07-08 19:32:24','2015-07-08 19:32:24'),(139,35,26,0,0,0,0,'2015-07-08 19:32:25','2015-07-08 19:32:25'),(140,16,26,1,1,1,1,'2015-07-08 19:32:25','2015-07-08 19:32:25'),(141,36,26,1,1,1,1,'2015-07-08 19:32:25','2015-07-08 19:32:25'),(142,17,26,1,1,1,1,'2015-07-08 19:32:25','2015-07-08 19:32:25'),(143,37,26,0,0,0,0,'2015-07-08 19:32:25','2015-07-08 19:32:25'),(144,38,26,0,0,0,0,'2015-07-08 19:32:25','2015-07-08 19:32:25'),(145,18,26,1,1,1,1,'2015-07-08 19:32:25','2015-07-08 19:32:25'),(146,19,26,1,1,1,1,'2015-07-08 19:32:25','2015-07-08 19:32:25'),(147,39,26,1,1,1,1,'2015-07-08 19:32:25','2015-07-08 19:32:25'),(148,22,26,1,1,1,1,'2015-07-08 19:32:25','2015-07-08 19:32:25'),(149,25,26,1,1,1,1,'2015-07-08 19:32:25','2015-07-08 19:32:25'),(150,26,26,1,1,1,1,'2015-07-08 19:32:25','2015-07-08 19:32:25'),(151,1,27,1,1,0,0,'2015-07-08 19:32:25','2015-07-08 19:32:25'),(152,2,27,1,1,1,1,'2015-07-08 19:32:25','2015-07-08 19:32:25'),(153,27,27,1,1,0,0,'2015-07-08 19:32:25','2015-07-08 19:32:25'),(154,3,27,1,1,1,1,'2015-07-08 19:32:25','2015-07-08 19:32:25'),(155,5,27,1,1,1,1,'2015-07-08 19:32:25','2015-07-08 19:32:25'),(156,28,27,1,1,1,1,'2015-07-08 19:32:25','2015-07-08 19:32:25'),(157,6,27,0,0,1,1,'2015-07-08 19:32:25','2015-07-08 19:32:25'),(158,29,27,0,0,1,1,'2015-07-08 19:32:25','2015-07-08 19:32:25'),(159,30,27,0,0,1,1,'2015-07-08 19:32:25','2015-07-08 19:32:25'),(160,9,27,1,1,1,1,'2015-07-08 19:32:26','2015-07-08 19:32:26'),(161,31,27,0,0,0,0,'2015-07-08 19:32:26','2015-07-08 19:32:26'),(162,10,27,1,1,1,1,'2015-07-08 19:32:26','2015-07-08 19:32:26'),(163,11,27,1,1,0,0,'2015-07-08 19:32:26','2015-07-08 19:32:26'),(164,14,27,1,1,1,1,'2015-07-08 19:32:26','2015-07-08 19:32:26'),(165,32,27,0,0,0,0,'2015-07-08 19:32:26','2015-07-08 19:32:26'),(166,33,27,1,1,0,0,'2015-07-08 19:32:27','2015-07-08 19:32:27'),(167,34,27,0,0,0,0,'2015-07-08 19:32:27','2015-07-08 19:32:27'),(168,15,27,1,1,1,1,'2015-07-08 19:32:27','2015-07-08 19:32:27'),(169,35,27,0,0,0,0,'2015-07-08 19:32:27','2015-07-08 19:32:27'),(170,16,27,1,1,1,1,'2015-07-08 19:32:27','2015-07-08 19:32:27'),(171,36,27,1,1,1,1,'2015-07-08 19:32:27','2015-07-08 19:32:27'),(172,17,27,1,1,1,1,'2015-07-08 19:32:27','2015-07-08 19:32:27'),(173,37,27,0,0,0,0,'2015-07-08 19:32:27','2015-07-08 19:32:27'),(174,38,27,0,0,0,0,'2015-07-08 19:32:27','2015-07-08 19:32:27'),(175,18,27,1,1,1,1,'2015-07-08 19:32:27','2015-07-08 19:32:27'),(176,19,27,1,1,0,0,'2015-07-08 19:32:27','2015-07-08 19:32:27'),(177,39,27,1,1,0,0,'2015-07-08 19:32:27','2015-07-08 19:32:27'),(178,22,27,1,1,1,1,'2015-07-08 19:32:27','2015-07-08 19:32:27'),(179,25,27,1,1,0,0,'2015-07-08 19:32:27','2015-07-08 19:32:27'),(180,26,27,1,1,1,1,'2015-07-08 19:32:27','2015-07-08 19:32:27'),(181,1,28,1,1,1,1,'2015-07-08 19:32:27','2015-07-08 19:32:27'),(182,2,28,1,1,1,1,'2015-07-08 19:32:27','2015-07-08 19:32:27'),(183,27,28,1,1,1,1,'2015-07-08 19:32:27','2015-07-08 19:32:27'),(184,3,28,1,1,1,1,'2015-07-08 19:32:27','2015-07-08 19:32:27'),(185,5,28,1,1,1,1,'2015-07-08 19:32:27','2015-07-08 19:32:27'),(186,28,28,1,1,1,1,'2015-07-08 19:32:27','2015-07-08 19:32:27'),(187,6,28,1,1,1,1,'2015-07-08 19:32:27','2015-07-08 19:32:27'),(188,29,28,1,1,1,1,'2015-07-08 19:32:27','2015-07-08 19:32:27'),(189,30,28,1,1,1,1,'2015-07-08 19:32:27','2015-07-08 19:32:27'),(190,9,28,1,1,1,1,'2015-07-08 19:32:28','2015-07-08 19:32:28'),(191,31,28,0,0,0,0,'2015-07-08 19:32:28','2015-07-08 19:32:28'),(192,10,28,1,1,1,1,'2015-07-08 19:32:28','2015-07-08 19:32:28'),(193,11,28,1,1,1,0,'2015-07-08 19:32:28','2015-07-08 19:32:28'),(194,14,28,1,1,1,1,'2015-07-08 19:32:28','2015-07-08 19:32:28'),(195,32,28,0,0,0,0,'2015-07-08 19:32:28','2015-07-08 19:32:28'),(196,33,28,1,1,1,0,'2015-07-08 19:32:28','2015-07-08 19:32:28'),(197,34,28,0,0,0,0,'2015-07-08 19:32:28','2015-07-08 19:32:28'),(198,15,28,1,1,1,1,'2015-07-08 19:32:28','2015-07-08 19:32:28'),(199,35,28,0,0,0,0,'2015-07-08 19:32:28','2015-07-08 19:32:28'),(200,16,28,1,1,1,1,'2015-07-08 19:32:28','2015-07-08 19:32:28'),(201,36,28,0,0,0,0,'2015-07-08 19:32:28','2015-07-08 19:32:28'),(202,17,28,1,1,1,1,'2015-07-08 19:32:28','2015-07-08 19:32:28'),(203,37,28,0,0,0,0,'2015-07-08 19:32:28','2015-07-08 19:32:28'),(204,38,28,0,0,0,0,'2015-07-08 19:32:28','2015-07-08 19:32:28'),(205,18,28,1,1,1,1,'2015-07-08 19:32:28','2015-07-08 19:32:28'),(206,19,28,1,1,1,1,'2015-07-08 19:32:28','2015-07-08 19:32:28'),(207,39,28,1,1,1,1,'2015-07-08 19:32:29','2015-07-08 19:32:29'),(208,22,28,1,1,1,1,'2015-07-08 19:32:29','2015-07-08 19:32:29'),(209,25,28,1,1,1,1,'2015-07-08 19:32:29','2015-07-08 19:32:29'),(210,26,28,1,1,1,1,'2015-07-08 19:32:29','2015-07-08 19:32:29'),(211,1,29,0,0,0,0,'2015-07-08 19:32:29','2015-07-08 19:32:29'),(212,2,29,1,1,1,1,'2015-07-08 19:32:29','2015-07-08 19:32:29'),(213,27,29,1,1,1,1,'2015-07-08 19:32:29','2015-07-08 19:32:29'),(214,3,29,1,1,1,1,'2015-07-08 19:32:29','2015-07-08 19:32:29'),(215,5,29,1,1,1,1,'2015-07-08 19:32:29','2015-07-08 19:32:29'),(216,28,29,1,1,1,1,'2015-07-08 19:32:29','2015-07-08 19:32:29'),(217,6,29,1,1,1,1,'2015-07-08 19:32:29','2015-07-08 19:32:29'),(218,29,29,0,0,0,0,'2015-07-08 19:32:29','2015-07-08 19:32:29'),(219,30,29,0,0,0,0,'2015-07-08 19:32:29','2015-07-08 19:32:29'),(220,9,29,0,0,1,1,'2015-07-08 19:32:29','2015-07-08 19:32:29'),(221,31,29,0,0,0,0,'2015-07-08 19:32:29','2015-07-08 19:32:29'),(222,10,29,1,1,1,1,'2015-07-08 19:32:29','2015-07-08 19:32:29'),(223,11,29,0,0,0,1,'2015-07-08 19:32:29','2015-07-08 19:32:29'),(224,14,29,1,1,1,1,'2015-07-08 19:32:29','2015-07-08 19:32:29'),(225,32,29,0,0,0,0,'2015-07-08 19:32:29','2015-07-08 19:32:29'),(226,33,29,0,0,0,1,'2015-07-08 19:32:29','2015-07-08 19:32:29'),(227,34,29,0,0,0,0,'2015-07-08 19:32:29','2015-07-08 19:32:29'),(228,15,29,1,1,1,1,'2015-07-08 19:32:29','2015-07-08 19:32:29'),(229,35,29,0,0,0,0,'2015-07-08 19:32:29','2015-07-08 19:32:29'),(230,16,29,1,1,1,1,'2015-07-08 19:32:29','2015-07-08 19:32:29'),(231,36,29,0,0,0,0,'2015-07-08 19:32:29','2015-07-08 19:32:29'),(232,17,29,1,1,1,1,'2015-07-08 19:32:30','2015-07-08 19:32:30'),(233,37,29,0,0,0,0,'2015-07-08 19:32:30','2015-07-08 19:32:30'),(234,38,29,0,0,0,0,'2015-07-08 19:32:30','2015-07-08 19:32:30'),(235,18,29,1,1,1,1,'2015-07-08 19:32:30','2015-07-08 19:32:30'),(236,19,29,1,1,1,1,'2015-07-08 19:32:30','2015-07-08 19:32:30'),(237,39,29,0,0,0,0,'2015-07-08 19:32:30','2015-07-08 19:32:30'),(238,22,29,1,1,1,1,'2015-07-08 19:32:30','2015-07-08 19:32:30'),(239,25,29,0,0,0,0,'2015-07-08 19:32:30','2015-07-08 19:32:30'),(240,26,29,1,1,1,1,'2015-07-08 19:32:30','2015-07-08 19:32:30'),(241,1,30,1,1,1,1,'2015-07-08 19:32:30','2015-07-08 19:32:30'),(242,2,30,1,1,1,1,'2015-07-08 19:32:30','2015-07-08 19:32:30'),(243,27,30,1,1,1,1,'2015-07-08 19:32:30','2015-07-08 19:32:30'),(244,3,30,1,1,1,1,'2015-07-08 19:32:30','2015-07-08 19:32:30'),(245,5,30,1,1,1,1,'2015-07-08 19:32:30','2015-07-08 19:32:30'),(246,28,30,1,1,1,1,'2015-07-08 19:32:30','2015-07-08 19:32:30'),(247,6,30,1,1,1,1,'2015-07-08 19:32:30','2015-07-08 19:32:30'),(248,29,30,1,1,1,1,'2015-07-08 19:32:30','2015-07-08 19:32:30'),(249,30,30,1,1,1,1,'2015-07-08 19:32:30','2015-07-08 19:32:30'),(250,9,30,1,1,1,1,'2015-07-08 19:32:30','2015-07-08 19:32:30'),(251,31,30,0,0,0,0,'2015-07-08 19:32:30','2015-07-08 19:32:30'),(252,10,30,1,1,1,1,'2015-07-08 19:32:30','2015-07-08 19:32:30'),(253,11,30,1,1,1,1,'2015-07-08 19:32:30','2015-07-08 19:32:30'),(254,14,30,1,1,1,1,'2015-07-08 19:32:31','2015-07-08 19:32:31'),(255,32,30,0,0,0,0,'2015-07-08 19:32:31','2015-07-08 19:32:31'),(256,33,30,1,1,1,1,'2015-07-08 19:32:31','2015-07-08 19:32:31'),(257,34,30,0,0,0,0,'2015-07-08 19:32:31','2015-07-08 19:32:31'),(258,15,30,1,1,1,1,'2015-07-08 19:32:31','2015-07-08 19:32:31'),(259,35,30,0,0,0,0,'2015-07-08 19:32:31','2015-07-08 19:32:31'),(260,16,30,1,1,1,1,'2015-07-08 19:32:31','2015-07-08 19:32:31'),(261,36,30,1,1,1,1,'2015-07-08 19:32:31','2015-07-08 19:32:31'),(262,17,30,1,1,1,1,'2015-07-08 19:32:31','2015-07-08 19:32:31'),(263,37,30,0,0,0,0,'2015-07-08 19:32:31','2015-07-08 19:32:31'),(264,38,30,0,0,0,0,'2015-07-08 19:32:31','2015-07-08 19:32:31'),(265,18,30,1,1,1,1,'2015-07-08 19:32:31','2015-07-08 19:32:31'),(266,19,30,1,1,1,1,'2015-07-08 19:32:31','2015-07-08 19:32:31'),(267,39,30,1,1,1,1,'2015-07-08 19:32:31','2015-07-08 19:32:31'),(268,22,30,1,1,1,1,'2015-07-08 19:32:31','2015-07-08 19:32:31'),(269,25,30,1,1,1,1,'2015-07-08 19:32:31','2015-07-08 19:32:31'),(270,26,30,1,1,1,1,'2015-07-08 19:32:31','2015-07-08 19:32:31'),(271,1,31,1,1,1,1,'2015-07-08 19:32:31','2015-07-08 19:32:31'),(272,2,31,1,1,1,1,'2015-07-08 19:32:31','2015-07-08 19:32:31'),(273,27,31,1,1,1,1,'2015-07-08 19:32:31','2015-07-08 19:32:31'),(274,3,31,1,1,1,1,'2015-07-08 19:32:31','2015-07-08 19:32:31'),(275,5,31,1,1,1,1,'2015-07-08 19:32:31','2015-07-08 19:32:31'),(276,28,31,1,1,1,1,'2015-07-08 19:32:32','2015-07-08 19:32:32'),(277,6,31,1,1,1,1,'2015-07-08 19:32:32','2015-07-08 19:32:32'),(278,29,31,0,0,0,0,'2015-07-08 19:32:32','2015-07-08 19:32:32'),(279,30,31,0,0,0,0,'2015-07-08 19:32:32','2015-07-08 19:32:32'),(280,9,31,1,1,1,1,'2015-07-08 19:32:32','2015-07-08 19:32:32'),(281,31,31,0,0,0,0,'2015-07-08 19:32:32','2015-07-08 19:32:32'),(282,10,31,1,1,1,1,'2015-07-08 19:32:32','2015-07-08 19:32:32'),(283,11,31,1,1,1,1,'2015-07-08 19:32:32','2015-07-08 19:32:32'),(284,14,31,1,1,1,1,'2015-07-08 19:32:32','2015-07-08 19:32:32'),(285,32,31,0,0,0,0,'2015-07-08 19:32:32','2015-07-08 19:32:32'),(286,33,31,0,0,0,0,'2015-07-08 19:32:32','2015-07-08 19:32:32'),(287,34,31,0,0,0,0,'2015-07-08 19:32:32','2015-07-08 19:32:32'),(288,15,31,1,1,1,1,'2015-07-08 19:32:32','2015-07-08 19:32:32'),(289,35,31,0,0,0,0,'2015-07-08 19:32:32','2015-07-08 19:32:32'),(290,16,31,1,1,1,1,'2015-07-08 19:32:32','2015-07-08 19:32:32'),(291,36,31,0,0,0,0,'2015-07-08 19:32:32','2015-07-08 19:32:32'),(292,17,31,1,1,1,1,'2015-07-08 19:32:32','2015-07-08 19:32:32'),(293,37,31,0,0,0,0,'2015-07-08 19:32:33','2015-07-08 19:32:33'),(294,38,31,0,0,0,0,'2015-07-08 19:32:33','2015-07-08 19:32:33'),(295,18,31,1,1,1,1,'2015-07-08 19:32:33','2015-07-08 19:32:33'),(296,19,31,1,1,1,1,'2015-07-08 19:32:33','2015-07-08 19:32:33'),(297,39,31,1,1,1,1,'2015-07-08 19:32:33','2015-07-08 19:32:33'),(298,22,31,1,1,1,1,'2015-07-08 19:32:33','2015-07-08 19:32:33'),(299,25,31,1,1,1,1,'2015-07-08 19:32:33','2015-07-08 19:32:33'),(300,26,31,1,1,1,1,'2015-07-08 19:32:33','2015-07-08 19:32:33'),(301,1,32,1,1,1,1,'2015-07-08 19:32:33','2015-07-08 19:32:33'),(302,2,32,1,1,1,1,'2015-07-08 19:32:33','2015-07-08 19:32:33'),(303,27,32,1,1,1,1,'2015-07-08 19:32:33','2015-07-08 19:32:33'),(304,3,32,1,1,1,1,'2015-07-08 19:32:33','2015-07-08 19:32:33'),(305,5,32,1,1,1,1,'2015-07-08 19:32:33','2015-07-08 19:32:33'),(306,28,32,1,1,1,1,'2015-07-08 19:32:33','2015-07-08 19:32:33'),(307,6,32,1,1,1,1,'2015-07-08 19:32:33','2015-07-08 19:32:33'),(308,29,32,1,1,1,1,'2015-07-08 19:32:33','2015-07-08 19:32:33'),(309,30,32,1,1,1,1,'2015-07-08 19:32:33','2015-07-08 19:32:33'),(310,9,32,1,1,1,1,'2015-07-08 19:32:33','2015-07-08 19:32:33'),(311,31,32,0,0,0,0,'2015-07-08 19:32:33','2015-07-08 19:32:33'),(312,10,32,1,1,1,1,'2015-07-08 19:32:33','2015-07-08 19:32:33'),(313,11,32,1,1,1,1,'2015-07-08 19:32:33','2015-07-08 19:32:33'),(314,14,32,1,1,1,1,'2015-07-08 19:32:33','2015-07-08 19:32:33'),(315,32,32,0,0,0,0,'2015-07-08 19:32:33','2015-07-08 19:32:33'),(316,33,32,0,0,0,0,'2015-07-08 19:32:33','2015-07-08 19:32:33'),(317,34,32,0,0,0,0,'2015-07-08 19:32:33','2015-07-08 19:32:33'),(318,15,32,1,1,1,1,'2015-07-08 19:32:33','2015-07-08 19:32:33'),(319,35,32,0,0,0,0,'2015-07-08 19:32:33','2015-07-08 19:32:33'),(320,16,32,1,1,1,1,'2015-07-08 19:32:33','2015-07-08 19:32:33'),(321,36,32,1,1,1,1,'2015-07-08 19:32:33','2015-07-08 19:32:33'),(322,17,32,1,1,1,1,'2015-07-08 19:32:34','2015-07-08 19:32:34'),(323,37,32,0,0,0,0,'2015-07-08 19:32:34','2015-07-08 19:32:34'),(324,38,32,0,0,0,0,'2015-07-08 19:32:34','2015-07-08 19:32:34'),(325,18,32,1,1,1,1,'2015-07-08 19:32:34','2015-07-08 19:32:34'),(326,19,32,1,1,1,1,'2015-07-08 19:32:34','2015-07-08 19:32:34'),(327,39,32,1,1,1,1,'2015-07-08 19:32:34','2015-07-08 19:32:34'),(328,22,32,1,1,1,1,'2015-07-08 19:32:34','2015-07-08 19:32:34'),(329,25,32,1,1,1,1,'2015-07-08 19:32:34','2015-07-08 19:32:34'),(330,26,32,1,1,1,1,'2015-07-08 19:32:34','2015-07-08 19:32:34'),(331,1,33,1,1,1,1,'2015-07-08 19:32:34','2015-07-08 19:32:34'),(332,2,33,1,1,1,1,'2015-07-08 19:32:34','2015-07-08 19:32:34'),(333,27,33,1,1,1,1,'2015-07-08 19:32:34','2015-07-08 19:32:34'),(334,3,33,1,1,1,1,'2015-07-08 19:32:34','2015-07-08 19:32:34'),(335,5,33,1,1,1,1,'2015-07-08 19:32:34','2015-07-08 19:32:34'),(336,28,33,1,1,1,1,'2015-07-08 19:32:34','2015-07-08 19:32:34'),(337,6,33,1,1,1,1,'2015-07-08 19:32:34','2015-07-08 19:32:34'),(338,29,33,1,1,1,1,'2015-07-08 19:32:34','2015-07-08 19:32:34'),(339,30,33,1,1,1,1,'2015-07-08 19:32:35','2015-07-08 19:32:35'),(340,9,33,1,1,1,1,'2015-07-08 19:32:35','2015-07-08 19:32:35'),(341,31,33,0,0,0,0,'2015-07-08 19:32:35','2015-07-08 19:32:35'),(342,10,33,1,1,1,1,'2015-07-08 19:32:35','2015-07-08 19:32:35'),(343,11,33,1,1,1,1,'2015-07-08 19:32:35','2015-07-08 19:32:35'),(344,14,33,1,1,1,1,'2015-07-08 19:32:35','2015-07-08 19:32:35'),(345,32,33,0,0,0,0,'2015-07-08 19:32:35','2015-07-08 19:32:35'),(346,33,33,0,0,0,0,'2015-07-08 19:32:35','2015-07-08 19:32:35'),(347,34,33,0,0,0,0,'2015-07-08 19:32:35','2015-07-08 19:32:35'),(348,15,33,1,1,1,1,'2015-07-08 19:32:35','2015-07-08 19:32:35'),(349,35,33,0,0,0,0,'2015-07-08 19:32:35','2015-07-08 19:32:35'),(350,16,33,1,1,1,1,'2015-07-08 19:32:35','2015-07-08 19:32:35'),(351,36,33,1,1,1,1,'2015-07-08 19:32:35','2015-07-08 19:32:35'),(352,17,33,1,1,1,1,'2015-07-08 19:32:35','2015-07-08 19:32:35'),(353,37,33,0,0,0,0,'2015-07-08 19:32:35','2015-07-08 19:32:35'),(354,38,33,0,0,0,0,'2015-07-08 19:32:35','2015-07-08 19:32:35'),(355,18,33,1,1,1,1,'2015-07-08 19:32:35','2015-07-08 19:32:35'),(356,19,33,1,1,1,1,'2015-07-08 19:32:35','2015-07-08 19:32:35'),(357,39,33,1,1,1,1,'2015-07-08 19:32:35','2015-07-08 19:32:35'),(358,22,33,1,1,1,1,'2015-07-08 19:32:35','2015-07-08 19:32:35'),(359,25,33,1,1,1,1,'2015-07-08 19:32:35','2015-07-08 19:32:35'),(360,26,33,1,1,1,1,'2015-07-08 19:32:35','2015-07-08 19:32:35'),(361,1,34,1,1,1,1,'2015-07-08 19:32:35','2015-07-08 19:32:35'),(362,2,34,1,1,1,1,'2015-07-08 19:32:35','2015-07-08 19:32:35'),(363,27,34,0,0,0,0,'2015-07-08 19:32:35','2015-07-08 19:32:35'),(364,3,34,1,1,1,1,'2015-07-08 19:32:36','2015-07-08 19:32:36'),(365,5,34,1,1,1,1,'2015-07-08 19:32:36','2015-07-08 19:32:36'),(366,28,34,1,1,1,1,'2015-07-08 19:32:36','2015-07-08 19:32:36'),(367,6,34,1,1,1,1,'2015-07-08 19:32:36','2015-07-08 19:32:36'),(368,29,34,0,0,0,0,'2015-07-08 19:32:36','2015-07-08 19:32:36'),(369,30,34,0,0,0,0,'2015-07-08 19:32:36','2015-07-08 19:32:36'),(370,9,34,1,1,1,1,'2015-07-08 19:32:37','2015-07-08 19:32:37'),(371,31,34,0,0,0,0,'2015-07-08 19:32:37','2015-07-08 19:32:37'),(372,10,34,1,1,1,1,'2015-07-08 19:32:37','2015-07-08 19:32:37'),(373,11,34,1,1,1,1,'2015-07-08 19:32:37','2015-07-08 19:32:37'),(374,14,34,1,1,1,1,'2015-07-08 19:32:37','2015-07-08 19:32:37'),(375,32,34,0,0,0,0,'2015-07-08 19:32:37','2015-07-08 19:32:37'),(376,33,34,0,0,0,0,'2015-07-08 19:32:37','2015-07-08 19:32:37'),(377,34,34,0,0,0,0,'2015-07-08 19:32:37','2015-07-08 19:32:37'),(378,15,34,1,1,1,1,'2015-07-08 19:32:37','2015-07-08 19:32:37'),(379,35,34,0,0,0,0,'2015-07-08 19:32:37','2015-07-08 19:32:37'),(380,16,34,1,1,1,1,'2015-07-08 19:32:37','2015-07-08 19:32:37'),(381,36,34,0,0,0,0,'2015-07-08 19:32:37','2015-07-08 19:32:37'),(382,17,34,1,1,1,1,'2015-07-08 19:32:37','2015-07-08 19:32:37'),(383,37,34,0,0,0,0,'2015-07-08 19:32:37','2015-07-08 19:32:37'),(384,38,34,0,0,0,0,'2015-07-08 19:32:37','2015-07-08 19:32:37'),(385,18,34,1,1,1,1,'2015-07-08 19:32:37','2015-07-08 19:32:37'),(386,19,34,1,1,1,1,'2015-07-08 19:32:37','2015-07-08 19:32:37'),(387,39,34,1,1,1,1,'2015-07-08 19:32:37','2015-07-08 19:32:37'),(388,22,34,1,1,1,1,'2015-07-08 19:32:37','2015-07-08 19:32:37'),(389,25,34,1,1,1,1,'2015-07-08 19:32:37','2015-07-08 19:32:37'),(390,26,34,1,1,1,1,'2015-07-08 19:32:37','2015-07-08 19:32:37'),(391,1,35,1,1,0,0,'2015-07-08 19:32:37','2015-07-08 19:32:37'),(392,2,35,1,1,1,1,'2015-07-08 19:32:37','2015-07-08 19:32:37'),(393,27,35,0,0,0,0,'2015-07-08 19:32:38','2015-07-08 19:32:38'),(394,3,35,1,1,1,1,'2015-07-08 19:32:38','2015-07-08 19:32:38'),(395,5,35,1,1,1,1,'2015-07-08 19:32:38','2015-07-08 19:32:38'),(396,28,35,1,1,1,1,'2015-07-08 19:32:38','2015-07-08 19:32:38'),(397,6,35,1,1,1,1,'2015-07-08 19:32:38','2015-07-08 19:32:38'),(398,29,35,0,0,0,0,'2015-07-08 19:32:38','2015-07-08 19:32:38'),(399,30,35,0,0,0,0,'2015-07-08 19:32:38','2015-07-08 19:32:38'),(400,9,35,1,1,1,0,'2015-07-08 19:32:38','2015-07-08 19:32:38'),(401,31,35,0,0,0,0,'2015-07-08 19:32:38','2015-07-08 19:32:38'),(402,10,35,1,1,1,1,'2015-07-08 19:32:38','2015-07-08 19:32:38'),(403,11,35,0,0,0,0,'2015-07-08 19:32:38','2015-07-08 19:32:38'),(404,14,35,1,1,0,0,'2015-07-08 19:32:38','2015-07-08 19:32:38'),(405,32,35,0,0,0,0,'2015-07-08 19:32:38','2015-07-08 19:32:38'),(406,33,35,0,0,0,0,'2015-07-08 19:32:38','2015-07-08 19:32:38'),(407,34,35,0,0,0,0,'2015-07-08 19:32:38','2015-07-08 19:32:38'),(408,15,35,0,0,0,0,'2015-07-08 19:32:38','2015-07-08 19:32:38'),(409,35,35,0,0,0,0,'2015-07-08 19:32:38','2015-07-08 19:32:38'),(410,16,35,0,0,0,0,'2015-07-08 19:32:38','2015-07-08 19:32:38'),(411,36,35,0,0,0,0,'2015-07-08 19:32:38','2015-07-08 19:32:38'),(412,17,35,1,1,1,1,'2015-07-08 19:32:38','2015-07-08 19:32:38'),(413,37,35,0,0,0,0,'2015-07-08 19:32:38','2015-07-08 19:32:38'),(414,38,35,0,0,0,0,'2015-07-08 19:32:39','2015-07-08 19:32:39'),(415,18,35,0,0,0,0,'2015-07-08 19:32:39','2015-07-08 19:32:39'),(416,19,35,1,1,1,1,'2015-07-08 19:32:39','2015-07-08 19:32:39'),(417,39,35,0,0,0,0,'2015-07-08 19:32:39','2015-07-08 19:32:39'),(418,22,35,1,1,1,1,'2015-07-08 19:32:39','2015-07-08 19:32:39'),(419,25,35,1,1,1,1,'2015-07-08 19:32:39','2015-07-08 19:32:39'),(420,26,35,1,1,1,1,'2015-07-08 19:32:39','2015-07-08 19:32:39'),(421,1,36,1,1,1,1,'2015-07-08 19:32:39','2015-07-08 19:32:39'),(422,2,36,1,1,1,1,'2015-07-08 19:32:39','2015-07-08 19:32:39'),(423,27,36,1,1,1,1,'2015-07-08 19:32:39','2015-07-08 19:32:39'),(424,3,36,1,1,1,1,'2015-07-08 19:32:39','2015-07-08 19:32:39'),(425,5,36,1,1,1,1,'2015-07-08 19:32:39','2015-07-08 19:32:39'),(426,28,36,1,1,1,1,'2015-07-08 19:32:39','2015-07-08 19:32:39'),(427,6,36,1,1,1,1,'2015-07-08 19:32:39','2015-07-08 19:32:39'),(428,29,36,1,1,1,1,'2015-07-08 19:32:39','2015-07-08 19:32:39'),(429,30,36,0,0,0,0,'2015-07-08 19:32:39','2015-07-08 19:32:39'),(430,9,36,1,1,1,1,'2015-07-08 19:32:39','2015-07-08 19:32:39'),(431,31,36,0,0,0,0,'2015-07-08 19:32:39','2015-07-08 19:32:39'),(432,10,36,1,1,1,1,'2015-07-08 19:32:39','2015-07-08 19:32:39'),(433,11,36,1,1,1,1,'2015-07-08 19:32:39','2015-07-08 19:32:39'),(434,14,36,1,1,1,1,'2015-07-08 19:32:39','2015-07-08 19:32:39'),(435,32,36,0,0,0,0,'2015-07-08 19:32:39','2015-07-08 19:32:39'),(436,33,36,0,0,0,0,'2015-07-08 19:32:39','2015-07-08 19:32:39'),(437,34,36,0,0,0,0,'2015-07-08 19:32:39','2015-07-08 19:32:39'),(438,15,36,1,1,1,1,'2015-07-08 19:32:39','2015-07-08 19:32:39'),(439,35,36,0,0,0,0,'2015-07-08 19:32:39','2015-07-08 19:32:39'),(440,16,36,1,1,1,1,'2015-07-08 19:32:39','2015-07-08 19:32:39'),(441,36,36,0,0,0,0,'2015-07-08 19:32:40','2015-07-08 19:32:40'),(442,17,36,1,1,1,1,'2015-07-08 19:32:40','2015-07-08 19:32:40'),(443,37,36,0,0,0,0,'2015-07-08 19:32:40','2015-07-08 19:32:40'),(444,38,36,0,0,0,0,'2015-07-08 19:32:40','2015-07-08 19:32:40'),(445,18,36,1,1,1,1,'2015-07-08 19:32:40','2015-07-08 19:32:40'),(446,19,36,1,1,1,1,'2015-07-08 19:32:40','2015-07-08 19:32:40'),(447,39,36,0,0,0,0,'2015-07-08 19:32:40','2015-07-08 19:32:40'),(448,22,36,1,1,1,1,'2015-07-08 19:32:40','2015-07-08 19:32:40'),(449,25,36,1,1,1,1,'2015-07-08 19:32:40','2015-07-08 19:32:40'),(450,26,36,1,1,1,1,'2015-07-08 19:32:40','2015-07-08 19:32:40'),(451,1,37,1,1,1,1,'2015-07-08 19:32:40','2015-07-08 19:32:40'),(452,2,37,1,1,1,1,'2015-07-08 19:32:40','2015-07-08 19:32:40'),(453,27,37,0,0,0,0,'2015-07-08 19:32:40','2015-07-08 19:32:40'),(454,3,37,1,1,1,1,'2015-07-08 19:32:40','2015-07-08 19:32:40'),(455,5,37,1,1,1,1,'2015-07-08 19:32:40','2015-07-08 19:32:40'),(456,28,37,1,1,1,1,'2015-07-08 19:32:40','2015-07-08 19:32:40'),(457,6,37,1,1,1,1,'2015-07-08 19:32:40','2015-07-08 19:32:40'),(458,29,37,0,0,0,0,'2015-07-08 19:32:40','2015-07-08 19:32:40'),(459,30,37,0,0,0,0,'2015-07-08 19:32:40','2015-07-08 19:32:40'),(460,9,37,1,1,1,1,'2015-07-08 19:32:40','2015-07-08 19:32:40'),(461,31,37,0,0,0,0,'2015-07-08 19:32:41','2015-07-08 19:32:41'),(462,10,37,1,1,1,1,'2015-07-08 19:32:41','2015-07-08 19:32:41'),(463,11,37,1,1,1,1,'2015-07-08 19:32:41','2015-07-08 19:32:41'),(464,14,37,1,1,1,1,'2015-07-08 19:32:41','2015-07-08 19:32:41'),(465,32,37,0,0,0,0,'2015-07-08 19:32:41','2015-07-08 19:32:41'),(466,33,37,0,0,0,0,'2015-07-08 19:32:41','2015-07-08 19:32:41'),(467,34,37,0,0,0,0,'2015-07-08 19:32:41','2015-07-08 19:32:41'),(468,15,37,1,1,1,1,'2015-07-08 19:32:41','2015-07-08 19:32:41'),(469,35,37,0,0,0,0,'2015-07-08 19:32:41','2015-07-08 19:32:41'),(470,16,37,1,1,1,1,'2015-07-08 19:32:41','2015-07-08 19:32:41'),(471,36,37,0,0,0,0,'2015-07-08 19:32:41','2015-07-08 19:32:41'),(472,17,37,1,1,1,1,'2015-07-08 19:32:41','2015-07-08 19:32:41'),(473,37,37,0,0,0,0,'2015-07-08 19:32:41','2015-07-08 19:32:41'),(474,38,37,0,0,0,0,'2015-07-08 19:32:41','2015-07-08 19:32:41'),(475,18,37,1,1,1,1,'2015-07-08 19:32:41','2015-07-08 19:32:41'),(476,19,37,1,1,1,1,'2015-07-08 19:32:41','2015-07-08 19:32:41'),(477,39,37,0,0,0,0,'2015-07-08 19:32:41','2015-07-08 19:32:41'),(478,22,37,1,1,1,1,'2015-07-08 19:32:41','2015-07-08 19:32:41'),(479,25,37,1,1,1,1,'2015-07-08 19:32:41','2015-07-08 19:32:41'),(480,26,37,1,1,1,1,'2015-07-08 19:32:41','2015-07-08 19:32:41'),(481,1,38,1,1,1,1,'2015-07-08 19:32:41','2015-07-08 19:32:41'),(482,2,38,1,1,1,1,'2015-07-08 19:32:41','2015-07-08 19:32:41'),(483,27,38,0,0,0,0,'2015-07-08 19:32:41','2015-07-08 19:32:41'),(484,3,38,1,1,1,1,'2015-07-08 19:32:41','2015-07-08 19:32:41'),(485,5,38,0,0,0,0,'2015-07-08 19:32:41','2015-07-08 19:32:41'),(486,28,38,1,1,1,1,'2015-07-08 19:32:41','2015-07-08 19:32:41'),(487,6,38,1,1,1,1,'2015-07-08 19:32:42','2015-07-08 19:32:42'),(488,29,38,0,0,0,0,'2015-07-08 19:32:42','2015-07-08 19:32:42'),(489,30,38,0,0,0,0,'2015-07-08 19:32:42','2015-07-08 19:32:42'),(490,9,38,1,1,1,1,'2015-07-08 19:32:42','2015-07-08 19:32:42'),(491,31,38,0,0,0,0,'2015-07-08 19:32:42','2015-07-08 19:32:42'),(492,10,38,1,1,1,1,'2015-07-08 19:32:42','2015-07-08 19:32:42'),(493,11,38,1,1,1,1,'2015-07-08 19:32:42','2015-07-08 19:32:42'),(494,14,38,1,1,1,1,'2015-07-08 19:32:42','2015-07-08 19:32:42'),(495,32,38,0,0,0,0,'2015-07-08 19:32:42','2015-07-08 19:32:42'),(496,33,38,0,0,0,0,'2015-07-08 19:32:42','2015-07-08 19:32:42'),(497,34,38,0,0,0,0,'2015-07-08 19:32:42','2015-07-08 19:32:42'),(498,15,38,1,1,1,1,'2015-07-08 19:32:42','2015-07-08 19:32:42'),(499,35,38,0,0,0,0,'2015-07-08 19:32:42','2015-07-08 19:32:42'),(500,16,38,1,1,1,1,'2015-07-08 19:32:42','2015-07-08 19:32:42'),(501,36,38,0,0,0,0,'2015-07-08 19:32:42','2015-07-08 19:32:42'),(502,17,38,1,1,1,1,'2015-07-08 19:32:42','2015-07-08 19:32:42'),(503,37,38,0,0,0,0,'2015-07-08 19:32:42','2015-07-08 19:32:42'),(504,38,38,0,0,0,0,'2015-07-08 19:32:42','2015-07-08 19:32:42'),(505,18,38,1,1,1,1,'2015-07-08 19:32:42','2015-07-08 19:32:42'),(506,19,38,1,1,1,1,'2015-07-08 19:32:42','2015-07-08 19:32:42'),(507,39,38,0,0,0,0,'2015-07-08 19:32:43','2015-07-08 19:32:43'),(508,22,38,1,1,1,1,'2015-07-08 19:32:43','2015-07-08 19:32:43'),(509,25,38,1,1,1,1,'2015-07-08 19:32:43','2015-07-08 19:32:43'),(510,26,38,1,1,1,1,'2015-07-08 19:32:43','2015-07-08 19:32:43'),(511,1,39,0,0,0,0,'2015-07-08 19:32:43','2015-07-08 19:32:43'),(512,2,39,1,1,1,1,'2015-07-08 19:32:43','2015-07-08 19:32:43'),(513,27,39,0,0,0,0,'2015-07-08 19:32:43','2015-07-08 19:32:43'),(514,3,39,1,1,1,1,'2015-07-08 19:32:43','2015-07-08 19:32:43'),(515,5,39,1,1,1,1,'2015-07-08 19:32:43','2015-07-08 19:32:43'),(516,28,39,1,1,1,1,'2015-07-08 19:32:43','2015-07-08 19:32:43'),(517,6,39,1,1,1,1,'2015-07-08 19:32:43','2015-07-08 19:32:43'),(518,29,39,0,0,0,0,'2015-07-08 19:32:43','2015-07-08 19:32:43'),(519,30,39,0,0,0,0,'2015-07-08 19:32:43','2015-07-08 19:32:43'),(520,9,39,1,1,1,1,'2015-07-08 19:32:43','2015-07-08 19:32:43'),(521,31,39,0,0,0,0,'2015-07-08 19:32:43','2015-07-08 19:32:43'),(522,10,39,1,1,1,1,'2015-07-08 19:32:43','2015-07-08 19:32:43'),(523,11,39,1,1,1,1,'2015-07-08 19:32:43','2015-07-08 19:32:43'),(524,14,39,1,1,1,1,'2015-07-08 19:32:43','2015-07-08 19:32:43'),(525,32,39,0,0,0,0,'2015-07-08 19:32:43','2015-07-08 19:32:43'),(526,33,39,0,0,0,0,'2015-07-08 19:32:43','2015-07-08 19:32:43'),(527,34,39,0,0,0,0,'2015-07-08 19:32:43','2015-07-08 19:32:43'),(528,15,39,1,1,1,1,'2015-07-08 19:32:43','2015-07-08 19:32:43'),(529,35,39,0,0,0,0,'2015-07-08 19:32:43','2015-07-08 19:32:43'),(530,16,39,1,1,1,1,'2015-07-08 19:32:43','2015-07-08 19:32:43'),(531,36,39,0,0,0,0,'2015-07-08 19:32:43','2015-07-08 19:32:43'),(532,17,39,1,1,1,1,'2015-07-08 19:32:43','2015-07-08 19:32:43'),(533,37,39,0,0,0,0,'2015-07-08 19:32:43','2015-07-08 19:32:43'),(534,38,39,0,0,0,0,'2015-07-08 19:32:44','2015-07-08 19:32:44'),(535,18,39,1,1,1,1,'2015-07-08 19:32:44','2015-07-08 19:32:44'),(536,19,39,1,1,1,1,'2015-07-08 19:32:44','2015-07-08 19:32:44'),(537,39,39,0,0,0,0,'2015-07-08 19:32:44','2015-07-08 19:32:44'),(538,22,39,1,1,1,1,'2015-07-08 19:32:44','2015-07-08 19:32:44'),(539,25,39,0,0,0,0,'2015-07-08 19:32:44','2015-07-08 19:32:44'),(540,26,39,1,1,1,1,'2015-07-08 19:32:44','2015-07-08 19:32:44'),(541,1,40,1,1,1,1,'2015-07-08 19:32:44','2015-07-08 19:32:44'),(542,2,40,1,1,1,1,'2015-07-08 19:32:44','2015-07-08 19:32:44'),(543,27,40,0,0,0,0,'2015-07-08 19:32:44','2015-07-08 19:32:44'),(544,3,40,1,1,1,1,'2015-07-08 19:32:44','2015-07-08 19:32:44'),(545,5,40,1,1,1,1,'2015-07-08 19:32:44','2015-07-08 19:32:44'),(546,28,40,1,1,1,1,'2015-07-08 19:32:44','2015-07-08 19:32:44'),(547,6,40,1,1,1,1,'2015-07-08 19:32:44','2015-07-08 19:32:44'),(548,29,40,0,0,0,0,'2015-07-08 19:32:44','2015-07-08 19:32:44'),(549,30,40,0,0,0,0,'2015-07-08 19:32:44','2015-07-08 19:32:44'),(550,9,40,1,1,1,1,'2015-07-08 19:32:44','2015-07-08 19:32:44'),(551,31,40,0,0,0,0,'2015-07-08 19:32:44','2015-07-08 19:32:44'),(552,10,40,1,1,1,1,'2015-07-08 19:32:44','2015-07-08 19:32:44'),(553,11,40,1,1,1,1,'2015-07-08 19:32:44','2015-07-08 19:32:44'),(554,14,40,1,1,1,1,'2015-07-08 19:32:44','2015-07-08 19:32:44'),(555,32,40,0,0,0,0,'2015-07-08 19:32:44','2015-07-08 19:32:44'),(556,33,40,0,0,0,0,'2015-07-08 19:32:44','2015-07-08 19:32:44'),(557,34,40,0,0,0,0,'2015-07-08 19:32:44','2015-07-08 19:32:44'),(558,15,40,1,1,1,1,'2015-07-08 19:32:44','2015-07-08 19:32:44'),(559,35,40,0,0,0,0,'2015-07-08 19:32:44','2015-07-08 19:32:44'),(560,16,40,1,1,1,1,'2015-07-08 19:32:44','2015-07-08 19:32:44'),(561,36,40,0,0,0,0,'2015-07-08 19:32:44','2015-07-08 19:32:44'),(562,17,40,1,1,1,1,'2015-07-08 19:32:45','2015-07-08 19:32:45'),(563,37,40,0,0,0,0,'2015-07-08 19:32:45','2015-07-08 19:32:45'),(564,38,40,0,0,0,0,'2015-07-08 19:32:45','2015-07-08 19:32:45'),(565,18,40,1,1,1,1,'2015-07-08 19:32:45','2015-07-08 19:32:45'),(566,19,40,1,1,1,1,'2015-07-08 19:32:45','2015-07-08 19:32:45'),(567,39,40,0,0,0,0,'2015-07-08 19:32:45','2015-07-08 19:32:45'),(568,22,40,1,1,1,1,'2015-07-08 19:32:45','2015-07-08 19:32:45'),(569,25,40,0,0,0,0,'2015-07-08 19:32:45','2015-07-08 19:32:45'),(570,26,40,1,1,1,1,'2015-07-08 19:32:45','2015-07-08 19:32:45'),(571,1,41,1,1,1,1,'2015-07-08 19:32:45','2015-07-08 19:32:45'),(572,2,41,1,1,1,1,'2015-07-08 19:32:45','2015-07-08 19:32:45'),(573,27,41,0,0,0,0,'2015-07-08 19:32:45','2015-07-08 19:32:45'),(574,3,41,1,1,1,1,'2015-07-08 19:32:45','2015-07-08 19:32:45'),(575,5,41,1,1,1,1,'2015-07-08 19:32:45','2015-07-08 19:32:45'),(576,28,41,1,1,1,1,'2015-07-08 19:32:45','2015-07-08 19:32:45'),(577,6,41,1,1,1,1,'2015-07-08 19:32:45','2015-07-08 19:32:45'),(578,29,41,0,0,0,0,'2015-07-08 19:32:45','2015-07-08 19:32:45'),(579,30,41,0,0,0,0,'2015-07-08 19:32:45','2015-07-08 19:32:45'),(580,9,41,1,1,1,1,'2015-07-08 19:32:45','2015-07-08 19:32:45'),(581,31,41,0,0,0,0,'2015-07-08 19:32:45','2015-07-08 19:32:45'),(582,10,41,1,1,1,1,'2015-07-08 19:32:45','2015-07-08 19:32:45'),(583,11,41,1,1,1,1,'2015-07-08 19:32:45','2015-07-08 19:32:45'),(584,14,41,1,1,1,1,'2015-07-08 19:32:45','2015-07-08 19:32:45'),(585,32,41,0,0,0,0,'2015-07-08 19:32:45','2015-07-08 19:32:45'),(586,33,41,0,0,0,0,'2015-07-08 19:32:46','2015-07-08 19:32:46'),(587,34,41,0,0,0,0,'2015-07-08 19:32:46','2015-07-08 19:32:46'),(588,15,41,1,1,1,1,'2015-07-08 19:32:46','2015-07-08 19:32:46'),(589,35,41,0,0,0,0,'2015-07-08 19:32:46','2015-07-08 19:32:46'),(590,16,41,1,1,1,1,'2015-07-08 19:32:46','2015-07-08 19:32:46'),(591,36,41,0,0,0,0,'2015-07-08 19:32:46','2015-07-08 19:32:46'),(592,17,41,1,1,1,1,'2015-07-08 19:32:46','2015-07-08 19:32:46'),(593,37,41,0,0,0,0,'2015-07-08 19:32:46','2015-07-08 19:32:46'),(594,38,41,0,0,0,0,'2015-07-08 19:32:46','2015-07-08 19:32:46'),(595,18,41,1,1,1,1,'2015-07-08 19:32:46','2015-07-08 19:32:46'),(596,19,41,1,1,1,1,'2015-07-08 19:32:46','2015-07-08 19:32:46'),(597,39,41,0,0,0,0,'2015-07-08 19:32:46','2015-07-08 19:32:46'),(598,22,41,1,1,1,1,'2015-07-08 19:32:46','2015-07-08 19:32:46'),(599,25,41,0,0,0,0,'2015-07-08 19:32:46','2015-07-08 19:32:46'),(600,26,41,1,1,1,1,'2015-07-08 19:32:46','2015-07-08 19:32:46'),(601,1,102,1,1,1,1,'2015-07-08 19:32:46','2015-07-08 19:32:46'),(602,3,102,1,1,1,1,'2015-07-08 19:32:46','2015-07-08 19:32:46'),(603,5,102,1,1,1,1,'2015-07-08 19:32:46','2015-07-08 19:32:46'),(604,6,102,1,1,1,1,'2015-07-08 19:32:46','2015-07-08 19:32:46'),(605,9,102,1,1,1,1,'2015-07-08 19:32:46','2015-07-08 19:32:46'),(606,10,102,1,1,1,1,'2015-07-08 19:32:46','2015-07-08 19:32:46'),(607,14,102,1,1,1,1,'2015-07-08 19:32:46','2015-07-08 19:32:46'),(608,16,102,1,1,1,1,'2015-07-08 19:32:46','2015-07-08 19:32:46'),(609,18,102,1,1,1,1,'2015-07-08 19:32:46','2015-07-08 19:32:46'),(610,19,102,1,1,1,1,'2015-07-08 19:32:46','2015-07-08 19:32:46'),(611,22,102,1,1,1,1,'2015-07-08 19:32:46','2015-07-08 19:32:46'),(612,25,102,1,1,1,1,'2015-07-08 19:32:46','2015-07-08 19:32:46'),(613,1,1,0,0,0,0,'2015-07-08 19:32:47','2015-07-08 19:32:47'),(614,2,1,1,0,0,0,'2015-07-08 19:32:47','2015-07-08 19:32:47'),(615,3,1,1,0,0,0,'2015-07-08 19:32:47','2015-07-08 19:32:47'),(616,4,1,0,1,1,0,'2015-07-08 19:32:47','2015-07-08 19:32:47'),(617,5,1,0,0,0,1,'2015-07-08 19:32:47','2015-07-08 19:32:47'),(618,6,1,0,0,0,0,'2015-07-08 19:32:47','2015-07-08 19:32:47'),(619,7,1,1,1,1,1,'2015-07-08 19:32:47','2015-07-08 19:32:47'),(620,8,1,0,0,0,0,'2015-07-08 19:32:47','2015-07-08 19:32:47'),(621,9,1,0,0,0,0,'2015-07-08 19:32:47','2015-07-08 19:32:47'),(622,10,1,0,0,0,0,'2015-07-08 19:32:48','2015-07-08 19:32:48'),(623,11,1,0,0,0,0,'2015-07-08 19:32:48','2015-07-08 19:32:48'),(624,12,1,0,0,0,0,'2015-07-08 19:32:48','2015-07-08 19:32:48'),(625,13,1,0,0,0,0,'2015-07-08 19:32:48','2015-07-08 19:32:48'),(626,14,1,0,0,0,0,'2015-07-08 19:32:48','2015-07-08 19:32:48'),(627,15,1,0,0,0,0,'2015-07-08 19:32:48','2015-07-08 19:32:48'),(628,16,1,0,0,0,0,'2015-07-08 19:32:48','2015-07-08 19:32:48'),(629,17,1,0,0,0,0,'2015-07-08 19:32:48','2015-07-08 19:32:48'),(630,18,1,0,0,0,0,'2015-07-08 19:32:48','2015-07-08 19:32:48'),(631,19,1,0,0,0,0,'2015-07-08 19:32:48','2015-07-08 19:32:48'),(632,20,1,0,0,0,0,'2015-07-08 19:32:48','2015-07-08 19:32:48'),(633,21,1,0,0,0,0,'2015-07-08 19:32:48','2015-07-08 19:32:48'),(634,22,1,0,0,0,0,'2015-07-08 19:32:48','2015-07-08 19:32:48'),(635,23,1,0,0,0,0,'2015-07-08 19:32:48','2015-07-08 19:32:48'),(636,24,1,0,0,0,0,'2015-07-08 19:32:48','2015-07-08 19:32:48'),(637,25,1,0,0,0,0,'2015-07-08 19:32:48','2015-07-08 19:32:48'),(638,26,1,0,0,0,0,'2015-07-08 19:32:48','2015-07-08 19:32:48'),(639,1,103,1,1,1,1,'2015-07-08 19:32:48','2015-07-08 19:32:48'),(640,3,103,1,1,1,1,'2015-07-08 19:32:48','2015-07-08 19:32:48'),(641,5,103,1,1,1,1,'2015-07-08 19:32:49','2015-07-08 19:32:49'),(642,6,103,1,1,1,1,'2015-07-08 19:32:49','2015-07-08 19:32:49'),(643,9,103,0,0,0,0,'2015-07-08 19:32:49','2015-07-08 19:32:49'),(644,10,103,1,1,1,1,'2015-07-08 19:32:49','2015-07-08 19:32:49'),(645,14,103,1,1,1,1,'2015-07-08 19:32:49','2015-07-08 19:32:49'),(646,16,103,1,1,1,1,'2015-07-08 19:32:49','2015-07-08 19:32:49'),(647,18,103,1,1,1,1,'2015-07-08 19:32:49','2015-07-08 19:32:49'),(648,19,103,1,1,1,1,'2015-07-08 19:32:49','2015-07-08 19:32:49'),(649,22,103,1,1,1,1,'2015-07-08 19:32:49','2015-07-08 19:32:49'),(650,25,103,1,1,1,1,'2015-07-08 19:32:49','2015-07-08 19:32:49'),(651,1,2,1,1,1,1,'2015-07-08 19:32:49','2015-07-08 19:32:49'),(652,2,2,1,1,1,1,'2015-07-08 19:32:49','2015-07-08 19:32:49'),(653,3,2,1,1,1,1,'2015-07-08 19:32:49','2015-07-08 19:32:49'),(654,4,2,1,1,1,1,'2015-07-08 19:32:49','2015-07-08 19:32:49'),(655,5,2,1,1,1,1,'2015-07-08 19:32:49','2015-07-08 19:32:49'),(656,6,2,1,1,1,1,'2015-07-08 19:32:49','2015-07-08 19:32:49'),(657,7,2,1,1,1,1,'2015-07-08 19:32:49','2015-07-08 19:32:49'),(658,8,2,1,1,1,1,'2015-07-08 19:32:49','2015-07-08 19:32:49'),(659,9,2,1,1,1,1,'2015-07-08 19:32:49','2015-07-08 19:32:49'),(660,10,2,1,1,1,1,'2015-07-08 19:32:49','2015-07-08 19:32:49'),(661,11,2,1,1,1,1,'2015-07-08 19:32:49','2015-07-08 19:32:49'),(662,12,2,1,1,1,1,'2015-07-08 19:32:49','2015-07-08 19:32:49'),(663,13,2,1,1,1,1,'2015-07-08 19:32:49','2015-07-08 19:32:49'),(664,14,2,1,1,1,1,'2015-07-08 19:32:49','2015-07-08 19:32:49'),(665,15,2,1,1,1,1,'2015-07-08 19:32:49','2015-07-08 19:32:49'),(666,16,2,0,0,0,0,'2015-07-08 19:32:49','2015-07-08 19:32:49'),(667,17,2,1,1,1,1,'2015-07-08 19:32:49','2015-07-08 19:32:49'),(668,18,2,1,1,1,1,'2015-07-08 19:32:49','2015-07-08 19:32:49'),(669,19,2,1,1,1,1,'2015-07-08 19:32:50','2015-07-08 19:32:50'),(670,20,2,1,1,1,1,'2015-07-08 19:32:50','2015-07-08 19:32:50'),(671,21,2,1,1,1,1,'2015-07-08 19:32:50','2015-07-08 19:32:50'),(672,22,2,1,1,1,1,'2015-07-08 19:32:50','2015-07-08 19:32:50'),(673,23,2,1,1,1,1,'2015-07-08 19:32:50','2015-07-08 19:32:50'),(674,24,2,1,1,1,1,'2015-07-08 19:32:50','2015-07-08 19:32:50'),(675,25,2,1,1,1,1,'2015-07-08 19:32:50','2015-07-08 19:32:50'),(676,26,2,1,1,1,1,'2015-07-08 19:32:50','2015-07-08 19:32:50'),(677,1,104,0,0,0,0,'2015-07-08 19:32:50','2015-07-08 19:32:50'),(678,3,104,1,1,1,1,'2015-07-08 19:32:50','2015-07-08 19:32:50'),(679,5,104,1,1,1,1,'2015-07-08 19:32:50','2015-07-08 19:32:50'),(680,6,104,1,1,1,1,'2015-07-08 19:32:50','2015-07-08 19:32:50'),(681,9,104,1,1,1,1,'2015-07-08 19:32:50','2015-07-08 19:32:50'),(682,10,104,1,1,1,1,'2015-07-08 19:32:50','2015-07-08 19:32:50'),(683,14,104,1,1,1,1,'2015-07-08 19:32:50','2015-07-08 19:32:50'),(684,16,104,1,1,1,1,'2015-07-08 19:32:50','2015-07-08 19:32:50'),(685,18,104,1,1,1,1,'2015-07-08 19:32:50','2015-07-08 19:32:50'),(686,19,104,1,1,1,1,'2015-07-08 19:32:50','2015-07-08 19:32:50'),(687,22,104,1,1,1,1,'2015-07-08 19:32:50','2015-07-08 19:32:50'),(688,25,104,1,1,1,1,'2015-07-08 19:32:50','2015-07-08 19:32:50'),(689,1,3,0,0,0,0,'2015-07-08 19:32:50','2015-07-08 19:32:50'),(690,2,3,1,1,1,1,'2015-07-08 19:32:50','2015-07-08 19:32:50'),(691,3,3,1,1,1,1,'2015-07-08 19:32:50','2015-07-08 19:32:50'),(692,4,3,1,1,1,1,'2015-07-08 19:32:51','2015-07-08 19:32:51'),(693,5,3,1,1,1,1,'2015-07-08 19:32:51','2015-07-08 19:32:51'),(694,6,3,1,1,1,1,'2015-07-08 19:32:51','2015-07-08 19:32:51'),(695,7,3,0,0,0,0,'2015-07-08 19:32:51','2015-07-08 19:32:51'),(696,8,3,1,1,1,1,'2015-07-08 19:32:51','2015-07-08 19:32:51'),(697,9,3,0,0,0,0,'2015-07-08 19:32:51','2015-07-08 19:32:51'),(698,10,3,1,1,1,1,'2015-07-08 19:32:51','2015-07-08 19:32:51'),(699,11,3,0,0,0,0,'2015-07-08 19:32:51','2015-07-08 19:32:51'),(700,12,3,0,0,0,0,'2015-07-08 19:32:51','2015-07-08 19:32:51'),(701,13,3,1,1,1,1,'2015-07-08 19:32:51','2015-07-08 19:32:51'),(702,14,3,1,1,1,1,'2015-07-08 19:32:51','2015-07-08 19:32:51'),(703,15,3,1,1,1,1,'2015-07-08 19:32:51','2015-07-08 19:32:51'),(704,16,3,1,1,1,1,'2015-07-08 19:32:51','2015-07-08 19:32:51'),(705,17,3,0,0,0,0,'2015-07-08 19:32:51','2015-07-08 19:32:51'),(706,18,3,1,1,1,1,'2015-07-08 19:32:51','2015-07-08 19:32:51'),(707,19,3,1,1,1,1,'2015-07-08 19:32:51','2015-07-08 19:32:51'),(708,20,3,1,1,1,1,'2015-07-08 19:32:51','2015-07-08 19:32:51'),(709,21,3,1,1,1,1,'2015-07-08 19:32:51','2015-07-08 19:32:51'),(710,22,3,1,1,1,1,'2015-07-08 19:32:51','2015-07-08 19:32:51'),(711,23,3,1,1,1,1,'2015-07-08 19:32:51','2015-07-08 19:32:51'),(712,24,3,1,1,1,1,'2015-07-08 19:32:51','2015-07-08 19:32:51'),(713,25,3,1,1,1,1,'2015-07-08 19:32:51','2015-07-08 19:32:51'),(714,26,3,1,1,1,1,'2015-07-08 19:32:51','2015-07-08 19:32:51'),(715,1,105,0,0,0,0,'2015-07-08 19:32:51','2015-07-08 19:32:51'),(716,3,105,1,1,1,1,'2015-07-08 19:32:51','2015-07-08 19:32:51'),(717,5,105,1,1,1,1,'2015-07-08 19:32:51','2015-07-08 19:32:51'),(718,6,105,1,1,1,1,'2015-07-08 19:32:51','2015-07-08 19:32:51'),(719,9,105,0,0,0,0,'2015-07-08 19:32:52','2015-07-08 19:32:52'),(720,10,105,1,1,1,1,'2015-07-08 19:32:52','2015-07-08 19:32:52'),(721,14,105,1,1,1,1,'2015-07-08 19:32:52','2015-07-08 19:32:52'),(722,16,105,0,1,1,1,'2015-07-08 19:32:52','2015-07-08 19:32:52'),(723,18,105,1,1,1,1,'2015-07-08 19:32:52','2015-07-08 19:32:52'),(724,19,105,1,1,1,1,'2015-07-08 19:32:52','2015-07-08 19:32:52'),(725,22,105,1,1,1,1,'2015-07-08 19:32:52','2015-07-08 19:32:52'),(726,25,105,0,0,0,0,'2015-07-08 19:32:52','2015-07-08 19:32:52'),(727,1,4,0,0,0,0,'2015-07-08 19:32:52','2015-07-08 19:32:52'),(728,2,4,0,0,0,0,'2015-07-08 19:32:52','2015-07-08 19:32:52'),(729,3,4,1,1,1,1,'2015-07-08 19:32:52','2015-07-08 19:32:52'),(730,4,4,1,1,1,1,'2015-07-08 19:32:52','2015-07-08 19:32:52'),(731,5,4,0,0,0,0,'2015-07-08 19:32:52','2015-07-08 19:32:52'),(732,6,4,1,1,1,1,'2015-07-08 19:32:52','2015-07-08 19:32:52'),(733,7,4,1,1,1,1,'2015-07-08 19:32:52','2015-07-08 19:32:52'),(734,8,4,1,1,1,1,'2015-07-08 19:32:52','2015-07-08 19:32:52'),(735,9,4,1,1,1,1,'2015-07-08 19:32:52','2015-07-08 19:32:52'),(736,10,4,1,1,1,1,'2015-07-08 19:32:52','2015-07-08 19:32:52'),(737,11,4,1,1,1,1,'2015-07-08 19:32:52','2015-07-08 19:32:52'),(738,12,4,0,0,0,0,'2015-07-08 19:32:52','2015-07-08 19:32:52'),(739,13,4,1,1,1,1,'2015-07-08 19:32:52','2015-07-08 19:32:52'),(740,14,4,0,0,0,0,'2015-07-08 19:32:53','2015-07-08 19:32:53'),(741,15,4,0,0,0,0,'2015-07-08 19:32:53','2015-07-08 19:32:53'),(742,16,4,0,0,0,0,'2015-07-08 19:32:53','2015-07-08 19:32:53'),(743,17,4,1,1,1,1,'2015-07-08 19:32:53','2015-07-08 19:32:53'),(744,18,4,1,1,1,1,'2015-07-08 19:32:53','2015-07-08 19:32:53'),(745,19,4,1,1,1,1,'2015-07-08 19:32:53','2015-07-08 19:32:53'),(746,20,4,1,1,1,1,'2015-07-08 19:32:53','2015-07-08 19:32:53'),(747,21,4,1,1,1,1,'2015-07-08 19:32:53','2015-07-08 19:32:53'),(748,22,4,1,1,1,1,'2015-07-08 19:32:53','2015-07-08 19:32:53'),(749,23,4,1,1,1,1,'2015-07-08 19:32:53','2015-07-08 19:32:53'),(750,24,4,1,1,1,1,'2015-07-08 19:32:53','2015-07-08 19:32:53'),(751,25,4,1,1,1,1,'2015-07-08 19:32:53','2015-07-08 19:32:53'),(752,26,4,1,1,0,0,'2015-07-08 19:32:53','2015-07-08 19:32:53'),(753,1,106,0,0,0,0,'2015-07-08 19:32:53','2015-07-08 19:32:53'),(754,3,106,1,1,1,1,'2015-07-08 19:32:53','2015-07-08 19:32:53'),(755,5,106,1,1,1,1,'2015-07-08 19:32:53','2015-07-08 19:32:53'),(756,6,106,1,1,1,1,'2015-07-08 19:32:53','2015-07-08 19:32:53'),(757,9,106,1,1,1,1,'2015-07-08 19:32:53','2015-07-08 19:32:53'),(758,10,106,1,1,1,1,'2015-07-08 19:32:53','2015-07-08 19:32:53'),(759,14,106,0,0,0,0,'2015-07-08 19:32:53','2015-07-08 19:32:53'),(760,16,106,0,0,0,0,'2015-07-08 19:32:53','2015-07-08 19:32:53'),(761,18,106,0,0,0,0,'2015-07-08 19:32:53','2015-07-08 19:32:53'),(762,19,106,1,1,1,1,'2015-07-08 19:32:53','2015-07-08 19:32:53'),(763,22,106,0,0,0,0,'2015-07-08 19:32:53','2015-07-08 19:32:53'),(764,25,106,1,1,1,1,'2015-07-08 19:32:53','2015-07-08 19:32:53'),(765,1,5,0,0,0,0,'2015-07-08 19:32:54','2015-07-08 19:32:54'),(766,2,5,1,1,1,1,'2015-07-08 19:32:54','2015-07-08 19:32:54'),(767,3,5,1,1,1,1,'2015-07-08 19:32:54','2015-07-08 19:32:54'),(768,4,5,1,1,1,1,'2015-07-08 19:32:54','2015-07-08 19:32:54'),(769,5,5,1,1,1,1,'2015-07-08 19:32:54','2015-07-08 19:32:54'),(770,6,5,1,1,1,1,'2015-07-08 19:32:54','2015-07-08 19:32:54'),(771,7,5,1,1,1,1,'2015-07-08 19:32:54','2015-07-08 19:32:54'),(772,8,5,1,1,1,1,'2015-07-08 19:32:54','2015-07-08 19:32:54'),(773,9,5,1,1,1,1,'2015-07-08 19:32:54','2015-07-08 19:32:54'),(774,10,5,1,1,1,1,'2015-07-08 19:32:54','2015-07-08 19:32:54'),(775,11,5,1,1,1,1,'2015-07-08 19:32:54','2015-07-08 19:32:54'),(776,12,5,0,0,0,0,'2015-07-08 19:32:54','2015-07-08 19:32:54'),(777,13,5,0,0,0,0,'2015-07-08 19:32:54','2015-07-08 19:32:54'),(778,14,5,1,1,1,1,'2015-07-08 19:32:54','2015-07-08 19:32:54'),(779,15,5,1,1,1,1,'2015-07-08 19:32:54','2015-07-08 19:32:54'),(780,16,5,1,1,1,1,'2015-07-08 19:32:54','2015-07-08 19:32:54'),(781,17,5,1,1,1,1,'2015-07-08 19:32:54','2015-07-08 19:32:54'),(782,18,5,1,1,1,1,'2015-07-08 19:32:54','2015-07-08 19:32:54'),(783,19,5,1,1,1,1,'2015-07-08 19:32:54','2015-07-08 19:32:54'),(784,20,5,1,1,1,1,'2015-07-08 19:32:55','2015-07-08 19:32:55'),(785,21,5,1,1,1,1,'2015-07-08 19:32:55','2015-07-08 19:32:55'),(786,22,5,1,1,1,1,'2015-07-08 19:32:55','2015-07-08 19:32:55'),(787,23,5,1,1,1,1,'2015-07-08 19:32:55','2015-07-08 19:32:55'),(788,24,5,1,1,1,1,'2015-07-08 19:32:55','2015-07-08 19:32:55'),(789,25,5,1,1,1,1,'2015-07-08 19:32:55','2015-07-08 19:32:55'),(790,26,5,1,1,1,1,'2015-07-08 19:32:55','2015-07-08 19:32:55'),(791,1,107,0,0,0,0,'2015-07-08 19:32:55','2015-07-08 19:32:55'),(792,3,107,1,1,1,1,'2015-07-08 19:32:55','2015-07-08 19:32:55'),(793,5,107,1,1,1,1,'2015-07-08 19:32:55','2015-07-08 19:32:55'),(794,6,107,1,1,1,1,'2015-07-08 19:32:55','2015-07-08 19:32:55'),(795,9,107,0,0,0,0,'2015-07-08 19:32:55','2015-07-08 19:32:55'),(796,10,107,0,0,0,0,'2015-07-08 19:32:55','2015-07-08 19:32:55'),(797,14,107,1,1,1,1,'2015-07-08 19:32:55','2015-07-08 19:32:55'),(798,16,107,0,0,0,0,'2015-07-08 19:32:55','2015-07-08 19:32:55'),(799,18,107,1,1,1,1,'2015-07-08 19:32:55','2015-07-08 19:32:55'),(800,19,107,1,1,1,1,'2015-07-08 19:32:55','2015-07-08 19:32:55'),(801,22,107,1,1,1,1,'2015-07-08 19:32:55','2015-07-08 19:32:55'),(802,25,107,1,1,1,1,'2015-07-08 19:32:55','2015-07-08 19:32:55'),(803,1,6,0,0,0,0,'2015-07-08 19:32:55','2015-07-08 19:32:55'),(804,2,6,1,1,1,1,'2015-07-08 19:32:55','2015-07-08 19:32:55'),(805,3,6,1,1,1,1,'2015-07-08 19:32:55','2015-07-08 19:32:55'),(806,4,6,1,1,1,1,'2015-07-08 19:32:55','2015-07-08 19:32:55'),(807,5,6,1,1,1,1,'2015-07-08 19:32:55','2015-07-08 19:32:55'),(808,6,6,1,1,1,1,'2015-07-08 19:32:56','2015-07-08 19:32:56'),(809,7,6,1,1,1,1,'2015-07-08 19:32:56','2015-07-08 19:32:56'),(810,8,6,0,0,0,0,'2015-07-08 19:32:56','2015-07-08 19:32:56'),(811,9,6,0,0,0,0,'2015-07-08 19:32:56','2015-07-08 19:32:56'),(812,10,6,1,1,1,1,'2015-07-08 19:32:56','2015-07-08 19:32:56'),(813,11,6,1,1,1,1,'2015-07-08 19:32:56','2015-07-08 19:32:56'),(814,12,6,0,0,0,0,'2015-07-08 19:32:56','2015-07-08 19:32:56'),(815,13,6,1,1,1,1,'2015-07-08 19:32:56','2015-07-08 19:32:56'),(816,14,6,1,1,1,1,'2015-07-08 19:32:56','2015-07-08 19:32:56'),(817,15,6,1,1,1,1,'2015-07-08 19:32:56','2015-07-08 19:32:56'),(818,16,6,0,0,0,0,'2015-07-08 19:32:56','2015-07-08 19:32:56'),(819,17,6,0,0,0,0,'2015-07-08 19:32:56','2015-07-08 19:32:56'),(820,18,6,1,1,1,1,'2015-07-08 19:32:56','2015-07-08 19:32:56'),(821,19,6,1,1,1,1,'2015-07-08 19:32:56','2015-07-08 19:32:56'),(822,20,6,0,0,0,0,'2015-07-08 19:32:56','2015-07-08 19:32:56'),(823,21,6,1,1,1,1,'2015-07-08 19:32:56','2015-07-08 19:32:56'),(824,22,6,1,1,1,1,'2015-07-08 19:32:56','2015-07-08 19:32:56'),(825,23,6,1,1,1,1,'2015-07-08 19:32:56','2015-07-08 19:32:56'),(826,24,6,1,1,1,1,'2015-07-08 19:32:56','2015-07-08 19:32:56'),(827,25,6,1,1,1,1,'2015-07-08 19:32:56','2015-07-08 19:32:56'),(828,26,6,1,1,1,1,'2015-07-08 19:32:56','2015-07-08 19:32:56'),(829,1,108,0,0,0,0,'2015-07-08 19:32:56','2015-07-08 19:32:56'),(830,3,108,1,1,1,1,'2015-07-08 19:32:56','2015-07-08 19:32:56'),(831,5,108,0,0,0,0,'2015-07-08 19:32:56','2015-07-08 19:32:56'),(832,6,108,1,1,1,1,'2015-07-08 19:32:56','2015-07-08 19:32:56'),(833,9,108,1,1,1,1,'2015-07-08 19:32:56','2015-07-08 19:32:56'),(834,10,108,0,0,0,0,'2015-07-08 19:32:56','2015-07-08 19:32:56'),(835,14,108,1,1,1,1,'2015-07-08 19:32:57','2015-07-08 19:32:57'),(836,16,108,0,0,0,0,'2015-07-08 19:32:57','2015-07-08 19:32:57'),(837,18,108,1,1,1,1,'2015-07-08 19:32:57','2015-07-08 19:32:57'),(838,19,108,0,0,0,0,'2015-07-08 19:32:57','2015-07-08 19:32:57'),(839,22,108,1,1,1,1,'2015-07-08 19:32:57','2015-07-08 19:32:57'),(840,25,108,1,1,1,1,'2015-07-08 19:32:57','2015-07-08 19:32:57'),(841,1,7,0,0,0,0,'2015-07-08 19:32:57','2015-07-08 19:32:57'),(842,2,7,1,1,1,1,'2015-07-08 19:32:57','2015-07-08 19:32:57'),(843,3,7,1,1,1,1,'2015-07-08 19:32:57','2015-07-08 19:32:57'),(844,4,7,1,1,1,1,'2015-07-08 19:32:57','2015-07-08 19:32:57'),(845,5,7,1,1,1,1,'2015-07-08 19:32:57','2015-07-08 19:32:57'),(846,6,7,1,1,1,1,'2015-07-08 19:32:57','2015-07-08 19:32:57'),(847,7,7,1,1,1,1,'2015-07-08 19:32:57','2015-07-08 19:32:57'),(848,8,7,1,1,1,1,'2015-07-08 19:32:57','2015-07-08 19:32:57'),(849,9,7,0,0,0,0,'2015-07-08 19:32:57','2015-07-08 19:32:57'),(850,10,7,1,1,1,1,'2015-07-08 19:32:57','2015-07-08 19:32:57'),(851,11,7,1,1,1,1,'2015-07-08 19:32:57','2015-07-08 19:32:57'),(852,12,7,0,0,0,0,'2015-07-08 19:32:57','2015-07-08 19:32:57'),(853,13,7,1,1,1,1,'2015-07-08 19:32:57','2015-07-08 19:32:57'),(854,14,7,1,1,1,1,'2015-07-08 19:32:57','2015-07-08 19:32:57'),(855,15,7,1,1,1,1,'2015-07-08 19:32:58','2015-07-08 19:32:58'),(856,16,7,0,0,0,0,'2015-07-08 19:32:58','2015-07-08 19:32:58'),(857,17,7,1,1,1,1,'2015-07-08 19:32:58','2015-07-08 19:32:58'),(858,18,7,1,1,1,1,'2015-07-08 19:32:58','2015-07-08 19:32:58'),(859,19,7,1,1,1,1,'2015-07-08 19:32:58','2015-07-08 19:32:58'),(860,20,7,1,1,1,1,'2015-07-08 19:32:58','2015-07-08 19:32:58'),(861,21,7,1,1,1,1,'2015-07-08 19:32:58','2015-07-08 19:32:58'),(862,22,7,1,1,1,1,'2015-07-08 19:32:58','2015-07-08 19:32:58'),(863,23,7,1,1,1,1,'2015-07-08 19:32:58','2015-07-08 19:32:58'),(864,24,7,1,1,1,1,'2015-07-08 19:32:58','2015-07-08 19:32:58'),(865,25,7,1,1,1,1,'2015-07-08 19:32:58','2015-07-08 19:32:58'),(866,26,7,1,1,1,1,'2015-07-08 19:32:58','2015-07-08 19:32:58'),(867,1,109,0,0,0,0,'2015-07-08 19:32:58','2015-07-08 19:32:58'),(868,3,109,1,1,1,1,'2015-07-08 19:32:58','2015-07-08 19:32:58'),(869,5,109,1,1,1,1,'2015-07-08 19:32:58','2015-07-08 19:32:58'),(870,6,109,1,1,1,1,'2015-07-08 19:32:58','2015-07-08 19:32:58'),(871,9,109,1,1,0,0,'2015-07-08 19:32:59','2015-07-08 19:32:59'),(872,10,109,0,0,0,0,'2015-07-08 19:32:59','2015-07-08 19:32:59'),(873,14,109,0,0,0,0,'2015-07-08 19:32:59','2015-07-08 19:32:59'),(874,16,109,0,0,0,0,'2015-07-08 19:32:59','2015-07-08 19:32:59'),(875,18,109,1,1,1,1,'2015-07-08 19:32:59','2015-07-08 19:32:59'),(876,19,109,1,1,1,1,'2015-07-08 19:32:59','2015-07-08 19:32:59'),(877,22,109,1,1,1,1,'2015-07-08 19:32:59','2015-07-08 19:32:59'),(878,25,109,1,1,1,1,'2015-07-08 19:32:59','2015-07-08 19:32:59'),(879,1,8,0,0,0,0,'2015-07-08 19:32:59','2015-07-08 19:32:59'),(880,2,8,1,1,1,1,'2015-07-08 19:32:59','2015-07-08 19:32:59'),(881,3,8,1,1,1,1,'2015-07-08 19:32:59','2015-07-08 19:32:59'),(882,4,8,1,1,1,1,'2015-07-08 19:32:59','2015-07-08 19:32:59'),(883,5,8,1,1,1,1,'2015-07-08 19:32:59','2015-07-08 19:32:59'),(884,6,8,1,1,1,1,'2015-07-08 19:32:59','2015-07-08 19:32:59'),(885,7,8,1,1,1,1,'2015-07-08 19:32:59','2015-07-08 19:32:59'),(886,8,8,1,1,1,1,'2015-07-08 19:32:59','2015-07-08 19:32:59'),(887,9,8,0,0,0,0,'2015-07-08 19:32:59','2015-07-08 19:32:59'),(888,10,8,1,1,1,1,'2015-07-08 19:32:59','2015-07-08 19:32:59'),(889,11,8,1,1,1,1,'2015-07-08 19:32:59','2015-07-08 19:32:59'),(890,12,8,0,0,0,0,'2015-07-08 19:32:59','2015-07-08 19:32:59'),(891,13,8,0,0,0,0,'2015-07-08 19:32:59','2015-07-08 19:32:59'),(892,14,8,1,1,1,1,'2015-07-08 19:33:00','2015-07-08 19:33:00'),(893,15,8,1,1,1,1,'2015-07-08 19:33:00','2015-07-08 19:33:00'),(894,16,8,0,0,0,0,'2015-07-08 19:33:00','2015-07-08 19:33:00'),(895,17,8,1,1,1,1,'2015-07-08 19:33:00','2015-07-08 19:33:00'),(896,18,8,1,1,1,1,'2015-07-08 19:33:00','2015-07-08 19:33:00'),(897,19,8,1,1,1,1,'2015-07-08 19:33:00','2015-07-08 19:33:00'),(898,20,8,1,1,1,1,'2015-07-08 19:33:00','2015-07-08 19:33:00'),(899,21,8,1,1,1,1,'2015-07-08 19:33:00','2015-07-08 19:33:00'),(900,22,8,1,1,1,1,'2015-07-08 19:33:00','2015-07-08 19:33:00'),(901,23,8,1,1,1,1,'2015-07-08 19:33:00','2015-07-08 19:33:00'),(902,24,8,1,1,1,1,'2015-07-08 19:33:00','2015-07-08 19:33:00'),(903,25,8,1,1,1,1,'2015-07-08 19:33:00','2015-07-08 19:33:00'),(904,26,8,1,1,1,1,'2015-07-08 19:33:00','2015-07-08 19:33:00'),(905,1,110,0,0,0,0,'2015-07-08 19:33:00','2015-07-08 19:33:00'),(906,3,110,1,1,1,1,'2015-07-08 19:33:00','2015-07-08 19:33:00'),(907,5,110,1,1,1,1,'2015-07-08 19:33:00','2015-07-08 19:33:00'),(908,6,110,1,1,1,1,'2015-07-08 19:33:00','2015-07-08 19:33:00'),(909,9,110,0,0,0,0,'2015-07-08 19:33:00','2015-07-08 19:33:00'),(910,10,110,1,1,1,1,'2015-07-08 19:33:00','2015-07-08 19:33:00'),(911,14,110,1,1,1,1,'2015-07-08 19:33:00','2015-07-08 19:33:00'),(912,16,110,1,1,1,1,'2015-07-08 19:33:00','2015-07-08 19:33:00'),(913,18,110,1,1,1,1,'2015-07-08 19:33:00','2015-07-08 19:33:00'),(914,19,110,1,1,1,1,'2015-07-08 19:33:00','2015-07-08 19:33:00'),(915,22,110,1,1,1,1,'2015-07-08 19:33:00','2015-07-08 19:33:00'),(916,25,110,1,1,1,1,'2015-07-08 19:33:00','2015-07-08 19:33:00'),(917,1,9,0,0,0,0,'2015-07-08 19:33:00','2015-07-08 19:33:00'),(918,2,9,1,1,1,1,'2015-07-08 19:33:01','2015-07-08 19:33:01'),(919,3,9,1,1,1,1,'2015-07-08 19:33:01','2015-07-08 19:33:01'),(920,4,9,1,1,1,1,'2015-07-08 19:33:01','2015-07-08 19:33:01'),(921,5,9,1,1,1,1,'2015-07-08 19:33:01','2015-07-08 19:33:01'),(922,6,9,1,1,1,1,'2015-07-08 19:33:01','2015-07-08 19:33:01'),(923,7,9,1,1,1,1,'2015-07-08 19:33:01','2015-07-08 19:33:01'),(924,8,9,1,1,1,1,'2015-07-08 19:33:01','2015-07-08 19:33:01'),(925,9,9,1,1,1,1,'2015-07-08 19:33:01','2015-07-08 19:33:01'),(926,10,9,1,1,1,1,'2015-07-08 19:33:01','2015-07-08 19:33:01'),(927,11,9,1,1,1,1,'2015-07-08 19:33:01','2015-07-08 19:33:01'),(928,12,9,0,0,0,0,'2015-07-08 19:33:01','2015-07-08 19:33:01'),(929,13,9,1,1,1,1,'2015-07-08 19:33:01','2015-07-08 19:33:01'),(930,14,9,1,1,1,1,'2015-07-08 19:33:01','2015-07-08 19:33:01'),(931,15,9,1,1,1,1,'2015-07-08 19:33:01','2015-07-08 19:33:01'),(932,16,9,1,1,1,1,'2015-07-08 19:33:01','2015-07-08 19:33:01'),(933,17,9,1,1,1,1,'2015-07-08 19:33:01','2015-07-08 19:33:01'),(934,18,9,1,1,1,1,'2015-07-08 19:33:01','2015-07-08 19:33:01'),(935,19,9,1,1,1,1,'2015-07-08 19:33:01','2015-07-08 19:33:01'),(936,20,9,1,1,1,1,'2015-07-08 19:33:02','2015-07-08 19:33:02'),(937,21,9,1,1,1,1,'2015-07-08 19:33:02','2015-07-08 19:33:02'),(938,22,9,1,1,1,1,'2015-07-08 19:33:02','2015-07-08 19:33:02'),(939,23,9,1,1,1,1,'2015-07-08 19:33:02','2015-07-08 19:33:02'),(940,24,9,1,1,1,1,'2015-07-08 19:33:02','2015-07-08 19:33:02'),(941,25,9,1,1,1,1,'2015-07-08 19:33:02','2015-07-08 19:33:02'),(942,26,9,1,1,1,1,'2015-07-08 19:33:02','2015-07-08 19:33:02'),(943,1,111,0,0,0,0,'2015-07-08 19:33:02','2015-07-08 19:33:02'),(944,3,111,1,1,1,1,'2015-07-08 19:33:02','2015-07-08 19:33:02'),(945,5,111,1,1,1,1,'2015-07-08 19:33:02','2015-07-08 19:33:02'),(946,6,111,1,1,1,1,'2015-07-08 19:33:02','2015-07-08 19:33:02'),(947,9,111,0,0,0,0,'2015-07-08 19:33:02','2015-07-08 19:33:02'),(948,10,111,1,1,1,1,'2015-07-08 19:33:02','2015-07-08 19:33:02'),(949,14,111,0,0,0,0,'2015-07-08 19:33:02','2015-07-08 19:33:02'),(950,16,111,1,1,1,1,'2015-07-08 19:33:02','2015-07-08 19:33:02'),(951,18,111,1,1,1,1,'2015-07-08 19:33:02','2015-07-08 19:33:02'),(952,19,111,0,0,0,0,'2015-07-08 19:33:02','2015-07-08 19:33:02'),(953,22,111,1,1,1,1,'2015-07-08 19:33:02','2015-07-08 19:33:02'),(954,25,111,1,1,1,1,'2015-07-08 19:33:02','2015-07-08 19:33:02'),(955,1,10,0,0,0,0,'2015-07-08 19:33:02','2015-07-08 19:33:02'),(956,2,10,1,1,1,1,'2015-07-08 19:33:02','2015-07-08 19:33:02'),(957,3,10,1,1,1,1,'2015-07-08 19:33:03','2015-07-08 19:33:03'),(958,4,10,1,1,1,1,'2015-07-08 19:33:03','2015-07-08 19:33:03'),(959,5,10,0,0,0,0,'2015-07-08 19:33:03','2015-07-08 19:33:03'),(960,6,10,1,1,1,1,'2015-07-08 19:33:03','2015-07-08 19:33:03'),(961,7,10,1,1,1,1,'2015-07-08 19:33:03','2015-07-08 19:33:03'),(962,8,10,0,0,0,0,'2015-07-08 19:33:03','2015-07-08 19:33:03'),(963,9,10,0,0,0,0,'2015-07-08 19:33:03','2015-07-08 19:33:03'),(964,10,10,1,1,1,1,'2015-07-08 19:33:03','2015-07-08 19:33:03'),(965,11,10,1,1,1,1,'2015-07-08 19:33:03','2015-07-08 19:33:03'),(966,12,10,0,0,0,0,'2015-07-08 19:33:03','2015-07-08 19:33:03'),(967,13,10,0,0,0,0,'2015-07-08 19:33:03','2015-07-08 19:33:03'),(968,14,10,1,1,1,1,'2015-07-08 19:33:03','2015-07-08 19:33:03'),(969,15,10,1,1,1,1,'2015-07-08 19:33:03','2015-07-08 19:33:03'),(970,16,10,1,1,1,1,'2015-07-08 19:33:03','2015-07-08 19:33:03'),(971,17,10,1,1,1,1,'2015-07-08 19:33:03','2015-07-08 19:33:03'),(972,18,10,1,1,1,1,'2015-07-08 19:33:03','2015-07-08 19:33:03'),(973,19,10,0,0,0,0,'2015-07-08 19:33:03','2015-07-08 19:33:03'),(974,20,10,1,1,1,1,'2015-07-08 19:33:03','2015-07-08 19:33:03'),(975,21,10,1,1,1,1,'2015-07-08 19:33:03','2015-07-08 19:33:03'),(976,22,10,1,1,1,1,'2015-07-08 19:33:03','2015-07-08 19:33:03'),(977,23,10,1,1,1,1,'2015-07-08 19:33:04','2015-07-08 19:33:04'),(978,24,10,1,1,1,1,'2015-07-08 19:33:04','2015-07-08 19:33:04'),(979,25,10,1,1,1,1,'2015-07-08 19:33:04','2015-07-08 19:33:04'),(980,26,10,1,1,1,1,'2015-07-08 19:33:04','2015-07-08 19:33:04'),(981,1,112,0,0,0,0,'2015-07-08 19:33:04','2015-07-08 19:33:04'),(982,3,112,1,1,1,1,'2015-07-08 19:33:04','2015-07-08 19:33:04'),(983,5,112,1,1,1,1,'2015-07-08 19:33:04','2015-07-08 19:33:04'),(984,6,112,0,0,0,0,'2015-07-08 19:33:04','2015-07-08 19:33:04'),(985,9,112,0,0,0,0,'2015-07-08 19:33:04','2015-07-08 19:33:04'),(986,10,112,1,1,1,1,'2015-07-08 19:33:04','2015-07-08 19:33:04'),(987,14,112,1,1,1,1,'2015-07-08 19:33:04','2015-07-08 19:33:04'),(988,16,112,1,1,1,1,'2015-07-08 19:33:04','2015-07-08 19:33:04'),(989,18,112,1,1,1,1,'2015-07-08 19:33:04','2015-07-08 19:33:04'),(990,19,112,0,0,0,0,'2015-07-08 19:33:04','2015-07-08 19:33:04'),(991,22,112,1,1,1,1,'2015-07-08 19:33:04','2015-07-08 19:33:04'),(992,25,112,1,1,1,1,'2015-07-08 19:33:04','2015-07-08 19:33:04'),(993,1,11,0,0,0,0,'2015-07-08 19:33:04','2015-07-08 19:33:04'),(994,2,11,1,1,1,1,'2015-07-08 19:33:04','2015-07-08 19:33:04'),(995,3,11,1,1,1,1,'2015-07-08 19:33:04','2015-07-08 19:33:04'),(996,4,11,1,1,1,1,'2015-07-08 19:33:04','2015-07-08 19:33:04'),(997,5,11,1,1,1,1,'2015-07-08 19:33:04','2015-07-08 19:33:04'),(998,6,11,1,1,1,1,'2015-07-08 19:33:04','2015-07-08 19:33:04'),(999,7,11,1,1,1,1,'2015-07-08 19:33:04','2015-07-08 19:33:04'),(1000,8,11,1,1,1,1,'2015-07-08 19:33:04','2015-07-08 19:33:04');
/*!40000 ALTER TABLE `chamadas` ENABLE KEYS */;
UNLOCK TABLES;

--
-- Dumping data for table `cursos`
--

LOCK TABLES `cursos` WRITE;
/*!40000 ALTER TABLE `cursos` DISABLE KEYS */;
REPLACE INTO `cursos` VALUES (1,'AUTOMAÇÃO INDUSTRIAL','AI','2015-07-08 19:32:05','2015-07-08 19:32:05',55),(2,'ANÁLISE E DESENVOLVIMENTO DE SISTEMAS','ADS','2015-07-08 19:32:05','2015-07-08 19:32:05',49),(3,'REDES DE COMPUTADORES','RC','2015-07-08 19:32:05','2015-07-08 19:32:05',54),(4,'SISTEMAS EMBARCADOS','SE','2015-07-08 19:32:05','2015-07-08 19:32:05',55),(5,'SISTEMAS DE TELECOMUNICAÇÕES','ST','2015-07-08 19:32:05','2015-07-08 19:32:05',54);
/*!40000 ALTER TABLE `cursos` ENABLE KEYS */;
UNLOCK TABLES;

--
-- Dumping data for table `cursos_alunos`
--

LOCK TABLES `cursos_alunos` WRITE;
/*!40000 ALTER TABLE `cursos_alunos` DISABLE KEYS */;
REPLACE INTO `cursos_alunos` VALUES (2,1,'0000-00-00 00:00:00','0000-00-00 00:00:00'),(2,2,'0000-00-00 00:00:00','0000-00-00 00:00:00'),(2,3,'0000-00-00 00:00:00','0000-00-00 00:00:00'),(2,5,'0000-00-00 00:00:00','0000-00-00 00:00:00'),(2,6,'0000-00-00 00:00:00','0000-00-00 00:00:00'),(2,9,'0000-00-00 00:00:00','0000-00-00 00:00:00'),(2,10,'0000-00-00 00:00:00','0000-00-00 00:00:00'),(2,11,'0000-00-00 00:00:00','0000-00-00 00:00:00'),(2,13,'0000-00-00 00:00:00','0000-00-00 00:00:00'),(2,14,'0000-00-00 00:00:00','0000-00-00 00:00:00'),(2,15,'0000-00-00 00:00:00','0000-00-00 00:00:00'),(2,16,'0000-00-00 00:00:00','0000-00-00 00:00:00'),(2,17,'0000-00-00 00:00:00','0000-00-00 00:00:00'),(2,18,'0000-00-00 00:00:00','0000-00-00 00:00:00'),(2,19,'0000-00-00 00:00:00','0000-00-00 00:00:00'),(2,22,'0000-00-00 00:00:00','0000-00-00 00:00:00'),(2,25,'0000-00-00 00:00:00','0000-00-00 00:00:00'),(2,26,'0000-00-00 00:00:00','0000-00-00 00:00:00'),(2,27,'0000-00-00 00:00:00','0000-00-00 00:00:00'),(2,28,'0000-00-00 00:00:00','0000-00-00 00:00:00'),(2,29,'0000-00-00 00:00:00','0000-00-00 00:00:00'),(2,30,'0000-00-00 00:00:00','0000-00-00 00:00:00'),(2,31,'0000-00-00 00:00:00','0000-00-00 00:00:00'),(2,32,'0000-00-00 00:00:00','0000-00-00 00:00:00'),(2,33,'0000-00-00 00:00:00','0000-00-00 00:00:00'),(2,34,'0000-00-00 00:00:00','0000-00-00 00:00:00'),(2,35,'0000-00-00 00:00:00','0000-00-00 00:00:00'),(2,36,'0000-00-00 00:00:00','0000-00-00 00:00:00'),(2,37,'0000-00-00 00:00:00','0000-00-00 00:00:00'),(2,38,'0000-00-00 00:00:00','0000-00-00 00:00:00'),(2,39,'0000-00-00 00:00:00','0000-00-00 00:00:00'),(2,40,'0000-00-00 00:00:00','0000-00-00 00:00:00'),(2,41,'0000-00-00 00:00:00','0000-00-00 00:00:00'),(2,43,'0000-00-00 00:00:00','0000-00-00 00:00:00'),(2,44,'0000-00-00 00:00:00','0000-00-00 00:00:00'),(2,45,'0000-00-00 00:00:00','0000-00-00 00:00:00'),(2,48,'0000-00-00 00:00:00','0000-00-00 00:00:00'),(3,4,'0000-00-00 00:00:00','0000-00-00 00:00:00'),(3,7,'0000-00-00 00:00:00','0000-00-00 00:00:00'),(3,12,'0000-00-00 00:00:00','0000-00-00 00:00:00'),(3,20,'0000-00-00 00:00:00','0000-00-00 00:00:00'),(3,21,'0000-00-00 00:00:00','0000-00-00 00:00:00'),(3,23,'0000-00-00 00:00:00','0000-00-00 00:00:00'),(3,24,'0000-00-00 00:00:00','0000-00-00 00:00:00'),(3,42,'0000-00-00 00:00:00','0000-00-00 00:00:00'),(5,8,'0000-00-00 00:00:00','0000-00-00 00:00:00'),(5,46,'0000-00-00 00:00:00','0000-00-00 00:00:00'),(5,47,'0000-00-00 00:00:00','0000-00-00 00:00:00');
/*!40000 ALTER TABLE `cursos_alunos` ENABLE KEYS */;
UNLOCK TABLES;

--
-- Dumping data for table `cursos_unidades_curriculares`
--

LOCK TABLES `cursos_unidades_curriculares` WRITE;
/*!40000 ALTER TABLE `cursos_unidades_curriculares` DISABLE KEYS */;
REPLACE INTO `cursos_unidades_curriculares` VALUES (2,1,'0000-00-00 00:00:00','0000-00-00 00:00:00'),(2,2,'0000-00-00 00:00:00','0000-00-00 00:00:00'),(2,3,'0000-00-00 00:00:00','0000-00-00 00:00:00'),(2,4,'0000-00-00 00:00:00','0000-00-00 00:00:00'),(2,5,'0000-00-00 00:00:00','0000-00-00 00:00:00'),(3,1,'0000-00-00 00:00:00','0000-00-00 00:00:00'),(5,1,'0000-00-00 00:00:00','0000-00-00 00:00:00');
/*!40000 ALTER TABLE `cursos_unidades_curriculares` ENABLE KEYS */;
UNLOCK TABLES;

--
-- Dumping data for table `diarios_envios`
--

LOCK TABLES `diarios_envios` WRITE;
/*!40000 ALTER TABLE `diarios_envios` DISABLE KEYS */;
/*!40000 ALTER TABLE `diarios_envios` ENABLE KEYS */;
UNLOCK TABLES;

--
-- Dumping data for table `dispositivos_aluno`
--

LOCK TABLES `dispositivos_aluno` WRITE;
/*!40000 ALTER TABLE `dispositivos_aluno` DISABLE KEYS */;
REPLACE INTO `dispositivos_aluno` VALUES (1,'111111',1,1,'2015-07-08 19:32:03','2015-07-08 19:32:03'),(2,'222222',1,2,'2015-07-08 19:32:03','2015-07-08 19:32:03'),(3,'333333',1,3,'2015-07-08 19:32:03','2015-07-08 19:32:03'),(4,'444444',1,4,'2015-07-08 19:32:03','2015-07-08 19:32:03'),(5,'555555',1,5,'2015-07-08 19:32:03','2015-07-08 19:32:03'),(6,'666666',1,6,'2015-07-08 19:32:03','2015-07-08 19:32:03'),(7,'777777',1,7,'2015-07-08 19:32:03','2015-07-08 19:32:03'),(8,'888888',1,8,'2015-07-08 19:32:03','2015-07-08 19:32:03'),(9,'999999',1,9,'2015-07-08 19:32:03','2015-07-08 19:32:03');
/*!40000 ALTER TABLE `dispositivos_aluno` ENABLE KEYS */;
UNLOCK TABLES;

--
-- Dumping data for table `dispositivos_ambiente`
--

LOCK TABLES `dispositivos_ambiente` WRITE;
/*!40000 ALTER TABLE `dispositivos_ambiente` DISABLE KEYS */;
REPLACE INTO `dispositivos_ambiente` VALUES (1,'client1id','0000-00-00 00:00:00','0000-00-00 00:00:00'),(2,'client3id','0000-00-00 00:00:00','0000-00-00 00:00:00'),(3,'client4id','0000-00-00 00:00:00','0000-00-00 00:00:00');
/*!40000 ALTER TABLE `dispositivos_ambiente` ENABLE KEYS */;
UNLOCK TABLES;

--
-- Dumping data for table `migrations`
--

LOCK TABLES `migrations` WRITE;
/*!40000 ALTER TABLE `migrations` DISABLE KEYS */;
REPLACE INTO `migrations` VALUES ('2014_04_24_110151_create_oauth_scopes_table',1),('2014_04_24_110304_create_oauth_grants_table',1),('2014_04_24_110403_create_oauth_grant_scopes_table',1),('2014_04_24_110459_create_oauth_clients_table',1),('2014_04_24_110557_create_oauth_client_endpoints_table',1),('2014_04_24_110705_create_oauth_client_scopes_table',1),('2014_04_24_110817_create_oauth_client_grants_table',1),('2014_04_24_111002_create_oauth_sessions_table',1),('2014_04_24_111109_create_oauth_session_scopes_table',1),('2014_04_24_111254_create_oauth_auth_codes_table',1),('2014_04_24_111403_create_oauth_auth_code_scopes_table',1),('2014_04_24_111518_create_oauth_access_tokens_table',1),('2014_04_24_111657_create_oauth_access_token_scopes_table',1),('2014_04_24_111810_create_oauth_refresh_tokens_table',1),('2014_10_12_000000_create_users_table',1),('2014_10_12_100000_create_password_resets_table',1),('2015_05_13_203712_create_tipos_usuarios_table',1),('2015_05_13_203905_add_tipo_usuario_id_to_usuarios',1),('2015_05_13_204103_create_professores_table',1),('2015_05_13_205424_create_alunos_table',1),('2015_05_13_205736_create_cursos_table',1),('2015_05_13_210102_create_unidades_curriculares_table',1),('2015_05_13_210222_create_turmas_table',1),('2015_05_13_210604_create_alunos_turmas_table',1),('2015_05_13_210808_create_cursos_unidades_curriculares_table',1),('2015_05_13_211235_create_professores_turmas_table',1),('2015_05_13_211408_create_cursos_alunos_table',1),('2015_05_13_211606_create_aulas_table',1),('2015_05_13_211945_create_chamadas_table',1),('2015_05_13_212447_create_status_diarios_table',1),('2015_05_14_180140_add_curso_origem_to_professores',1),('2015_05_15_115104_add_fields_to_aulas_table',1),('2015_05_22_122856_entrust_setup_tables',1),('2015_05_22_123044_remove_tipo_usuario_table',1),('2015_05_26_153726_add_curso_origem_alunos_turmas_table',1),('2015_05_26_154851_add_turno__column_to_turmas_table',1),('2015_05_26_155647_add_corrdenador_to_cursos_table',1),('2015_06_15_163041_create_diarios_envios_table',1),('2015_06_17_190218_change_professores_curso_origem_id',1),('2015_06_18_154537_change_cursos_coordenador_id',1),('2015_06_30_123217_create_tipos_ambiente_table',1),('2015_06_30_123225_create_ambientes_table',1),('2015_06_30_123313_create_tipos_dispositivos_aluno_table',1),('2015_06_30_123320_create_dispositivos_aluno_table',1),('2015_06_30_123332_create_dispositivos_ambiente_table',1),('2015_06_30_123907_add_column_ambiente_default_turmas_table',1),('2015_06_30_123933_add_column_ambiente_aulas_table',1),('2015_06_30_123955_add_column_horario_turmas_table',1),('2015_06_30_142653_add_columns_horario_aula_table',1);
/*!40000 ALTER TABLE `migrations` ENABLE KEYS */;
UNLOCK TABLES;

--
-- Dumping data for table `oauth_access_token_scopes`
--

LOCK TABLES `oauth_access_token_scopes` WRITE;
/*!40000 ALTER TABLE `oauth_access_token_scopes` DISABLE KEYS */;
/*!40000 ALTER TABLE `oauth_access_token_scopes` ENABLE KEYS */;
UNLOCK TABLES;

--
-- Dumping data for table `oauth_access_tokens`
--

LOCK TABLES `oauth_access_tokens` WRITE;
/*!40000 ALTER TABLE `oauth_access_tokens` DISABLE KEYS */;
/*!40000 ALTER TABLE `oauth_access_tokens` ENABLE KEYS */;
UNLOCK TABLES;

--
-- Dumping data for table `oauth_auth_code_scopes`
--

LOCK TABLES `oauth_auth_code_scopes` WRITE;
/*!40000 ALTER TABLE `oauth_auth_code_scopes` DISABLE KEYS */;
/*!40000 ALTER TABLE `oauth_auth_code_scopes` ENABLE KEYS */;
UNLOCK TABLES;

--
-- Dumping data for table `oauth_auth_codes`
--

LOCK TABLES `oauth_auth_codes` WRITE;
/*!40000 ALTER TABLE `oauth_auth_codes` DISABLE KEYS */;
/*!40000 ALTER TABLE `oauth_auth_codes` ENABLE KEYS */;
UNLOCK TABLES;

--
-- Dumping data for table `oauth_client_endpoints`
--

LOCK TABLES `oauth_client_endpoints` WRITE;
/*!40000 ALTER TABLE `oauth_client_endpoints` DISABLE KEYS */;
/*!40000 ALTER TABLE `oauth_client_endpoints` ENABLE KEYS */;
UNLOCK TABLES;

--
-- Dumping data for table `oauth_client_grants`
--

LOCK TABLES `oauth_client_grants` WRITE;
/*!40000 ALTER TABLE `oauth_client_grants` DISABLE KEYS */;
/*!40000 ALTER TABLE `oauth_client_grants` ENABLE KEYS */;
UNLOCK TABLES;

--
-- Dumping data for table `oauth_client_scopes`
--

LOCK TABLES `oauth_client_scopes` WRITE;
/*!40000 ALTER TABLE `oauth_client_scopes` DISABLE KEYS */;
REPLACE INTO `oauth_client_scopes` VALUES (1,'client1id','write-chamada','2015-07-08 19:31:43','2015-07-08 19:31:43'),(2,'client3id','write-chamada','2015-07-08 19:31:43','2015-07-08 19:31:43'),(3,'client4id','write-chamada','2015-07-08 19:31:43','2015-07-08 19:31:43'),(4,'client2id','read-agenda','2015-07-08 19:31:44','2015-07-08 19:31:44'),(5,'client2id','read-usuarios','2015-07-08 19:31:44','2015-07-08 19:31:44');
/*!40000 ALTER TABLE `oauth_client_scopes` ENABLE KEYS */;
UNLOCK TABLES;

--
-- Dumping data for table `oauth_clients`
--

LOCK TABLES `oauth_clients` WRITE;
/*!40000 ALTER TABLE `oauth_clients` DISABLE KEYS */;
REPLACE INTO `oauth_clients` VALUES ('client1id','client1secret','client1','2015-07-08 19:31:43','2015-07-08 19:31:43'),('client2id','client2secret','client2','2015-07-08 19:31:44','2015-07-08 19:31:44'),('client3id','client3secret','client3','2015-07-08 19:31:43','2015-07-08 19:31:43'),('client4id','client4secret','client4','2015-07-08 19:31:43','2015-07-08 19:31:43');
/*!40000 ALTER TABLE `oauth_clients` ENABLE KEYS */;
UNLOCK TABLES;

--
-- Dumping data for table `oauth_grant_scopes`
--

LOCK TABLES `oauth_grant_scopes` WRITE;
/*!40000 ALTER TABLE `oauth_grant_scopes` DISABLE KEYS */;
/*!40000 ALTER TABLE `oauth_grant_scopes` ENABLE KEYS */;
UNLOCK TABLES;

--
-- Dumping data for table `oauth_grants`
--

LOCK TABLES `oauth_grants` WRITE;
/*!40000 ALTER TABLE `oauth_grants` DISABLE KEYS */;
/*!40000 ALTER TABLE `oauth_grants` ENABLE KEYS */;
UNLOCK TABLES;

--
-- Dumping data for table `oauth_refresh_tokens`
--

LOCK TABLES `oauth_refresh_tokens` WRITE;
/*!40000 ALTER TABLE `oauth_refresh_tokens` DISABLE KEYS */;
/*!40000 ALTER TABLE `oauth_refresh_tokens` ENABLE KEYS */;
UNLOCK TABLES;

--
-- Dumping data for table `oauth_scopes`
--

LOCK TABLES `oauth_scopes` WRITE;
/*!40000 ALTER TABLE `oauth_scopes` DISABLE KEYS */;
REPLACE INTO `oauth_scopes` VALUES ('read-agenda','Permissão para ler a agenda letiva','2015-07-08 19:31:43','2015-07-08 19:31:43'),('read-usuarios','Permissão para ler informações dos usuários','2015-07-08 19:31:43','2015-07-08 19:31:43'),('write-chamada','Permissão para escrever na chamada','2015-07-08 19:31:43','2015-07-08 19:31:43');
/*!40000 ALTER TABLE `oauth_scopes` ENABLE KEYS */;
UNLOCK TABLES;

--
-- Dumping data for table `oauth_session_scopes`
--

LOCK TABLES `oauth_session_scopes` WRITE;
/*!40000 ALTER TABLE `oauth_session_scopes` DISABLE KEYS */;
/*!40000 ALTER TABLE `oauth_session_scopes` ENABLE KEYS */;
UNLOCK TABLES;

--
-- Dumping data for table `oauth_sessions`
--

LOCK TABLES `oauth_sessions` WRITE;
/*!40000 ALTER TABLE `oauth_sessions` DISABLE KEYS */;
/*!40000 ALTER TABLE `oauth_sessions` ENABLE KEYS */;
UNLOCK TABLES;

--
-- Dumping data for table `password_resets`
--

LOCK TABLES `password_resets` WRITE;
/*!40000 ALTER TABLE `password_resets` DISABLE KEYS */;
/*!40000 ALTER TABLE `password_resets` ENABLE KEYS */;
UNLOCK TABLES;

--
-- Dumping data for table `permission_role`
--

LOCK TABLES `permission_role` WRITE;
/*!40000 ALTER TABLE `permission_role` DISABLE KEYS */;
REPLACE INTO `permission_role` VALUES (33,1),(36,1),(33,2),(34,2),(35,2),(36,2),(37,2),(38,2),(39,2),(40,2),(41,2),(42,2),(46,2),(47,2),(48,2),(49,2),(62,2),(66,2),(70,2),(71,2),(76,2),(77,2),(1,3),(2,3),(3,3),(4,3),(5,3),(6,3),(7,3),(8,3),(9,3),(10,3),(11,3),(12,3),(13,3),(14,3),(15,3),(16,3),(17,3),(18,3),(19,3),(20,3),(21,3),(22,3),(23,3),(24,3),(25,3),(26,3),(27,3),(28,3),(29,3),(30,3),(31,3),(32,3),(43,3),(44,3),(45,3),(49,3),(50,3),(51,3),(52,3),(53,3),(54,3),(55,3),(56,3),(57,3),(58,3),(59,3),(60,3),(61,3),(63,3),(64,3),(65,3),(70,3),(71,3),(76,3),(77,3),(1,4),(2,4),(3,4),(4,4),(5,4),(6,4),(7,4),(8,4),(9,4),(10,4),(11,4),(12,4),(13,4),(14,4),(15,4),(16,4),(17,4),(18,4),(19,4),(20,4),(21,4),(22,4),(23,4),(24,4),(25,4),(26,4),(27,4),(28,4),(29,4),(30,4),(31,4),(32,4),(43,4),(44,4),(45,4),(50,4),(51,4),(52,4),(53,4),(54,4),(55,4),(56,4),(57,4),(58,4),(59,4),(60,4),(61,4),(63,4),(64,4),(65,4),(67,4),(68,4),(69,4),(70,4),(71,4),(72,4),(73,4),(74,4),(75,4),(76,4),(77,4);
/*!40000 ALTER TABLE `permission_role` ENABLE KEYS */;
UNLOCK TABLES;

--
-- Dumping data for table `permissions`
--

LOCK TABLES `permissions` WRITE;
/*!40000 ALTER TABLE `permissions` DISABLE KEYS */;
REPLACE INTO `permissions` VALUES (1,'create-aluno',NULL,NULL,'2015-07-08 19:31:45','2015-07-08 19:31:45'),(2,'edit-aluno',NULL,NULL,'2015-07-08 19:31:45','2015-07-08 19:31:45'),(3,'view-aluno',NULL,NULL,'2015-07-08 19:31:45','2015-07-08 19:31:45'),(4,'list-alunos',NULL,NULL,'2015-07-08 19:31:45','2015-07-08 19:31:45'),(5,'delete-aluno',NULL,NULL,'2015-07-08 19:31:45','2015-07-08 19:31:45'),(6,'create-professor',NULL,NULL,'2015-07-08 19:31:45','2015-07-08 19:31:45'),(7,'edit-professor',NULL,NULL,'2015-07-08 19:31:45','2015-07-08 19:31:45'),(8,'view-professor',NULL,NULL,'2015-07-08 19:31:45','2015-07-08 19:31:45'),(9,'delete-professor',NULL,NULL,'2015-07-08 19:31:46','2015-07-08 19:31:46'),(10,'list-professor',NULL,NULL,'2015-07-08 19:31:46','2015-07-08 19:31:46'),(11,'create-coordenador',NULL,NULL,'2015-07-08 19:31:46','2015-07-08 19:31:46'),(12,'edit-coordenador',NULL,NULL,'2015-07-08 19:31:46','2015-07-08 19:31:46'),(13,'view-coordenador',NULL,NULL,'2015-07-08 19:31:46','2015-07-08 19:31:46'),(14,'list-coordenador',NULL,NULL,'2015-07-08 19:31:46','2015-07-08 19:31:46'),(15,'create-unidade-curricular',NULL,NULL,'2015-07-08 19:31:46','2015-07-08 19:31:46'),(16,'edit-unidade-curricular',NULL,NULL,'2015-07-08 19:31:47','2015-07-08 19:31:47'),(17,'delete-unidade-curricular',NULL,NULL,'2015-07-08 19:31:47','2015-07-08 19:31:47'),(18,'view-unidade-curricular',NULL,NULL,'2015-07-08 19:31:47','2015-07-08 19:31:47'),(19,'list-unidade-curricular',NULL,NULL,'2015-07-08 19:31:47','2015-07-08 19:31:47'),(20,'create-turma',NULL,NULL,'2015-07-08 19:31:47','2015-07-08 19:31:47'),(21,'edit-turma',NULL,NULL,'2015-07-08 19:31:47','2015-07-08 19:31:47'),(22,'view-turma',NULL,NULL,'2015-07-08 19:31:47','2015-07-08 19:31:47'),(23,'delete-turma',NULL,NULL,'2015-07-08 19:31:47','2015-07-08 19:31:47'),(24,'list-turma',NULL,NULL,'2015-07-08 19:31:48','2015-07-08 19:31:48'),(25,'view-controle-faltas',NULL,NULL,'2015-07-08 19:31:48','2015-07-08 19:31:48'),(26,'create-aula',NULL,NULL,'2015-07-08 19:31:48','2015-07-08 19:31:48'),(27,'edit-aula',NULL,NULL,'2015-07-08 19:31:48','2015-07-08 19:31:48'),(28,'view-aula',NULL,NULL,'2015-07-08 19:31:48','2015-07-08 19:31:48'),(29,'delete-aula',NULL,NULL,'2015-07-08 19:31:48','2015-07-08 19:31:48'),(30,'list-aula',NULL,NULL,'2015-07-08 19:31:48','2015-07-08 19:31:48'),(31,'view-chamada',NULL,NULL,'2015-07-08 19:31:48','2015-07-08 19:31:48'),(32,'edit-chamada',NULL,NULL,'2015-07-08 19:31:48','2015-07-08 19:31:48'),(33,'view-own-turma',NULL,NULL,'2015-07-08 19:31:49','2015-07-08 19:31:49'),(34,'edit-own-turma',NULL,NULL,'2015-07-08 19:31:49','2015-07-08 19:31:49'),(35,'view-own-controle-faltas',NULL,NULL,'2015-07-08 19:31:49','2015-07-08 19:31:49'),(36,'view-own-aula',NULL,NULL,'2015-07-08 19:31:49','2015-07-08 19:31:49'),(37,'edit-own-aula',NULL,NULL,'2015-07-08 19:31:49','2015-07-08 19:31:49'),(38,'list-own-aulas',NULL,NULL,'2015-07-08 19:31:49','2015-07-08 19:31:49'),(39,'delete-own-aula',NULL,NULL,'2015-07-08 19:31:49','2015-07-08 19:31:49'),(40,'create-own-aula',NULL,NULL,'2015-07-08 19:31:49','2015-07-08 19:31:49'),(41,'view-own-chamada',NULL,NULL,'2015-07-08 19:31:49','2015-07-08 19:31:49'),(42,'edit-own-chamada',NULL,NULL,'2015-07-08 19:31:49','2015-07-08 19:31:49'),(43,'export-diario',NULL,NULL,'2015-07-08 19:31:49','2015-07-08 19:31:49'),(44,'send-diario',NULL,NULL,'2015-07-08 19:31:49','2015-07-08 19:31:49'),(45,'close-diario',NULL,NULL,'2015-07-08 19:31:49','2015-07-08 19:31:49'),(46,'export-own-diario',NULL,NULL,'2015-07-08 19:31:50','2015-07-08 19:31:50'),(47,'send-own-diario',NULL,NULL,'2015-07-08 19:31:50','2015-07-08 19:31:50'),(48,'close-own-diario',NULL,NULL,'2015-07-08 19:31:50','2015-07-08 19:31:50'),(49,'import-excel',NULL,NULL,'2015-07-08 19:31:50','2015-07-08 19:31:50'),(50,'create-curso',NULL,NULL,'2015-07-08 19:31:50','2015-07-08 19:31:50'),(51,'edit-curso',NULL,NULL,'2015-07-08 19:31:50','2015-07-08 19:31:50'),(52,'view-curso',NULL,NULL,'2015-07-08 19:31:50','2015-07-08 19:31:50'),(53,'delete-curso',NULL,NULL,'2015-07-08 19:31:50','2015-07-08 19:31:50'),(54,'list-cursos',NULL,NULL,'2015-07-08 19:31:50','2015-07-08 19:31:50'),(55,'attach-curso-uc',NULL,NULL,'2015-07-08 19:31:50','2015-07-08 19:31:50'),(56,'detach-curso-uc',NULL,NULL,'2015-07-08 19:31:50','2015-07-08 19:31:50'),(57,'list-cursos-uc',NULL,NULL,'2015-07-08 19:31:51','2015-07-08 19:31:51'),(58,'attach-aluno-turma',NULL,NULL,'2015-07-08 19:31:51','2015-07-08 19:31:51'),(59,'update-aluno-turma',NULL,NULL,'2015-07-08 19:31:51','2015-07-08 19:31:51'),(60,'detach-aluno-turma',NULL,NULL,'2015-07-08 19:31:51','2015-07-08 19:31:51'),(61,'list-alunos-turma',NULL,NULL,'2015-07-08 19:31:51','2015-07-08 19:31:51'),(62,'list-alunos-own-turma',NULL,NULL,'2015-07-08 19:31:51','2015-07-08 19:31:51'),(63,'attach-professor-turma',NULL,NULL,'2015-07-08 19:31:51','2015-07-08 19:31:51'),(64,'detach-professor-turma',NULL,NULL,'2015-07-08 19:31:51','2015-07-08 19:31:51'),(65,'list-professores-turma',NULL,NULL,'2015-07-08 19:31:52','2015-07-08 19:31:52'),(66,'list-professores-own-turma',NULL,NULL,'2015-07-08 19:31:52','2015-07-08 19:31:52'),(67,'create-ambiente',NULL,NULL,'2015-07-08 19:31:52','2015-07-08 19:31:52'),(68,'edit-ambiente',NULL,NULL,'2015-07-08 19:31:52','2015-07-08 19:31:52'),(69,'delete-ambiente',NULL,NULL,'2015-07-08 19:31:52','2015-07-08 19:31:52'),(70,'view-ambiente',NULL,NULL,'2015-07-08 19:31:52','2015-07-08 19:31:52'),(71,'list-ambientes',NULL,NULL,'2015-07-08 19:31:52','2015-07-08 19:31:52'),(72,'view-ambientes-page',NULL,NULL,'2015-07-08 19:31:52','2015-07-08 19:31:52'),(73,'create-tipo-ambiente',NULL,NULL,'2015-07-08 19:31:53','2015-07-08 19:31:53'),(74,'edit-tipo-ambiente',NULL,NULL,'2015-07-08 19:31:53','2015-07-08 19:31:53'),(75,'delete-tipo-ambiente',NULL,NULL,'2015-07-08 19:31:53','2015-07-08 19:31:53'),(76,'view-tipo-ambiente',NULL,NULL,'2015-07-08 19:31:53','2015-07-08 19:31:53'),(77,'list-tipos-ambiente',NULL,NULL,'2015-07-08 19:31:53','2015-07-08 19:31:53');
/*!40000 ALTER TABLE `permissions` ENABLE KEYS */;
UNLOCK TABLES;

--
-- Dumping data for table `professores`
--

LOCK TABLES `professores` WRITE;
/*!40000 ALTER TABLE `professores` DISABLE KEYS */;
REPLACE INTO `professores` VALUES (49,'2015-07-08 19:32:05','2015-07-08 19:32:05',2),(50,'2015-07-08 19:32:05','2015-07-08 19:32:05',2),(51,'2015-07-08 19:32:05','2015-07-08 19:32:05',2),(52,'2015-07-08 19:32:05','2015-07-08 19:32:05',3),(53,'2015-07-08 19:32:05','2015-07-08 19:32:05',2),(54,'2015-07-08 19:32:05','2015-07-08 19:32:05',5),(55,'2015-07-08 19:32:05','2015-07-08 19:32:05',1);
/*!40000 ALTER TABLE `professores` ENABLE KEYS */;
UNLOCK TABLES;

--
-- Dumping data for table `professores_turmas`
--

LOCK TABLES `professores_turmas` WRITE;
/*!40000 ALTER TABLE `professores_turmas` DISABLE KEYS */;
REPLACE INTO `professores_turmas` VALUES (49,2,'0000-00-00 00:00:00','0000-00-00 00:00:00'),(49,4,'0000-00-00 00:00:00','0000-00-00 00:00:00'),(49,5,'0000-00-00 00:00:00','0000-00-00 00:00:00'),(50,1,'0000-00-00 00:00:00','0000-00-00 00:00:00'),(50,3,'0000-00-00 00:00:00','0000-00-00 00:00:00'),(50,6,'0000-00-00 00:00:00','0000-00-00 00:00:00'),(51,1,'0000-00-00 00:00:00','0000-00-00 00:00:00');
/*!40000 ALTER TABLE `professores_turmas` ENABLE KEYS */;
UNLOCK TABLES;

--
-- Dumping data for table `role_user`
--

LOCK TABLES `role_user` WRITE;
/*!40000 ALTER TABLE `role_user` DISABLE KEYS */;
REPLACE INTO `role_user` VALUES (1,1),(2,1),(3,1),(4,1),(5,1),(6,1),(7,1),(8,1),(9,1),(10,1),(11,1),(12,1),(13,1),(14,1),(15,1),(16,1),(17,1),(18,1),(19,1),(20,1),(21,1),(22,1),(23,1),(24,1),(25,1),(26,1),(27,1),(28,1),(29,1),(30,1),(31,1),(32,1),(33,1),(34,1),(35,1),(36,1),(37,1),(38,1),(39,1),(40,1),(41,1),(42,1),(43,1),(44,1),(45,1),(46,1),(47,1),(48,1),(49,2),(50,2),(51,2),(52,2),(53,2),(54,2),(55,2),(49,3),(54,3),(55,3),(56,4);
/*!40000 ALTER TABLE `role_user` ENABLE KEYS */;
UNLOCK TABLES;

--
-- Dumping data for table `roles`
--

LOCK TABLES `roles` WRITE;
/*!40000 ALTER TABLE `roles` DISABLE KEYS */;
REPLACE INTO `roles` VALUES (1,'aluno','Aluno',NULL,'2015-07-08 19:31:45','2015-07-08 19:31:45'),(2,'professor','Professor',NULL,'2015-07-08 19:31:45','2015-07-08 19:31:45'),(3,'coordenador','Coordenador',NULL,'2015-07-08 19:31:45','2015-07-08 19:31:45'),(4,'admin','Administrador',NULL,'2015-07-08 19:31:45','2015-07-08 19:31:45');
/*!40000 ALTER TABLE `roles` ENABLE KEYS */;
UNLOCK TABLES;

--
-- Dumping data for table `status_diarios`
--

LOCK TABLES `status_diarios` WRITE;
/*!40000 ALTER TABLE `status_diarios` DISABLE KEYS */;
/*!40000 ALTER TABLE `status_diarios` ENABLE KEYS */;
UNLOCK TABLES;

--
-- Dumping data for table `tipos_ambiente`
--

LOCK TABLES `tipos_ambiente` WRITE;
/*!40000 ALTER TABLE `tipos_ambiente` DISABLE KEYS */;
REPLACE INTO `tipos_ambiente` VALUES (1,'sala de aula','2015-07-08 19:31:44','2015-07-08 19:31:44'),(2,'laboratório','2015-07-08 19:31:44','2015-07-08 19:31:44');
/*!40000 ALTER TABLE `tipos_ambiente` ENABLE KEYS */;
UNLOCK TABLES;

--
-- Dumping data for table `tipos_dispositivos_aluno`
--

LOCK TABLES `tipos_dispositivos_aluno` WRITE;
/*!40000 ALTER TABLE `tipos_dispositivos_aluno` DISABLE KEYS */;
REPLACE INTO `tipos_dispositivos_aluno` VALUES (1,'RFID Card','2015-07-08 19:32:03','2015-07-08 19:32:03');
/*!40000 ALTER TABLE `tipos_dispositivos_aluno` ENABLE KEYS */;
UNLOCK TABLES;

--
-- Dumping data for table `turmas`
--

LOCK TABLES `turmas` WRITE;
/*!40000 ALTER TABLE `turmas` DISABLE KEYS */;
REPLACE INTO `turmas` VALUES (1,'S032N','2015-02-19','2015-07-14',3,'2015-07-08 19:32:06','2015-07-08 19:32:06','Noite',1,'18:30:00','22:50:00'),(2,'S049','2014-07-31','2014-12-18',1,'2015-07-08 19:32:06','2015-07-08 19:32:06','Noite',2,'18:30:00','22:50:00'),(3,'S049N','2015-02-19','2015-07-14',1,'2015-07-08 19:32:06','2015-07-08 19:32:06','Noite',3,'18:30:00','22:50:00'),(4,'S075N','2014-07-31','2014-12-18',5,'2015-07-08 19:32:06','2015-07-08 19:32:06','Noite',4,'18:30:00','22:50:00'),(5,'S087N','2014-02-17','2014-07-15',2,'2015-07-08 19:32:06','2015-07-08 19:32:06','Noite',12,'18:30:00','22:50:00'),(6,'S091N','2015-02-19','2015-07-14',4,'2015-07-08 19:32:06','2015-07-08 19:32:06','Noite',11,'18:30:00','22:50:00');
/*!40000 ALTER TABLE `turmas` ENABLE KEYS */;
UNLOCK TABLES;

--
-- Dumping data for table `unidades_curriculares`
--

LOCK TABLES `unidades_curriculares` WRITE;
/*!40000 ALTER TABLE `unidades_curriculares` DISABLE KEYS */;
REPLACE INTO `unidades_curriculares` VALUES (1,'S049 - Modelagem de Banco de Dados',70,'S049','2015-07-08 19:32:05','2015-07-08 19:32:05'),(2,'S087- Sistemas Operacionais',70,'S087','2015-07-08 19:32:06','2015-07-08 19:32:06'),(3,'S032 - Fundamentos de Sistemas de Informação',70,'S032','2015-07-08 19:32:06','2015-07-08 19:32:06'),(4,'S091 - Técnicas de Programação',70,'S091','2015-07-08 19:32:06','2015-07-08 19:32:06'),(5,'S075 - Sistema de Gerenciamento de Banco de Dados',70,'S075','2015-07-08 19:32:06','2015-07-08 19:32:06');
/*!40000 ALTER TABLE `unidades_curriculares` ENABLE KEYS */;
UNLOCK TABLES;

--
-- Dumping data for table `usuarios`
--

LOCK TABLES `usuarios` WRITE;
/*!40000 ALTER TABLE `usuarios` DISABLE KEYS */;
REPLACE INTO `usuarios` VALUES (1,'15726','ABNER BORDA FONSECA','abner_borda_fonseca@gmail.com','$2y$10$Dlgo257ovmxAPmVI4oHwguPlHZIMeKbKn7ORg0SQdTkPLjEJG9puu',NULL,'2015-07-08 19:31:54','2015-07-08 19:31:54'),(2,'15722','ADRIAN RUBILAR LEMES CAETANO','adrian_rubilar_lemes_caetano@gmail.com','$2y$10$LpFJ3lsr9N/xnBp1sO3AZuEsI4X9Jfjm3umv/gSp98a07MfDQ6GEe',NULL,'2015-07-08 19:31:54','2015-07-08 19:31:54'),(3,'20569','ALEXANDRE GABIATTI VIEIRA','alexandre_gabiatti_vieira@gmail.com','$2y$10$Yi1ZrTpcbCPsyOmCZE1fgeKR.JdrGit0teeDN6Wp6JGokE5IVa4yK',NULL,'2015-07-08 19:31:54','2015-07-08 19:31:54'),(4,'16049','ALEXSANDRO GIOVANNI DA SILVA DIAS','alexsandro_giovanni_da_silva_dias@gmail.com','$2y$10$EdXxEYh59WKe/iQyCgqDtOA4I/tqMIH9Yyx1nGiSxu4KPA88Cek6i',NULL,'2015-07-08 19:31:54','2015-07-08 19:31:54'),(5,'20628','ANA CARLA MESSIAS DE MOURA','ana_carla_messias_de_moura@gmail.com','$2y$10$fMQcPF6gtytKoPH3kOsRbel6tdSMhksD3zakMWvSETb/YLxL4aulK',NULL,'2015-07-08 19:31:54','2015-07-08 19:31:54'),(6,'20531','ANGELO VICTOR ISRAEL MUNIZ','angelo_victor_israel_muniz@gmail.com','$2y$10$u2JXoTTF9wTPJKSImnFIOOZsHDsHTAy3od1SGRg0e0/F9L3xjRkJi',NULL,'2015-07-08 19:31:55','2015-07-08 19:31:55'),(7,'20579','BRUNO DA SILVA BRIXIUS','bruno_da_silva_brixius@gmail.com','$2y$10$2RSI5zevhkVG6KyUwcCxleFTQrjP0WRfC9QlLK/GgNNars18vR2Di',NULL,'2015-07-08 19:31:55','2015-07-08 19:31:55'),(8,'17486','CRISTIANO DE MOURA','cristiano_de_moura@gmail.com','$2y$10$MGUQOaoVlxTGCGyr5F00X.ZbleqnQoSJK1UBM2aM3HkyfGvObRVq2',NULL,'2015-07-08 19:31:55','2015-07-08 19:31:55'),(9,'20624','DANIEL OLIVEIRA RODRIGUES','daniel_oliveira_rodrigues@gmail.com','$2y$10$Ebkilwh2vzNp4DrJRT.HI.sKOG5bcDZLjjSK4fEmbqbiYJuMRJoPa',NULL,'2015-07-08 19:31:55','2015-07-08 19:31:55'),(10,'15717','DIONATA LEONEL MACHADO FERRAZ','dionata_leonel_machado_ferraz@gmail.com','$2y$10$KaYJ012MlPYeWU649pA6j.wiCKpIOiZaNp/TgaGmiDpr5TTjj3iYG',NULL,'2015-07-08 19:31:55','2015-07-08 19:31:55'),(11,'14186','DOUGLAS COSTA DA ROCHA','douglas_costa_da_rocha@gmail.com','$2y$10$/P5AJrtM8j4HCAfEEyH4b.psCe5DpQrncSfoN80RZbN.MzNOzFAtG',NULL,'2015-07-08 19:31:55','2015-07-08 19:31:55'),(12,'17509','FABIANO BORBA VIANA FEIJÓ','fabiano_borba_viana_feijÓ@gmail.com','$2y$10$kf7PvERfN/14CwhUZMW4O.iiSKEfniPKi.9DTLmA0PlDeYUyQIzcq',NULL,'2015-07-08 19:31:56','2015-07-08 19:31:56'),(13,'19024','FELIPE DA SILVA PACHECO','felipe_da_silva_pacheco@gmail.com','$2y$10$/2VQ23mggTZ6KIdClkIwRODwYyj/q4UUUuz.bujacOqkULX.ivA/W',NULL,'2015-07-08 19:31:56','2015-07-08 19:31:56'),(14,'19026','FERNANDO LEITE SZEZECINSKI','fernando_leite_szezecinski@gmail.com','$2y$10$j79IP9Ba8r5ZF6GMAolL5uIZx3OfuGGg0.9L/sJ1tRdbYHCIOJNxy',NULL,'2015-07-08 19:31:56','2015-07-08 19:31:56'),(15,'15639','GUILHERME PEREIRA SILVEIRA','guilherme_pereira_silveira@gmail.com','$2y$10$jVTn03SWFL4JjGbbrlsBB.PITE7OCJBfbiY.lvw/wsKP3WOp0l3QO',NULL,'2015-07-08 19:31:56','2015-07-08 19:31:56'),(16,'19020','LEONARDO GOMES MONTEIRO MIGUEIS CERQUEIRA','leonardo_gomes_monteiro_migueis_cerqueira@gmail.com','$2y$10$Jwd/YoD98ICVWPmbF1Ae7uY89rxA3ubQklmtsENMZOTyM43nBCPDW',NULL,'2015-07-08 19:31:56','2015-07-08 19:31:56'),(17,'8059','LOGAN OLIVEIRA LOUREIRO','logan_oliveira_loureiro@gmail.com','$2y$10$RI3Z/zRZfeCZMdqUX38AOuK5LxZKiu27ldB8eRbU1fA4drp.OBnDm',NULL,'2015-07-08 19:31:57','2015-07-08 19:31:57'),(18,'15701','NÍKOLAS MARTINS VARGAS','nÍkolas_martins_vargas@gmail.com','$2y$10$JBYXgi.h/C5uxKsztbkuCO1WRJ53z5h82h3IIi0TxwykUdyfbqmay',NULL,'2015-07-08 19:31:57','2015-07-08 19:31:57'),(19,'15719','PEDRO LUIZ SROCZYNSKI','pedro_luiz_sroczynski@gmail.com','$2y$10$f.i7DdAD.FQiy47.aQDYo.2ROI3JgC6XbanQYT.iQgoL8EEpKAcNa',NULL,'2015-07-08 19:31:57','2015-07-08 19:31:57'),(20,'13886','RAFAEL LOPES SANTOS','rafael_lopes_santos@gmail.com','$2y$10$kKEVh/4I6LxFuB.VJPdFZ.QjqKlW.6o9vev86SAzRin6NLwdl.5T.',NULL,'2015-07-08 19:31:57','2015-07-08 19:31:57'),(21,'17513','RENAN AGUIAR OLIVEIRA','renan_aguiar_oliveira@gmail.com','$2y$10$gBa0E7sM7LhiI/IU5lzid.dLN.e2ao478/SVKufxCNhzFp0XSfjRO',NULL,'2015-07-08 19:31:57','2015-07-08 19:31:57'),(22,'15737','STEFANI SILVA DE LIMA','stefani_silva_de_lima@gmail.com','$2y$10$miv6cmQjGShpzVk8KchAPOrI6tRgQdaAip3o7lhN6mwIdEEDPzyo6',NULL,'2015-07-08 19:31:58','2015-07-08 19:31:58'),(23,'20619','VITHOR SAMPAIO MARQUES','vithor_sampaio_marques@gmail.com','$2y$10$yqs64Yh0dY5pBz8Y9Q4SXOQSZ24MyjVP1xiF4dzf5N0yckR/TR20O',NULL,'2015-07-08 19:31:58','2015-07-08 19:31:58'),(24,'20580','VITOR DA SILVA BRIXIUS','vitor_da_silva_brixius@gmail.com','$2y$10$up9Qe//fkSXXfYQzuEbXVevELaUM1DQZysw7TvFVC6EtAJvw5.I2G',NULL,'2015-07-08 19:31:58','2015-07-08 19:31:58'),(25,'16102','WELLYNTON LOPES TOZON','wellynton_lopes_tozon@gmail.com','$2y$10$Y8SM9cy4CifA7kn.09PPNuaGdbYjrSxqZjtXeazaHPwbS6LABBmTO',NULL,'2015-07-08 19:31:58','2015-07-08 19:31:58'),(26,'20537','WILLIAN FERREIRA PEIXOTO','willian_ferreira_peixoto@gmail.com','$2y$10$NBFhiIstHZzmsC25WcA18eqhc7rCrQDmTg0XXbFJpPDXWwchs6j2S',NULL,'2015-07-08 19:31:58','2015-07-08 19:31:58'),(27,'20525','ALAN PINHEIRO DOS SANTOS','alan_pinheiro_dos_santos@gmail.com','$2y$10$zNTi.3xPPywvoaVx9mB.wOiTm/tBU.31QjjmPedqsKgeCBgPK7AtG',NULL,'2015-07-08 19:31:59','2015-07-08 19:31:59'),(28,'20565','ANDERSON GUIMARAES MACHADO','anderson_guimaraes_machado@gmail.com','$2y$10$wsVtm./1k6e1Y5K9lcoPaOODx6x/QdeIsFyLjTWMvfDI1kCUtcgd.',NULL,'2015-07-08 19:31:59','2015-07-08 19:31:59'),(29,'20635','ARTHUR HENRIQUE MENDES BERTE','arthur_henrique_mendes_berte@gmail.com','$2y$10$VBx90ty.twgxcPyJLzNm2uMZNHUrvopJrpfIEv/A.QP/afyaMvaMm',NULL,'2015-07-08 19:31:59','2015-07-08 19:31:59'),(30,'20532','CASSIO LANGLOIS MACHADO','cassio_langlois_machado@gmail.com','$2y$10$yiWwyNAUzZZwqoD7e6cV7.u/Yu6JIKoGCkut7RLdA8b9CdrAYyhqy',NULL,'2015-07-08 19:31:59','2015-07-08 19:31:59'),(31,'20562','DEIVIDI OLIVEIRA DA SILVA','deividi_oliveira_da_silva@gmail.com','$2y$10$9fuV/k45rpr0s.PJX.GFduaINCT7EOCqSn6/ACeoZucv6KUZ8D.a.',NULL,'2015-07-08 19:32:00','2015-07-08 19:32:00'),(32,'20529','FRANCISCO PEDRO FERNANDES ALMEIDA','francisco_pedro_fernandes_almeida@gmail.com','$2y$10$fS3a8HFaI9.cAllquZ9Q1uFQN9BtuZI2sA6xVwpTZJrtOTACx3lHa',NULL,'2015-07-08 19:32:00','2015-07-08 19:32:00'),(33,'5901','GABRIEL GONÇALVES STANOSKI','gabriel_gonÇalves_stanoski@gmail.com','$2y$10$YXy4SCelC3kviGJj.nXNv.VM3GquUq6LVq5gGkAruZwQah/kZXsHu',NULL,'2015-07-08 19:32:00','2015-07-08 19:32:00'),(34,'20566','GUILHERME DOS SANTOS SILVA','guilherme_dos_santos_silva@gmail.com','$2y$10$bN2gnize5didVNXWJA6J8OHUb32lMZqyGAX5JFNX0pvnSoDZ.bTxm',NULL,'2015-07-08 19:32:00','2015-07-08 19:32:00'),(35,'20522','JHONATAS DAVI DE SOUZA','jhonatas_davi_de_souza@gmail.com','$2y$10$t5uj9QOSVjHtsMFo3KKnJ.7OEcESslm8vQ9M5AUiayVY718vqqUkW',NULL,'2015-07-08 19:32:00','2015-07-08 19:32:00'),(36,'20570','LEONARDO NUNES','leonardo_nunes@gmail.com','$2y$10$2Q0bcFDG868/.H4oVewBRedBc0mL6/7lDgwfzFbvKWiAJvMS6vsK2',NULL,'2015-07-08 19:32:01','2015-07-08 19:32:01'),(37,'20519','LUCIANO GAMA MEDEIROS','luciano_gama_medeiros@gmail.com','$2y$10$gHaiVPiVF53Mxal21FoDu.B./O0Y.5ENtz7nCVovhNGGHQQfOO5O.',NULL,'2015-07-08 19:32:01','2015-07-08 19:32:01'),(38,'20512','LUIZ CARLOS TORRES DE CASTILHOS','luiz_carlos_torres_de_castilhos@gmail.com','$2y$10$.FxRRrP5unFiA4PrZYktLe2eIJ/B48IlcKLEToJ4aipbAkMRxbhvq',NULL,'2015-07-08 19:32:01','2015-07-08 19:32:01'),(39,'20505','RAFAEL CAMMARANO GUGLIELMI','rafael_cammarano_guglielmi@gmail.com','$2y$10$IrOuevmuV.LZ4zPkk/vbeuwidmjL.5rliPejoVWqlLLO2cQze1TZy',NULL,'2015-07-08 19:32:01','2015-07-08 19:32:01'),(40,'21365','BEATRICE VICTORIA FERNANDES','beatrice_victoria_fernandes@gmail.com','$2y$10$t0zGIEhs4e/LEttM5lHvluJUUb3yY2qrJ0c.oqxfdDneHAuTKv19e',NULL,'2015-07-08 19:32:01','2015-07-08 19:32:01'),(41,'21367','BRUNO PRATES BOFF','bruno_prates_boff@gmail.com','$2y$10$xMkvhmiVhYjcRrdZwhDO1u/mFGNat9O.o/zJ/MpqtfoekPDcIRlCW',NULL,'2015-07-08 19:32:02','2015-07-08 19:32:02'),(42,'258','FAGNER DAVID NUNES','fagner_david_nunes@gmail.com','$2y$10$5EW5Yo6pzGp97VW8bRVeZuSOKA2Y6d6h2OdACiNvVZKsR.LGUZTue',NULL,'2015-07-08 19:32:02','2015-07-08 19:32:02'),(43,'21391','FELIPE AMANCIO VIEIRA','felipe_amancio_vieira@gmail.com','$2y$10$ejA14vWdGLA49YXf4is5cuIiUC8DUjjjtOjExaQ297yVuIIK0U/mm',NULL,'2015-07-08 19:32:02','2015-07-08 19:32:02'),(44,'21364','GREGORY PITTOL BORIN','gregory_pittol_borin@gmail.com','$2y$10$A69pd1go2Cx63RB3Dz9aD.rE9rW6m8WmZfu74lolbpGsqG7wDZtPG',NULL,'2015-07-08 19:32:02','2015-07-08 19:32:02'),(45,'21393','GUILHERME NEUMANN','guilherme_neumann@gmail.com','$2y$10$jeD8X1L954Un2NZOQojHAe5.MMFCP1/bfoy29cPsej9B6ss5l3/GO',NULL,'2015-07-08 19:32:02','2015-07-08 19:32:02'),(46,'23090','JULIANO ANTÔNIO DA ROSA SOARES','juliano_antÔnio_da_rosa_soares@gmail.com','$2y$10$5YdgwYBzyvXfnzcsvL7j3eDzeo9DcLUcTkxswW88w1f3fp/xKwFg6',NULL,'2015-07-08 19:32:02','2015-07-08 19:32:02'),(47,'14216','ROBSON LUIS RAMOS','robson_luis_ramos@gmail.com','$2y$10$8Jybu.i5siiF/RDkAsHHmeOC8rDheP/.fsLKOY6TWhBV7CnvR9hku',NULL,'2015-07-08 19:32:03','2015-07-08 19:32:03'),(48,'23301','NATANIEL LEONAM  DA COSTA GOMES','nataniel_leonam__da_costa_gomes@gmail.com','$2y$10$qCdztjcA3oIR3N7kQgI46u9Wxeymdg/FHSIKPaEpppPmF5fPeZcFG',NULL,'2015-07-08 19:32:03','2015-07-08 19:32:03'),(49,'1234','Valderi R. Q. Leithardt','valderi_r._q._leithardt@gmail.com','$2y$10$uddy92octkssfMslu.Ocp.NIkAVOxCGheg9wD1LqCsfmxEZEMcj46',NULL,'2015-07-08 19:32:03','2015-07-08 19:32:03'),(50,'2345','Gustavo B. Brand','gustavo_b._brand@gmail.com','$2y$10$pH8Y7w.G6hGdgnLRLWN7N.gZC0iXXU8pphVtpYl/bCeOr/Bv8WQQO',NULL,'2015-07-08 19:32:03','2015-07-08 19:32:03'),(51,'3456','Dione Taschetto','dione_taschetto@gmail.com','$2y$10$QFni6Nz2WnE8jidlsjoZXOoXWRunzTuqb2Fnepsu3A6L1AedH9Aku',NULL,'2015-07-08 19:32:04','2015-07-08 19:32:04'),(52,'4567','Terezinha I. M.Torres','terezinha_i._m.torres@gmail.com','$2y$10$Kpvln37ReAjCzN/irdOZwOLMBbG8Pln8kimVQTF02/62ktXKgCyoi',NULL,'2015-07-08 19:32:04','2015-07-08 19:32:04'),(53,'5678','Guilherme Dal Bianco','guilherme_dal_bianco@gmail.com','$2y$10$s.f8VjYqgWP1a2AJjlnOXe/q10img34ZNKGwACnwNG8tJm6DaNS8i',NULL,'2015-07-08 19:32:04','2015-07-08 19:32:04'),(54,'7889','Leandro José Cassol','leandro_josé_cassol@gmail.com','$2y$10$hwCRZg1UydqR9qgBm0drCelxFKyslHCByR2DKOmvUEuH9hbQExLM.',NULL,'2015-07-08 19:32:04','2015-07-08 19:32:04'),(55,'4844','Alexandre Gaspary Haupt','alexandre_gaspary_haupt@gmail.com','$2y$10$qsf8ASfjanbsQG67/bIKBO3VqdYs3z0st0l5cdoGPIy9vFb6OLLTq',NULL,'2015-07-08 19:32:04','2015-07-08 19:32:04'),(56,'0000','Administrador','admin@sigai.org','$2y$10$HJQoh1CtQlUuzUuAqtmD/eClNxfOfqjV6ZyLRXfgonoNyTQjtO7Ii',NULL,'2015-07-08 19:32:04','2015-07-08 19:32:04');
/*!40000 ALTER TABLE `usuarios` ENABLE KEYS */;
UNLOCK TABLES;
/*!40103 SET TIME_ZONE=@OLD_TIME_ZONE */;

/*!40101 SET SQL_MODE=@OLD_SQL_MODE */;
/*!40014 SET FOREIGN_KEY_CHECKS=@OLD_FOREIGN_KEY_CHECKS */;
/*!40014 SET UNIQUE_CHECKS=@OLD_UNIQUE_CHECKS */;
/*!40101 SET CHARACTER_SET_CLIENT=@OLD_CHARACTER_SET_CLIENT */;
/*!40101 SET CHARACTER_SET_RESULTS=@OLD_CHARACTER_SET_RESULTS */;
/*!40101 SET COLLATION_CONNECTION=@OLD_COLLATION_CONNECTION */;
/*!40111 SET SQL_NOTES=@OLD_SQL_NOTES */;

-- Dump completed on 2015-07-08 13:33:49